country,kind,series_name,title,month,base_year,base_value,currency,value,scope_sections,source_url,is_placeholder,provenance_note,replace_with
SG,CPI,CPI-ALL,"Consumer Price Index, All Items",2022-01,2024,100.0,SGD,89.81,,https://tablebuilder.singstat.gov.sg/api/table/tabledata/M213751,false,"REAL. SingStat Table Builder table M213751, 'Consumer Price Index (CPI), 2024 As Base Year, Monthly', row 'All Items', publisher Singapore Department of Statistics. Consumer Price Index (CPI), 2024 As Base Year, Monthly; source data last updated 24/08/2026. Value taken as published, no transformation. Retrieved 2026-09-11.",
SG,CPI,CPI-ALL,"Consumer Price Index, All Items",2022-02,2024,100.0,SGD,90.59,,https://tablebuilder.singstat.gov.sg/api/table/tabledata/M213751,false,"REAL. SingStat Table Builder table M213751, 'Consumer Price Index (CPI), 2024 As Base Year, Monthly', row 'All Items', publisher Singapore Department of Statistics. Consumer Price Index (CPI), 2024 As Base Year, Monthly; source data last updated 24/08/2026. Value taken as published, no transformation. Retrieved 2026-09-11.",
SG,CPI,CPI-ALL,"Consumer Price Index, All Items",2022-03,2024,100.0,SGD,91.715,,https://tablebuilder.singstat.gov.sg/api/table/tabledata/M213751,false,"REAL. SingStat Table Builder table M213751, 'Consumer Price Index (CPI), 2024 As Base Year, Monthly', row 'All Items', publisher Singapore Department of Statistics. Consumer Price Index (CPI), 2024 As Base Year, Monthly; source data last updated 24/08/2026. Value taken as published, no transformation. Retrieved 2026-09-11.",
SG,CPI,CPI-ALL,"Consumer Price Index, All Items",2022-04,2024,100.0,SGD,91.594,,https://tablebuilder.singstat.gov.sg/api/table/tabledata/M213751,false,"REAL. SingStat Table Builder table M213751, 'Consumer Price Index (CPI), 2024 As Base Year, Monthly', row 'All Items', publisher Singapore Department of Statistics. Consumer Price Index (CPI), 2024 As Base Year, Monthly; source data last updated 24/08/2026. Value taken as published, no transformation. Retrieved 2026-09-11.",
SG,CPI,CPI-ALL,"Consumer Price Index, All Items",2022-05,2024,100.0,SGD,92.502,,https://tablebuilder.singstat.gov.sg/api/table/tabledata/M213751,false,"REAL. SingStat Table Builder table M213751, 'Consumer Price Index (CPI), 2024 As Base Year, Monthly', row 'All Items', publisher Singapore Department of Statistics. Consumer Price Index (CPI), 2024 As Base Year, Monthly; source data last updated 24/08/2026. Value taken as published, no transformation. Retrieved 2026-09-11.",
SG,CPI,CPI-ALL,"Consumer Price Index, All Items",2022-06,2024,100.0,SGD,93.423,,https://tablebuilder.singstat.gov.sg/api/table/tabledata/M213751,false,"REAL. SingStat Table Builder table M213751, 'Consumer Price Index (CPI), 2024 As Base Year, Monthly', row 'All Items', publisher Singapore Department of Statistics. Consumer Price Index (CPI), 2024 As Base Year, Monthly; source data last updated 24/08/2026. Value taken as published, no transformation. Retrieved 2026-09-11.",
SG,CPI,CPI-ALL,"Consumer Price Index, All Items",2022-07,2024,100.0,SGD,93.563,,https://tablebuilder.singstat.gov.sg/api/table/tabledata/M213751,false,"REAL. SingStat Table Builder table M213751, 'Consumer Price Index (CPI), 2024 As Base Year, Monthly', row 'All Items', publisher Singapore Department of Statistics. Consumer Price Index (CPI), 2024 As Base Year, Monthly; source data last updated 24/08/2026. Value taken as published, no transformation. Retrieved 2026-09-11.",
SG,CPI,CPI-ALL,"Consumer Price Index, All Items",2022-08,2024,100.0,SGD,94.445,,https://tablebuilder.singstat.gov.sg/api/table/tabledata/M213751,false,"REAL. SingStat Table Builder table M213751, 'Consumer Price Index (CPI), 2024 As Base Year, Monthly', row 'All Items', publisher Singapore Department of Statistics. Consumer Price Index (CPI), 2024 As Base Year, Monthly; source data last updated 24/08/2026. Value taken as published, no transformation. Retrieved 2026-09-11.",
SG,CPI,CPI-ALL,"Consumer Price Index, All Items",2022-09,2024,100.0,SGD,94.854,,https://tablebuilder.singstat.gov.sg/api/table/tabledata/M213751,false,"REAL. SingStat Table Builder table M213751, 'Consumer Price Index (CPI), 2024 As Base Year, Monthly', row 'All Items', publisher Singapore Department of Statistics. Consumer Price Index (CPI), 2024 As Base Year, Monthly; source data last updated 24/08/2026. Value taken as published, no transformation. Retrieved 2026-09-11.",
SG,CPI,CPI-ALL,"Consumer Price Index, All Items",2022-10,2024,100.0,SGD,94.475,,https://tablebuilder.singstat.gov.sg/api/table/tabledata/M213751,false,"REAL. SingStat Table Builder table M213751, 'Consumer Price Index (CPI), 2024 As Base Year, Monthly', row 'All Items', publisher Singapore Department of Statistics. Consumer Price Index (CPI), 2024 As Base Year, Monthly; source data last updated 24/08/2026. Value taken as published, no transformation. Retrieved 2026-09-11.",
SG,CPI,CPI-ALL,"Consumer Price Index, All Items",2022-11,2024,100.0,SGD,95.396,,https://tablebuilder.singstat.gov.sg/api/table/tabledata/M213751,false,"REAL. SingStat Table Builder table M213751, 'Consumer Price Index (CPI), 2024 As Base Year, Monthly', row 'All Items', publisher Singapore Department of Statistics. Consumer Price Index (CPI), 2024 As Base Year, Monthly; source data last updated 24/08/2026. Value taken as published, no transformation. Retrieved 2026-09-11.",
SG,CPI,CPI-ALL,"Consumer Price Index, All Items",2022-12,2024,100.0,SGD,95.591,,https://tablebuilder.singstat.gov.sg/api/table/tabledata/M213751,false,"REAL. SingStat Table Builder table M213751, 'Consumer Price Index (CPI), 2024 As Base Year, Monthly', row 'All Items', publisher Singapore Department of Statistics. Consumer Price Index (CPI), 2024 As Base Year, Monthly; source data last updated 24/08/2026. Value taken as published, no transformation. Retrieved 2026-09-11.",
SG,CPI,CPI-ALL,"Consumer Price Index, All Items",2023-01,2024,100.0,SGD,95.772,,https://tablebuilder.singstat.gov.sg/api/table/tabledata/M213751,false,"REAL. SingStat Table Builder table M213751, 'Consumer Price Index (CPI), 2024 As Base Year, Monthly', row 'All Items', publisher Singapore Department of Statistics. Consumer Price Index (CPI), 2024 As Base Year, Monthly; source data last updated 24/08/2026. Value taken as published, no transformation. Retrieved 2026-09-11.",
SG,CPI,CPI-ALL,"Consumer Price Index, All Items",2023-02,2024,100.0,SGD,96.308,,https://tablebuilder.singstat.gov.sg/api/table/tabledata/M213751,false,"REAL. SingStat Table Builder table M213751, 'Consumer Price Index (CPI), 2024 As Base Year, Monthly', row 'All Items', publisher Singapore Department of Statistics. Consumer Price Index (CPI), 2024 As Base Year, Monthly; source data last updated 24/08/2026. Value taken as published, no transformation. Retrieved 2026-09-11.",
SG,CPI,CPI-ALL,"Consumer Price Index, All Items",2023-03,2024,100.0,SGD,96.792,,https://tablebuilder.singstat.gov.sg/api/table/tabledata/M213751,false,"REAL. SingStat Table Builder table M213751, 'Consumer Price Index (CPI), 2024 As Base Year, Monthly', row 'All Items', publisher Singapore Department of Statistics. Consumer Price Index (CPI), 2024 As Base Year, Monthly; source data last updated 24/08/2026. Value taken as published, no transformation. Retrieved 2026-09-11.",
SG,CPI,CPI-ALL,"Consumer Price Index, All Items",2023-04,2024,100.0,SGD,96.869,,https://tablebuilder.singstat.gov.sg/api/table/tabledata/M213751,false,"REAL. SingStat Table Builder table M213751, 'Consumer Price Index (CPI), 2024 As Base Year, Monthly', row 'All Items', publisher Singapore Department of Statistics. Consumer Price Index (CPI), 2024 As Base Year, Monthly; source data last updated 24/08/2026. Value taken as published, no transformation. Retrieved 2026-09-11.",
SG,CPI,CPI-ALL,"Consumer Price Index, All Items",2023-05,2024,100.0,SGD,97.181,,https://tablebuilder.singstat.gov.sg/api/table/tabledata/M213751,false,"REAL. SingStat Table Builder table M213751, 'Consumer Price Index (CPI), 2024 As Base Year, Monthly', row 'All Items', publisher Singapore Department of Statistics. Consumer Price Index (CPI), 2024 As Base Year, Monthly; source data last updated 24/08/2026. Value taken as published, no transformation. Retrieved 2026-09-11.",
SG,CPI,CPI-ALL,"Consumer Price Index, All Items",2023-06,2024,100.0,SGD,97.645,,https://tablebuilder.singstat.gov.sg/api/table/tabledata/M213751,false,"REAL. SingStat Table Builder table M213751, 'Consumer Price Index (CPI), 2024 As Base Year, Monthly', row 'All Items', publisher Singapore Department of Statistics. Consumer Price Index (CPI), 2024 As Base Year, Monthly; source data last updated 24/08/2026. Value taken as published, no transformation. Retrieved 2026-09-11.",
SG,CPI,CPI-ALL,"Consumer Price Index, All Items",2023-07,2024,100.0,SGD,97.417,,https://tablebuilder.singstat.gov.sg/api/table/tabledata/M213751,false,"REAL. SingStat Table Builder table M213751, 'Consumer Price Index (CPI), 2024 As Base Year, Monthly', row 'All Items', publisher Singapore Department of Statistics. Consumer Price Index (CPI), 2024 As Base Year, Monthly; source data last updated 24/08/2026. Value taken as published, no transformation. Retrieved 2026-09-11.",
SG,CPI,CPI-ALL,"Consumer Price Index, All Items",2023-08,2024,100.0,SGD,98.278,,https://tablebuilder.singstat.gov.sg/api/table/tabledata/M213751,false,"REAL. SingStat Table Builder table M213751, 'Consumer Price Index (CPI), 2024 As Base Year, Monthly', row 'All Items', publisher Singapore Department of Statistics. Consumer Price Index (CPI), 2024 As Base Year, Monthly; source data last updated 24/08/2026. Value taken as published, no transformation. Retrieved 2026-09-11.",
SG,CPI,CPI-ALL,"Consumer Price Index, All Items",2023-09,2024,100.0,SGD,98.776,,https://tablebuilder.singstat.gov.sg/api/table/tabledata/M213751,false,"REAL. SingStat Table Builder table M213751, 'Consumer Price Index (CPI), 2024 As Base Year, Monthly', row 'All Items', publisher Singapore Department of Statistics. Consumer Price Index (CPI), 2024 As Base Year, Monthly; source data last updated 24/08/2026. Value taken as published, no transformation. Retrieved 2026-09-11.",
SG,CPI,CPI-ALL,"Consumer Price Index, All Items",2023-10,2024,100.0,SGD,98.974,,https://tablebuilder.singstat.gov.sg/api/table/tabledata/M213751,false,"REAL. SingStat Table Builder table M213751, 'Consumer Price Index (CPI), 2024 As Base Year, Monthly', row 'All Items', publisher Singapore Department of Statistics. Consumer Price Index (CPI), 2024 As Base Year, Monthly; source data last updated 24/08/2026. Value taken as published, no transformation. Retrieved 2026-09-11.",
SG,CPI,CPI-ALL,"Consumer Price Index, All Items",2023-11,2024,100.0,SGD,98.808,,https://tablebuilder.singstat.gov.sg/api/table/tabledata/M213751,false,"REAL. SingStat Table Builder table M213751, 'Consumer Price Index (CPI), 2024 As Base Year, Monthly', row 'All Items', publisher Singapore Department of Statistics. Consumer Price Index (CPI), 2024 As Base Year, Monthly; source data last updated 24/08/2026. Value taken as published, no transformation. Retrieved 2026-09-11.",
SG,CPI,CPI-ALL,"Consumer Price Index, All Items",2023-12,2024,100.0,SGD,99.177,,https://tablebuilder.singstat.gov.sg/api/table/tabledata/M213751,false,"REAL. SingStat Table Builder table M213751, 'Consumer Price Index (CPI), 2024 As Base Year, Monthly', row 'All Items', publisher Singapore Department of Statistics. Consumer Price Index (CPI), 2024 As Base Year, Monthly; source data last updated 24/08/2026. Value taken as published, no transformation. Retrieved 2026-09-11.",
SG,CPI,CPI-ALL,"Consumer Price Index, All Items",2024-01,2024,100.0,SGD,98.752,,https://tablebuilder.singstat.gov.sg/api/table/tabledata/M213751,false,"REAL. SingStat Table Builder table M213751, 'Consumer Price Index (CPI), 2024 As Base Year, Monthly', row 'All Items', publisher Singapore Department of Statistics. Consumer Price Index (CPI), 2024 As Base Year, Monthly; source data last updated 24/08/2026. Value taken as published, no transformation. Retrieved 2026-09-11.",
SG,CPI,CPI-ALL,"Consumer Price Index, All Items",2024-02,2024,100.0,SGD,99.755,,https://tablebuilder.singstat.gov.sg/api/table/tabledata/M213751,false,"REAL. SingStat Table Builder table M213751, 'Consumer Price Index (CPI), 2024 As Base Year, Monthly', row 'All Items', publisher Singapore Department of Statistics. Consumer Price Index (CPI), 2024 As Base Year, Monthly; source data last updated 24/08/2026. Value taken as published, no transformation. Retrieved 2026-09-11.",
SG,CPI,CPI-ALL,"Consumer Price Index, All Items",2024-03,2024,100.0,SGD,99.712,,https://tablebuilder.singstat.gov.sg/api/table/tabledata/M213751,false,"REAL. SingStat Table Builder table M213751, 'Consumer Price Index (CPI), 2024 As Base Year, Monthly', row 'All Items', publisher Singapore Department of Statistics. Consumer Price Index (CPI), 2024 As Base Year, Monthly; source data last updated 24/08/2026. Value taken as published, no transformation. Retrieved 2026-09-11.",
SG,CPI,CPI-ALL,"Consumer Price Index, All Items",2024-04,2024,100.0,SGD,99.426,,https://tablebuilder.singstat.gov.sg/api/table/tabledata/M213751,false,"REAL. SingStat Table Builder table M213751, 'Consumer Price Index (CPI), 2024 As Base Year, Monthly', row 'All Items', publisher Singapore Department of Statistics. Consumer Price Index (CPI), 2024 As Base Year, Monthly; source data last updated 24/08/2026. Value taken as published, no transformation. Retrieved 2026-09-11.",
SG,CPI,CPI-ALL,"Consumer Price Index, All Items",2024-05,2024,100.0,SGD,100.209,,https://tablebuilder.singstat.gov.sg/api/table/tabledata/M213751,false,"REAL. SingStat Table Builder table M213751, 'Consumer Price Index (CPI), 2024 As Base Year, Monthly', row 'All Items', publisher Singapore Department of Statistics. Consumer Price Index (CPI), 2024 As Base Year, Monthly; source data last updated 24/08/2026. Value taken as published, no transformation. Retrieved 2026-09-11.",
SG,CPI,CPI-ALL,"Consumer Price Index, All Items",2024-06,2024,100.0,SGD,100.104,,https://tablebuilder.singstat.gov.sg/api/table/tabledata/M213751,false,"REAL. SingStat Table Builder table M213751, 'Consumer Price Index (CPI), 2024 As Base Year, Monthly', row 'All Items', publisher Singapore Department of Statistics. Consumer Price Index (CPI), 2024 As Base Year, Monthly; source data last updated 24/08/2026. Value taken as published, no transformation. Retrieved 2026-09-11.",
SG,CPI,CPI-ALL,"Consumer Price Index, All Items",2024-07,2024,100.0,SGD,99.818,,https://tablebuilder.singstat.gov.sg/api/table/tabledata/M213751,false,"REAL. SingStat Table Builder table M213751, 'Consumer Price Index (CPI), 2024 As Base Year, Monthly', row 'All Items', publisher Singapore Department of Statistics. Consumer Price Index (CPI), 2024 As Base Year, Monthly; source data last updated 24/08/2026. Value taken as published, no transformation. Retrieved 2026-09-11.",
SG,CPI,CPI-ALL,"Consumer Price Index, All Items",2024-08,2024,100.0,SGD,100.414,,https://tablebuilder.singstat.gov.sg/api/table/tabledata/M213751,false,"REAL. SingStat Table Builder table M213751, 'Consumer Price Index (CPI), 2024 As Base Year, Monthly', row 'All Items', publisher Singapore Department of Statistics. Consumer Price Index (CPI), 2024 As Base Year, Monthly; source data last updated 24/08/2026. Value taken as published, no transformation. Retrieved 2026-09-11.",
SG,CPI,CPI-ALL,"Consumer Price Index, All Items",2024-09,2024,100.0,SGD,100.645,,https://tablebuilder.singstat.gov.sg/api/table/tabledata/M213751,false,"REAL. SingStat Table Builder table M213751, 'Consumer Price Index (CPI), 2024 As Base Year, Monthly', row 'All Items', publisher Singapore Department of Statistics. Consumer Price Index (CPI), 2024 As Base Year, Monthly; source data last updated 24/08/2026. Value taken as published, no transformation. Retrieved 2026-09-11.",
SG,CPI,CPI-ALL,"Consumer Price Index, All Items",2024-10,2024,100.0,SGD,100.119,,https://tablebuilder.singstat.gov.sg/api/table/tabledata/M213751,false,"REAL. SingStat Table Builder table M213751, 'Consumer Price Index (CPI), 2024 As Base Year, Monthly', row 'All Items', publisher Singapore Department of Statistics. Consumer Price Index (CPI), 2024 As Base Year, Monthly; source data last updated 24/08/2026. Value taken as published, no transformation. Retrieved 2026-09-11.",
SG,CPI,CPI-ALL,"Consumer Price Index, All Items",2024-11,2024,100.0,SGD,100.387,,https://tablebuilder.singstat.gov.sg/api/table/tabledata/M213751,false,"REAL. SingStat Table Builder table M213751, 'Consumer Price Index (CPI), 2024 As Base Year, Monthly', row 'All Items', publisher Singapore Department of Statistics. Consumer Price Index (CPI), 2024 As Base Year, Monthly; source data last updated 24/08/2026. Value taken as published, no transformation. Retrieved 2026-09-11.",
SG,CPI,CPI-ALL,"Consumer Price Index, All Items",2024-12,2024,100.0,SGD,100.661,,https://tablebuilder.singstat.gov.sg/api/table/tabledata/M213751,false,"REAL. SingStat Table Builder table M213751, 'Consumer Price Index (CPI), 2024 As Base Year, Monthly', row 'All Items', publisher Singapore Department of Statistics. Consumer Price Index (CPI), 2024 As Base Year, Monthly; source data last updated 24/08/2026. Value taken as published, no transformation. Retrieved 2026-09-11.",
SG,CPI,CPI-ALL,"Consumer Price Index, All Items",2025-01,2024,100.0,SGD,99.908,,https://tablebuilder.singstat.gov.sg/api/table/tabledata/M213751,false,"REAL. SingStat Table Builder table M213751, 'Consumer Price Index (CPI), 2024 As Base Year, Monthly', row 'All Items', publisher Singapore Department of Statistics. Consumer Price Index (CPI), 2024 As Base Year, Monthly; source data last updated 24/08/2026. Value taken as published, no transformation. Retrieved 2026-09-11.",
SG,CPI,CPI-ALL,"Consumer Price Index, All Items",2025-02,2024,100.0,SGD,100.677,,https://tablebuilder.singstat.gov.sg/api/table/tabledata/M213751,false,"REAL. SingStat Table Builder table M213751, 'Consumer Price Index (CPI), 2024 As Base Year, Monthly', row 'All Items', publisher Singapore Department of Statistics. Consumer Price Index (CPI), 2024 As Base Year, Monthly; source data last updated 24/08/2026. Value taken as published, no transformation. Retrieved 2026-09-11.",
SG,CPI,CPI-ALL,"Consumer Price Index, All Items",2025-03,2024,100.0,SGD,100.599,,https://tablebuilder.singstat.gov.sg/api/table/tabledata/M213751,false,"REAL. SingStat Table Builder table M213751, 'Consumer Price Index (CPI), 2024 As Base Year, Monthly', row 'All Items', publisher Singapore Department of Statistics. Consumer Price Index (CPI), 2024 As Base Year, Monthly; source data last updated 24/08/2026. Value taken as published, no transformation. Retrieved 2026-09-11.",
SG,CPI,CPI-ALL,"Consumer Price Index, All Items",2025-04,2024,100.0,SGD,100.283,,https://tablebuilder.singstat.gov.sg/api/table/tabledata/M213751,false,"REAL. SingStat Table Builder table M213751, 'Consumer Price Index (CPI), 2024 As Base Year, Monthly', row 'All Items', publisher Singapore Department of Statistics. Consumer Price Index (CPI), 2024 As Base Year, Monthly; source data last updated 24/08/2026. Value taken as published, no transformation. Retrieved 2026-09-11.",
SG,CPI,CPI-ALL,"Consumer Price Index, All Items",2025-05,2024,100.0,SGD,100.978,,https://tablebuilder.singstat.gov.sg/api/table/tabledata/M213751,false,"REAL. SingStat Table Builder table M213751, 'Consumer Price Index (CPI), 2024 As Base Year, Monthly', row 'All Items', publisher Singapore Department of Statistics. Consumer Price Index (CPI), 2024 As Base Year, Monthly; source data last updated 24/08/2026. Value taken as published, no transformation. Retrieved 2026-09-11.",
SG,CPI,CPI-ALL,"Consumer Price Index, All Items",2025-06,2024,100.0,SGD,100.9,,https://tablebuilder.singstat.gov.sg/api/table/tabledata/M213751,false,"REAL. SingStat Table Builder table M213751, 'Consumer Price Index (CPI), 2024 As Base Year, Monthly', row 'All Items', publisher Singapore Department of Statistics. Consumer Price Index (CPI), 2024 As Base Year, Monthly; source data last updated 24/08/2026. Value taken as published, no transformation. Retrieved 2026-09-11.",
SG,CPI,CPI-ALL,"Consumer Price Index, All Items",2025-07,2024,100.0,SGD,100.447,,https://tablebuilder.singstat.gov.sg/api/table/tabledata/M213751,false,"REAL. SingStat Table Builder table M213751, 'Consumer Price Index (CPI), 2024 As Base Year, Monthly', row 'All Items', publisher Singapore Department of Statistics. Consumer Price Index (CPI), 2024 As Base Year, Monthly; source data last updated 24/08/2026. Value taken as published, no transformation. Retrieved 2026-09-11.",
SG,CPI,CPI-ALL,"Consumer Price Index, All Items",2025-08,2024,100.0,SGD,100.963,,https://tablebuilder.singstat.gov.sg/api/table/tabledata/M213751,false,"REAL. SingStat Table Builder table M213751, 'Consumer Price Index (CPI), 2024 As Base Year, Monthly', row 'All Items', publisher Singapore Department of Statistics. Consumer Price Index (CPI), 2024 As Base Year, Monthly; source data last updated 24/08/2026. Value taken as published, no transformation. Retrieved 2026-09-11.",
SG,CPI,CPI-ALL,"Consumer Price Index, All Items",2025-09,2024,100.0,SGD,101.32,,https://tablebuilder.singstat.gov.sg/api/table/tabledata/M213751,false,"REAL. SingStat Table Builder table M213751, 'Consumer Price Index (CPI), 2024 As Base Year, Monthly', row 'All Items', publisher Singapore Department of Statistics. Consumer Price Index (CPI), 2024 As Base Year, Monthly; source data last updated 24/08/2026. Value taken as published, no transformation. Retrieved 2026-09-11.",
SG,CPI,CPI-ALL,"Consumer Price Index, All Items",2025-10,2024,100.0,SGD,101.33,,https://tablebuilder.singstat.gov.sg/api/table/tabledata/M213751,false,"REAL. SingStat Table Builder table M213751, 'Consumer Price Index (CPI), 2024 As Base Year, Monthly', row 'All Items', publisher Singapore Department of Statistics. Consumer Price Index (CPI), 2024 As Base Year, Monthly; source data last updated 24/08/2026. Value taken as published, no transformation. Retrieved 2026-09-11.",
SG,CPI,CPI-ALL,"Consumer Price Index, All Items",2025-11,2024,100.0,SGD,101.579,,https://tablebuilder.singstat.gov.sg/api/table/tabledata/M213751,false,"REAL. SingStat Table Builder table M213751, 'Consumer Price Index (CPI), 2024 As Base Year, Monthly', row 'All Items', publisher Singapore Department of Statistics. Consumer Price Index (CPI), 2024 As Base Year, Monthly; source data last updated 24/08/2026. Value taken as published, no transformation. Retrieved 2026-09-11.",
SG,CPI,CPI-ALL,"Consumer Price Index, All Items",2025-12,2024,100.0,SGD,101.854,,https://tablebuilder.singstat.gov.sg/api/table/tabledata/M213751,false,"REAL. SingStat Table Builder table M213751, 'Consumer Price Index (CPI), 2024 As Base Year, Monthly', row 'All Items', publisher Singapore Department of Statistics. Consumer Price Index (CPI), 2024 As Base Year, Monthly; source data last updated 24/08/2026. Value taken as published, no transformation. Retrieved 2026-09-11.",
SG,CPI,CPI-ALL,"Consumer Price Index, All Items",2026-01,2024,100.0,SGD,101.333,,https://tablebuilder.singstat.gov.sg/api/table/tabledata/M213751,false,"REAL. SingStat Table Builder table M213751, 'Consumer Price Index (CPI), 2024 As Base Year, Monthly', row 'All Items', publisher Singapore Department of Statistics. Consumer Price Index (CPI), 2024 As Base Year, Monthly; source data last updated 24/08/2026. Value taken as published, no transformation. Retrieved 2026-09-11.",
SG,CPI,CPI-ALL,"Consumer Price Index, All Items",2026-02,2024,100.0,SGD,101.918,,https://tablebuilder.singstat.gov.sg/api/table/tabledata/M213751,false,"REAL. SingStat Table Builder table M213751, 'Consumer Price Index (CPI), 2024 As Base Year, Monthly', row 'All Items', publisher Singapore Department of Statistics. Consumer Price Index (CPI), 2024 As Base Year, Monthly; source data last updated 24/08/2026. Value taken as published, no transformation. Retrieved 2026-09-11.",
SG,CPI,CPI-ALL,"Consumer Price Index, All Items",2026-03,2024,100.0,SGD,102.405,,https://tablebuilder.singstat.gov.sg/api/table/tabledata/M213751,false,"REAL. SingStat Table Builder table M213751, 'Consumer Price Index (CPI), 2024 As Base Year, Monthly', row 'All Items', publisher Singapore Department of Statistics. Consumer Price Index (CPI), 2024 As Base Year, Monthly; source data last updated 24/08/2026. Value taken as published, no transformation. Retrieved 2026-09-11.",
SG,CPI,CPI-ALL,"Consumer Price Index, All Items",2026-04,2024,100.0,SGD,102.052,,https://tablebuilder.singstat.gov.sg/api/table/tabledata/M213751,false,"REAL. SingStat Table Builder table M213751, 'Consumer Price Index (CPI), 2024 As Base Year, Monthly', row 'All Items', publisher Singapore Department of Statistics. Consumer Price Index (CPI), 2024 As Base Year, Monthly; source data last updated 24/08/2026. Value taken as published, no transformation. Retrieved 2026-09-11.",
SG,CPI,CPI-ALL,"Consumer Price Index, All Items",2026-05,2024,100.0,SGD,102.814,,https://tablebuilder.singstat.gov.sg/api/table/tabledata/M213751,false,"REAL. SingStat Table Builder table M213751, 'Consumer Price Index (CPI), 2024 As Base Year, Monthly', row 'All Items', publisher Singapore Department of Statistics. Consumer Price Index (CPI), 2024 As Base Year, Monthly; source data last updated 24/08/2026. Value taken as published, no transformation. Retrieved 2026-09-11.",
SG,CPI,CPI-ALL,"Consumer Price Index, All Items",2026-06,2024,100.0,SGD,102.858,,https://tablebuilder.singstat.gov.sg/api/table/tabledata/M213751,false,"REAL. SingStat Table Builder table M213751, 'Consumer Price Index (CPI), 2024 As Base Year, Monthly', row 'All Items', publisher Singapore Department of Statistics. Consumer Price Index (CPI), 2024 As Base Year, Monthly; source data last updated 24/08/2026. Value taken as published, no transformation. Retrieved 2026-09-11.",
SG,CPI,CPI-ALL,"Consumer Price Index, All Items",2026-07,2024,100.0,SGD,102.696,,https://tablebuilder.singstat.gov.sg/api/table/tabledata/M213751,false,"REAL. SingStat Table Builder table M213751, 'Consumer Price Index (CPI), 2024 As Base Year, Monthly', row 'All Items', publisher Singapore Department of Statistics. Consumer Price Index (CPI), 2024 As Base Year, Monthly; source data last updated 24/08/2026. Value taken as published, no transformation. Retrieved 2026-09-11.",
IN,CPI,CPI-ALL,"Consumer Price Index, All Items",2023-01,2024,100.0,INR,93.0,,https://api.mospi.gov.in/api/cpi/getCPIData?base_year=2024&year=<YEAR>&month_code=<MONTH>&limit=100&page=1&sector_code=3,false,"REAL. Consumer Price Index, Combined (rural + urban), All-India General index, base 2024 = 100, published monthly by the Ministry of Statistics and Programme Implementation / National Statistical Office, Government of India (eSankhyiki API, sector Combined, state All India). Value taken as published, no transformation. Retrieved 2026-09-11. These months are the publisher's own BACK-CAST series on this base (`series=Back` from the same API), not a rescaled older series, so they are published values.",
IN,CPI,CPI-ALL,"Consumer Price Index, All Items",2023-02,2024,100.0,INR,93.1,,https://api.mospi.gov.in/api/cpi/getCPIData?base_year=2024&year=<YEAR>&month_code=<MONTH>&limit=100&page=1&sector_code=3,false,"REAL. Consumer Price Index, Combined (rural + urban), All-India General index, base 2024 = 100, published monthly by the Ministry of Statistics and Programme Implementation / National Statistical Office, Government of India (eSankhyiki API, sector Combined, state All India). Value taken as published, no transformation. Retrieved 2026-09-11. These months are the publisher's own BACK-CAST series on this base (`series=Back` from the same API), not a rescaled older series, so they are published values.",
IN,CPI,CPI-ALL,"Consumer Price Index, All Items",2023-03,2024,100.0,INR,93.3,,https://api.mospi.gov.in/api/cpi/getCPIData?base_year=2024&year=<YEAR>&month_code=<MONTH>&limit=100&page=1&sector_code=3,false,"REAL. Consumer Price Index, Combined (rural + urban), All-India General index, base 2024 = 100, published monthly by the Ministry of Statistics and Programme Implementation / National Statistical Office, Government of India (eSankhyiki API, sector Combined, state All India). Value taken as published, no transformation. Retrieved 2026-09-11. These months are the publisher's own BACK-CAST series on this base (`series=Back` from the same API), not a rescaled older series, so they are published values.",
IN,CPI,CPI-ALL,"Consumer Price Index, All Items",2023-04,2024,100.0,INR,93.8,,https://api.mospi.gov.in/api/cpi/getCPIData?base_year=2024&year=<YEAR>&month_code=<MONTH>&limit=100&page=1&sector_code=3,false,"REAL. Consumer Price Index, Combined (rural + urban), All-India General index, base 2024 = 100, published monthly by the Ministry of Statistics and Programme Implementation / National Statistical Office, Government of India (eSankhyiki API, sector Combined, state All India). Value taken as published, no transformation. Retrieved 2026-09-11. These months are the publisher's own BACK-CAST series on this base (`series=Back` from the same API), not a rescaled older series, so they are published values.",
IN,CPI,CPI-ALL,"Consumer Price Index, All Items",2023-05,2024,100.0,INR,94.3,,https://api.mospi.gov.in/api/cpi/getCPIData?base_year=2024&year=<YEAR>&month_code=<MONTH>&limit=100&page=1&sector_code=3,false,"REAL. Consumer Price Index, Combined (rural + urban), All-India General index, base 2024 = 100, published monthly by the Ministry of Statistics and Programme Implementation / National Statistical Office, Government of India (eSankhyiki API, sector Combined, state All India). Value taken as published, no transformation. Retrieved 2026-09-11. These months are the publisher's own BACK-CAST series on this base (`series=Back` from the same API), not a rescaled older series, so they are published values.",
IN,CPI,CPI-ALL,"Consumer Price Index, All Items",2023-06,2024,100.0,INR,95.3,,https://api.mospi.gov.in/api/cpi/getCPIData?base_year=2024&year=<YEAR>&month_code=<MONTH>&limit=100&page=1&sector_code=3,false,"REAL. Consumer Price Index, Combined (rural + urban), All-India General index, base 2024 = 100, published monthly by the Ministry of Statistics and Programme Implementation / National Statistical Office, Government of India (eSankhyiki API, sector Combined, state All India). Value taken as published, no transformation. Retrieved 2026-09-11. These months are the publisher's own BACK-CAST series on this base (`series=Back` from the same API), not a rescaled older series, so they are published values.",
IN,CPI,CPI-ALL,"Consumer Price Index, All Items",2023-07,2024,100.0,INR,98.1,,https://api.mospi.gov.in/api/cpi/getCPIData?base_year=2024&year=<YEAR>&month_code=<MONTH>&limit=100&page=1&sector_code=3,false,"REAL. Consumer Price Index, Combined (rural + urban), All-India General index, base 2024 = 100, published monthly by the Ministry of Statistics and Programme Implementation / National Statistical Office, Government of India (eSankhyiki API, sector Combined, state All India). Value taken as published, no transformation. Retrieved 2026-09-11. These months are the publisher's own BACK-CAST series on this base (`series=Back` from the same API), not a rescaled older series, so they are published values.",
IN,CPI,CPI-ALL,"Consumer Price Index, All Items",2023-08,2024,100.0,INR,98.1,,https://api.mospi.gov.in/api/cpi/getCPIData?base_year=2024&year=<YEAR>&month_code=<MONTH>&limit=100&page=1&sector_code=3,false,"REAL. Consumer Price Index, Combined (rural + urban), All-India General index, base 2024 = 100, published monthly by the Ministry of Statistics and Programme Implementation / National Statistical Office, Government of India (eSankhyiki API, sector Combined, state All India). Value taken as published, no transformation. Retrieved 2026-09-11. These months are the publisher's own BACK-CAST series on this base (`series=Back` from the same API), not a rescaled older series, so they are published values.",
IN,CPI,CPI-ALL,"Consumer Price Index, All Items",2023-09,2024,100.0,INR,97.0,,https://api.mospi.gov.in/api/cpi/getCPIData?base_year=2024&year=<YEAR>&month_code=<MONTH>&limit=100&page=1&sector_code=3,false,"REAL. Consumer Price Index, Combined (rural + urban), All-India General index, base 2024 = 100, published monthly by the Ministry of Statistics and Programme Implementation / National Statistical Office, Government of India (eSankhyiki API, sector Combined, state All India). Value taken as published, no transformation. Retrieved 2026-09-11. These months are the publisher's own BACK-CAST series on this base (`series=Back` from the same API), not a rescaled older series, so they are published values.",
IN,CPI,CPI-ALL,"Consumer Price Index, All Items",2023-10,2024,100.0,INR,97.6,,https://api.mospi.gov.in/api/cpi/getCPIData?base_year=2024&year=<YEAR>&month_code=<MONTH>&limit=100&page=1&sector_code=3,false,"REAL. Consumer Price Index, Combined (rural + urban), All-India General index, base 2024 = 100, published monthly by the Ministry of Statistics and Programme Implementation / National Statistical Office, Government of India (eSankhyiki API, sector Combined, state All India). Value taken as published, no transformation. Retrieved 2026-09-11. These months are the publisher's own BACK-CAST series on this base (`series=Back` from the same API), not a rescaled older series, so they are published values.",
IN,CPI,CPI-ALL,"Consumer Price Index, All Items",2023-11,2024,100.0,INR,98.1,,https://api.mospi.gov.in/api/cpi/getCPIData?base_year=2024&year=<YEAR>&month_code=<MONTH>&limit=100&page=1&sector_code=3,false,"REAL. Consumer Price Index, Combined (rural + urban), All-India General index, base 2024 = 100, published monthly by the Ministry of Statistics and Programme Implementation / National Statistical Office, Government of India (eSankhyiki API, sector Combined, state All India). Value taken as published, no transformation. Retrieved 2026-09-11. These months are the publisher's own BACK-CAST series on this base (`series=Back` from the same API), not a rescaled older series, so they are published values.",
IN,CPI,CPI-ALL,"Consumer Price Index, All Items",2023-12,2024,100.0,INR,97.8,,https://api.mospi.gov.in/api/cpi/getCPIData?base_year=2024&year=<YEAR>&month_code=<MONTH>&limit=100&page=1&sector_code=3,false,"REAL. Consumer Price Index, Combined (rural + urban), All-India General index, base 2024 = 100, published monthly by the Ministry of Statistics and Programme Implementation / National Statistical Office, Government of India (eSankhyiki API, sector Combined, state All India). Value taken as published, no transformation. Retrieved 2026-09-11. These months are the publisher's own BACK-CAST series on this base (`series=Back` from the same API), not a rescaled older series, so they are published values.",
IN,CPI,CPI-ALL,"Consumer Price Index, All Items",2024-01,2024,100.0,INR,97.7,,https://api.mospi.gov.in/api/cpi/getCPIData?base_year=2024&year=<YEAR>&month_code=<MONTH>&limit=100&page=1&sector_code=3,false,"REAL. Consumer Price Index, Combined (rural + urban), All-India General index, base 2024 = 100, published monthly by the Ministry of Statistics and Programme Implementation / National Statistical Office, Government of India (eSankhyiki API, sector Combined, state All India). Value taken as published, no transformation. Retrieved 2026-09-11. These months are the publisher's own BACK-CAST series on this base (`series=Back` from the same API), not a rescaled older series, so they are published values.",
IN,CPI,CPI-ALL,"Consumer Price Index, All Items",2024-02,2024,100.0,INR,97.9,,https://api.mospi.gov.in/api/cpi/getCPIData?base_year=2024&year=<YEAR>&month_code=<MONTH>&limit=100&page=1&sector_code=3,false,"REAL. Consumer Price Index, Combined (rural + urban), All-India General index, base 2024 = 100, published monthly by the Ministry of Statistics and Programme Implementation / National Statistical Office, Government of India (eSankhyiki API, sector Combined, state All India). Value taken as published, no transformation. Retrieved 2026-09-11. These months are the publisher's own BACK-CAST series on this base (`series=Back` from the same API), not a rescaled older series, so they are published values.",
IN,CPI,CPI-ALL,"Consumer Price Index, All Items",2024-03,2024,100.0,INR,97.9,,https://api.mospi.gov.in/api/cpi/getCPIData?base_year=2024&year=<YEAR>&month_code=<MONTH>&limit=100&page=1&sector_code=3,false,"REAL. Consumer Price Index, Combined (rural + urban), All-India General index, base 2024 = 100, published monthly by the Ministry of Statistics and Programme Implementation / National Statistical Office, Government of India (eSankhyiki API, sector Combined, state All India). Value taken as published, no transformation. Retrieved 2026-09-11. These months are the publisher's own BACK-CAST series on this base (`series=Back` from the same API), not a rescaled older series, so they are published values.",
IN,CPI,CPI-ALL,"Consumer Price Index, All Items",2024-04,2024,100.0,INR,98.3,,https://api.mospi.gov.in/api/cpi/getCPIData?base_year=2024&year=<YEAR>&month_code=<MONTH>&limit=100&page=1&sector_code=3,false,"REAL. Consumer Price Index, Combined (rural + urban), All-India General index, base 2024 = 100, published monthly by the Ministry of Statistics and Programme Implementation / National Statistical Office, Government of India (eSankhyiki API, sector Combined, state All India). Value taken as published, no transformation. Retrieved 2026-09-11. These months are the publisher's own BACK-CAST series on this base (`series=Back` from the same API), not a rescaled older series, so they are published values.",
IN,CPI,CPI-ALL,"Consumer Price Index, All Items",2024-05,2024,100.0,INR,98.9,,https://api.mospi.gov.in/api/cpi/getCPIData?base_year=2024&year=<YEAR>&month_code=<MONTH>&limit=100&page=1&sector_code=3,false,"REAL. Consumer Price Index, Combined (rural + urban), All-India General index, base 2024 = 100, published monthly by the Ministry of Statistics and Programme Implementation / National Statistical Office, Government of India (eSankhyiki API, sector Combined, state All India). Value taken as published, no transformation. Retrieved 2026-09-11. These months are the publisher's own BACK-CAST series on this base (`series=Back` from the same API), not a rescaled older series, so they are published values.",
IN,CPI,CPI-ALL,"Consumer Price Index, All Items",2024-06,2024,100.0,INR,100.2,,https://api.mospi.gov.in/api/cpi/getCPIData?base_year=2024&year=<YEAR>&month_code=<MONTH>&limit=100&page=1&sector_code=3,false,"REAL. Consumer Price Index, Combined (rural + urban), All-India General index, base 2024 = 100, published monthly by the Ministry of Statistics and Programme Implementation / National Statistical Office, Government of India (eSankhyiki API, sector Combined, state All India). Value taken as published, no transformation. Retrieved 2026-09-11. These months are the publisher's own BACK-CAST series on this base (`series=Back` from the same API), not a rescaled older series, so they are published values.",
IN,CPI,CPI-ALL,"Consumer Price Index, All Items",2024-07,2024,100.0,INR,101.7,,https://api.mospi.gov.in/api/cpi/getCPIData?base_year=2024&year=<YEAR>&month_code=<MONTH>&limit=100&page=1&sector_code=3,false,"REAL. Consumer Price Index, Combined (rural + urban), All-India General index, base 2024 = 100, published monthly by the Ministry of Statistics and Programme Implementation / National Statistical Office, Government of India (eSankhyiki API, sector Combined, state All India). Value taken as published, no transformation. Retrieved 2026-09-11. These months are the publisher's own BACK-CAST series on this base (`series=Back` from the same API), not a rescaled older series, so they are published values.",
IN,CPI,CPI-ALL,"Consumer Price Index, All Items",2024-08,2024,100.0,INR,101.7,,https://api.mospi.gov.in/api/cpi/getCPIData?base_year=2024&year=<YEAR>&month_code=<MONTH>&limit=100&page=1&sector_code=3,false,"REAL. Consumer Price Index, Combined (rural + urban), All-India General index, base 2024 = 100, published monthly by the Ministry of Statistics and Programme Implementation / National Statistical Office, Government of India (eSankhyiki API, sector Combined, state All India). Value taken as published, no transformation. Retrieved 2026-09-11. These months are the publisher's own BACK-CAST series on this base (`series=Back` from the same API), not a rescaled older series, so they are published values.",
IN,CPI,CPI-ALL,"Consumer Price Index, All Items",2024-09,2024,100.0,INR,102.3,,https://api.mospi.gov.in/api/cpi/getCPIData?base_year=2024&year=<YEAR>&month_code=<MONTH>&limit=100&page=1&sector_code=3,false,"REAL. Consumer Price Index, Combined (rural + urban), All-India General index, base 2024 = 100, published monthly by the Ministry of Statistics and Programme Implementation / National Statistical Office, Government of India (eSankhyiki API, sector Combined, state All India). Value taken as published, no transformation. Retrieved 2026-09-11. These months are the publisher's own BACK-CAST series on this base (`series=Back` from the same API), not a rescaled older series, so they are published values.",
IN,CPI,CPI-ALL,"Consumer Price Index, All Items",2024-10,2024,100.0,INR,103.7,,https://api.mospi.gov.in/api/cpi/getCPIData?base_year=2024&year=<YEAR>&month_code=<MONTH>&limit=100&page=1&sector_code=3,false,"REAL. Consumer Price Index, Combined (rural + urban), All-India General index, base 2024 = 100, published monthly by the Ministry of Statistics and Programme Implementation / National Statistical Office, Government of India (eSankhyiki API, sector Combined, state All India). Value taken as published, no transformation. Retrieved 2026-09-11. These months are the publisher's own BACK-CAST series on this base (`series=Back` from the same API), not a rescaled older series, so they are published values.",
IN,CPI,CPI-ALL,"Consumer Price Index, All Items",2024-11,2024,100.0,INR,103.5,,https://api.mospi.gov.in/api/cpi/getCPIData?base_year=2024&year=<YEAR>&month_code=<MONTH>&limit=100&page=1&sector_code=3,false,"REAL. Consumer Price Index, Combined (rural + urban), All-India General index, base 2024 = 100, published monthly by the Ministry of Statistics and Programme Implementation / National Statistical Office, Government of India (eSankhyiki API, sector Combined, state All India). Value taken as published, no transformation. Retrieved 2026-09-11. These months are the publisher's own BACK-CAST series on this base (`series=Back` from the same API), not a rescaled older series, so they are published values.",
IN,CPI,CPI-ALL,"Consumer Price Index, All Items",2024-12,2024,100.0,INR,102.9,,https://api.mospi.gov.in/api/cpi/getCPIData?base_year=2024&year=<YEAR>&month_code=<MONTH>&limit=100&page=1&sector_code=3,false,"REAL. Consumer Price Index, Combined (rural + urban), All-India General index, base 2024 = 100, published monthly by the Ministry of Statistics and Programme Implementation / National Statistical Office, Government of India (eSankhyiki API, sector Combined, state All India). Value taken as published, no transformation. Retrieved 2026-09-11. These months are the publisher's own BACK-CAST series on this base (`series=Back` from the same API), not a rescaled older series, so they are published values.",
IN,CPI,CPI-ALL,"Consumer Price Index, All Items",2025-01,2024,100.0,INR,101.67,,https://api.mospi.gov.in/api/cpi/getCPIData?base_year=2024&year=<YEAR>&month_code=<MONTH>&limit=100&page=1&sector_code=3,false,"REAL. Consumer Price Index, Combined (rural + urban), All-India General index, base 2024 = 100, published monthly by the Ministry of Statistics and Programme Implementation / National Statistical Office, Government of India (eSankhyiki API, sector Combined, state All India). Value taken as published, no transformation. Retrieved 2026-09-11.",
IN,CPI,CPI-ALL,"Consumer Price Index, All Items",2025-02,2024,100.0,INR,101.32,,https://api.mospi.gov.in/api/cpi/getCPIData?base_year=2024&year=<YEAR>&month_code=<MONTH>&limit=100&page=1&sector_code=3,false,"REAL. Consumer Price Index, Combined (rural + urban), All-India General index, base 2024 = 100, published monthly by the Ministry of Statistics and Programme Implementation / National Statistical Office, Government of India (eSankhyiki API, sector Combined, state All India). Value taken as published, no transformation. Retrieved 2026-09-11.",
IN,CPI,CPI-ALL,"Consumer Price Index, All Items",2025-03,2024,100.0,INR,101.39,,https://api.mospi.gov.in/api/cpi/getCPIData?base_year=2024&year=<YEAR>&month_code=<MONTH>&limit=100&page=1&sector_code=3,false,"REAL. Consumer Price Index, Combined (rural + urban), All-India General index, base 2024 = 100, published monthly by the Ministry of Statistics and Programme Implementation / National Statistical Office, Government of India (eSankhyiki API, sector Combined, state All India). Value taken as published, no transformation. Retrieved 2026-09-11.",
IN,CPI,CPI-ALL,"Consumer Price Index, All Items",2025-04,2024,100.0,INR,101.58,,https://api.mospi.gov.in/api/cpi/getCPIData?base_year=2024&year=<YEAR>&month_code=<MONTH>&limit=100&page=1&sector_code=3,false,"REAL. Consumer Price Index, Combined (rural + urban), All-India General index, base 2024 = 100, published monthly by the Ministry of Statistics and Programme Implementation / National Statistical Office, Government of India (eSankhyiki API, sector Combined, state All India). Value taken as published, no transformation. Retrieved 2026-09-11.",
IN,CPI,CPI-ALL,"Consumer Price Index, All Items",2025-05,2024,100.0,INR,101.9,,https://api.mospi.gov.in/api/cpi/getCPIData?base_year=2024&year=<YEAR>&month_code=<MONTH>&limit=100&page=1&sector_code=3,false,"REAL. Consumer Price Index, Combined (rural + urban), All-India General index, base 2024 = 100, published monthly by the Ministry of Statistics and Programme Implementation / National Statistical Office, Government of India (eSankhyiki API, sector Combined, state All India). Value taken as published, no transformation. Retrieved 2026-09-11.",
IN,CPI,CPI-ALL,"Consumer Price Index, All Items",2025-06,2024,100.0,INR,102.51,,https://api.mospi.gov.in/api/cpi/getCPIData?base_year=2024&year=<YEAR>&month_code=<MONTH>&limit=100&page=1&sector_code=3,false,"REAL. Consumer Price Index, Combined (rural + urban), All-India General index, base 2024 = 100, published monthly by the Ministry of Statistics and Programme Implementation / National Statistical Office, Government of India (eSankhyiki API, sector Combined, state All India). Value taken as published, no transformation. Retrieved 2026-09-11.",
IN,CPI,CPI-ALL,"Consumer Price Index, All Items",2025-07,2024,100.0,INR,103.35,,https://api.mospi.gov.in/api/cpi/getCPIData?base_year=2024&year=<YEAR>&month_code=<MONTH>&limit=100&page=1&sector_code=3,false,"REAL. Consumer Price Index, Combined (rural + urban), All-India General index, base 2024 = 100, published monthly by the Ministry of Statistics and Programme Implementation / National Statistical Office, Government of India (eSankhyiki API, sector Combined, state All India). Value taken as published, no transformation. Retrieved 2026-09-11.",
IN,CPI,CPI-ALL,"Consumer Price Index, All Items",2025-08,2024,100.0,INR,103.74,,https://api.mospi.gov.in/api/cpi/getCPIData?base_year=2024&year=<YEAR>&month_code=<MONTH>&limit=100&page=1&sector_code=3,false,"REAL. Consumer Price Index, Combined (rural + urban), All-India General index, base 2024 = 100, published monthly by the Ministry of Statistics and Programme Implementation / National Statistical Office, Government of India (eSankhyiki API, sector Combined, state All India). Release dated 2025-09-12. Value taken as published, no transformation. Retrieved 2026-09-11.",
IN,CPI,CPI-ALL,"Consumer Price Index, All Items",2025-09,2024,100.0,INR,103.74,,https://api.mospi.gov.in/api/cpi/getCPIData?base_year=2024&year=<YEAR>&month_code=<MONTH>&limit=100&page=1&sector_code=3,false,"REAL. Consumer Price Index, Combined (rural + urban), All-India General index, base 2024 = 100, published monthly by the Ministry of Statistics and Programme Implementation / National Statistical Office, Government of India (eSankhyiki API, sector Combined, state All India). Release dated 2025-10-13. Value taken as published, no transformation. Retrieved 2026-09-11.",
IN,CPI,CPI-ALL,"Consumer Price Index, All Items",2025-10,2024,100.0,INR,103.74,,https://api.mospi.gov.in/api/cpi/getCPIData?base_year=2024&year=<YEAR>&month_code=<MONTH>&limit=100&page=1&sector_code=3,false,"REAL. Consumer Price Index, Combined (rural + urban), All-India General index, base 2024 = 100, published monthly by the Ministry of Statistics and Programme Implementation / National Statistical Office, Government of India (eSankhyiki API, sector Combined, state All India). Release dated 2025-11-12. Value taken as published, no transformation. Retrieved 2026-09-11.",
IN,CPI,CPI-ALL,"Consumer Price Index, All Items",2025-11,2024,100.0,INR,104.01,,https://api.mospi.gov.in/api/cpi/getCPIData?base_year=2024&year=<YEAR>&month_code=<MONTH>&limit=100&page=1&sector_code=3,false,"REAL. Consumer Price Index, Combined (rural + urban), All-India General index, base 2024 = 100, published monthly by the Ministry of Statistics and Programme Implementation / National Statistical Office, Government of India (eSankhyiki API, sector Combined, state All India). Release dated 2025-12-12. Value taken as published, no transformation. Retrieved 2026-09-11.",
IN,CPI,CPI-ALL,"Consumer Price Index, All Items",2025-12,2024,100.0,INR,104.1,,https://api.mospi.gov.in/api/cpi/getCPIData?base_year=2024&year=<YEAR>&month_code=<MONTH>&limit=100&page=1&sector_code=3,false,"REAL. Consumer Price Index, Combined (rural + urban), All-India General index, base 2024 = 100, published monthly by the Ministry of Statistics and Programme Implementation / National Statistical Office, Government of India (eSankhyiki API, sector Combined, state All India). Release dated 2026-01-12. Value taken as published, no transformation. Retrieved 2026-09-11.",
IN,CPI,CPI-ALL,"Consumer Price Index, All Items",2026-01,2024,100.0,INR,104.45,,https://api.mospi.gov.in/api/cpi/getCPIData?base_year=2024&year=<YEAR>&month_code=<MONTH>&limit=100&page=1&sector_code=3,false,"REAL. Consumer Price Index, Combined (rural + urban), All-India General index, base 2024 = 100, published monthly by the Ministry of Statistics and Programme Implementation / National Statistical Office, Government of India (eSankhyiki API, sector Combined, state All India). Release dated 2026-02-12. Value taken as published, no transformation. Retrieved 2026-09-11.",
IN,CPI,CPI-ALL,"Consumer Price Index, All Items",2026-02,2024,100.0,INR,104.57,,https://api.mospi.gov.in/api/cpi/getCPIData?base_year=2024&year=<YEAR>&month_code=<MONTH>&limit=100&page=1&sector_code=3,false,"REAL. Consumer Price Index, Combined (rural + urban), All-India General index, base 2024 = 100, published monthly by the Ministry of Statistics and Programme Implementation / National Statistical Office, Government of India (eSankhyiki API, sector Combined, state All India). Release dated 2026-03-12. Value taken as published, no transformation. Retrieved 2026-09-11.",
IN,CPI,CPI-ALL,"Consumer Price Index, All Items",2026-03,2024,100.0,INR,104.84,,https://api.mospi.gov.in/api/cpi/getCPIData?base_year=2024&year=<YEAR>&month_code=<MONTH>&limit=100&page=1&sector_code=3,false,"REAL. Consumer Price Index, Combined (rural + urban), All-India General index, base 2024 = 100, published monthly by the Ministry of Statistics and Programme Implementation / National Statistical Office, Government of India (eSankhyiki API, sector Combined, state All India). Release dated 2026-04-13. Value taken as published, no transformation. Retrieved 2026-09-11.",
IN,CPI,CPI-ALL,"Consumer Price Index, All Items",2026-04,2024,100.0,INR,105.12,,https://api.mospi.gov.in/api/cpi/getCPIData?base_year=2024&year=<YEAR>&month_code=<MONTH>&limit=100&page=1&sector_code=3,false,"REAL. Consumer Price Index, Combined (rural + urban), All-India General index, base 2024 = 100, published monthly by the Ministry of Statistics and Programme Implementation / National Statistical Office, Government of India (eSankhyiki API, sector Combined, state All India). Release dated 2026-05-12. Value taken as published, no transformation. Retrieved 2026-09-11.",
IN,CPI,CPI-ALL,"Consumer Price Index, All Items",2026-05,2024,100.0,INR,105.91,,https://api.mospi.gov.in/api/cpi/getCPIData?base_year=2024&year=<YEAR>&month_code=<MONTH>&limit=100&page=1&sector_code=3,false,"REAL. Consumer Price Index, Combined (rural + urban), All-India General index, base 2024 = 100, published monthly by the Ministry of Statistics and Programme Implementation / National Statistical Office, Government of India (eSankhyiki API, sector Combined, state All India). Release dated 2026-06-12. Value taken as published, no transformation. Retrieved 2026-09-11.",
IN,CPI,CPI-ALL,"Consumer Price Index, All Items",2026-06,2024,100.0,INR,107.0,,https://api.mospi.gov.in/api/cpi/getCPIData?base_year=2024&year=<YEAR>&month_code=<MONTH>&limit=100&page=1&sector_code=3,false,"REAL. Consumer Price Index, Combined (rural + urban), All-India General index, base 2024 = 100, published monthly by the Ministry of Statistics and Programme Implementation / National Statistical Office, Government of India (eSankhyiki API, sector Combined, state All India). Release dated 2026-07-13. Value taken as published, no transformation. Retrieved 2026-09-11.",
IN,CPI,CPI-ALL,"Consumer Price Index, All Items",2026-07,2024,100.0,INR,107.94,,https://api.mospi.gov.in/api/cpi/getCPIData?base_year=2024&year=<YEAR>&month_code=<MONTH>&limit=100&page=1&sector_code=3,false,"REAL. Consumer Price Index, Combined (rural + urban), All-India General index, base 2024 = 100, published monthly by the Ministry of Statistics and Programme Implementation / National Statistical Office, Government of India (eSankhyiki API, sector Combined, state All India). Release dated 2026-08-12. Value taken as published, no transformation. Retrieved 2026-09-11.",
IN,CPI,CPI-ALL-2012,CPI-ALL-2012,2022-01,2012,100.0,INR,165.7,,"https://api.mospi.gov.in/api/cpi/getCPIData?base_year=2012&level=Group&series=Current&year=<YEAR>&month_code=1,2,3,4,5,6,7,8,9,10,11,12&limit=100&page=<PAGE>&state_code=99&sector_code=3",false,"REAL. Consumer Price Index, Combined (rural + urban), All-India General index, base 2012 = 100, published monthly by the Ministry of Statistics and Programme Implementation / National Statistical Office, Government of India (eSankhyiki API, sector Combined, state All India). Value taken as published, no transformation. Retrieved 2026-09-11. NOTE: the publisher rebased the CPI to 2024 = 100; this series carries the earlier base and does NOT overlap the current one, so it is stored separately rather than spliced. The engine uses it only when no single series spans both bridge endpoints.",
IN,CPI,CPI-ALL-2012,CPI-ALL-2012,2022-02,2012,100.0,INR,166.1,,"https://api.mospi.gov.in/api/cpi/getCPIData?base_year=2012&level=Group&series=Current&year=<YEAR>&month_code=1,2,3,4,5,6,7,8,9,10,11,12&limit=100&page=<PAGE>&state_code=99&sector_code=3",false,"REAL. Consumer Price Index, Combined (rural + urban), All-India General index, base 2012 = 100, published monthly by the Ministry of Statistics and Programme Implementation / National Statistical Office, Government of India (eSankhyiki API, sector Combined, state All India). Value taken as published, no transformation. Retrieved 2026-09-11. NOTE: the publisher rebased the CPI to 2024 = 100; this series carries the earlier base and does NOT overlap the current one, so it is stored separately rather than spliced. The engine uses it only when no single series spans both bridge endpoints.",
IN,CPI,CPI-ALL-2012,CPI-ALL-2012,2022-03,2012,100.0,INR,167.7,,"https://api.mospi.gov.in/api/cpi/getCPIData?base_year=2012&level=Group&series=Current&year=<YEAR>&month_code=1,2,3,4,5,6,7,8,9,10,11,12&limit=100&page=<PAGE>&state_code=99&sector_code=3",false,"REAL. Consumer Price Index, Combined (rural + urban), All-India General index, base 2012 = 100, published monthly by the Ministry of Statistics and Programme Implementation / National Statistical Office, Government of India (eSankhyiki API, sector Combined, state All India). Value taken as published, no transformation. Retrieved 2026-09-11. NOTE: the publisher rebased the CPI to 2024 = 100; this series carries the earlier base and does NOT overlap the current one, so it is stored separately rather than spliced. The engine uses it only when no single series spans both bridge endpoints.",
IN,CPI,CPI-ALL-2012,CPI-ALL-2012,2022-04,2012,100.0,INR,170.1,,"https://api.mospi.gov.in/api/cpi/getCPIData?base_year=2012&level=Group&series=Current&year=<YEAR>&month_code=1,2,3,4,5,6,7,8,9,10,11,12&limit=100&page=<PAGE>&state_code=99&sector_code=3",false,"REAL. Consumer Price Index, Combined (rural + urban), All-India General index, base 2012 = 100, published monthly by the Ministry of Statistics and Programme Implementation / National Statistical Office, Government of India (eSankhyiki API, sector Combined, state All India). Value taken as published, no transformation. Retrieved 2026-09-11. NOTE: the publisher rebased the CPI to 2024 = 100; this series carries the earlier base and does NOT overlap the current one, so it is stored separately rather than spliced. The engine uses it only when no single series spans both bridge endpoints.",
IN,CPI,CPI-ALL-2012,CPI-ALL-2012,2022-05,2012,100.0,INR,171.7,,"https://api.mospi.gov.in/api/cpi/getCPIData?base_year=2012&level=Group&series=Current&year=<YEAR>&month_code=1,2,3,4,5,6,7,8,9,10,11,12&limit=100&page=<PAGE>&state_code=99&sector_code=3",false,"REAL. Consumer Price Index, Combined (rural + urban), All-India General index, base 2012 = 100, published monthly by the Ministry of Statistics and Programme Implementation / National Statistical Office, Government of India (eSankhyiki API, sector Combined, state All India). Value taken as published, no transformation. Retrieved 2026-09-11. NOTE: the publisher rebased the CPI to 2024 = 100; this series carries the earlier base and does NOT overlap the current one, so it is stored separately rather than spliced. The engine uses it only when no single series spans both bridge endpoints.",
IN,CPI,CPI-ALL-2012,CPI-ALL-2012,2022-06,2012,100.0,INR,172.6,,"https://api.mospi.gov.in/api/cpi/getCPIData?base_year=2012&level=Group&series=Current&year=<YEAR>&month_code=1,2,3,4,5,6,7,8,9,10,11,12&limit=100&page=<PAGE>&state_code=99&sector_code=3",false,"REAL. Consumer Price Index, Combined (rural + urban), All-India General index, base 2012 = 100, published monthly by the Ministry of Statistics and Programme Implementation / National Statistical Office, Government of India (eSankhyiki API, sector Combined, state All India). Value taken as published, no transformation. Retrieved 2026-09-11. NOTE: the publisher rebased the CPI to 2024 = 100; this series carries the earlier base and does NOT overlap the current one, so it is stored separately rather than spliced. The engine uses it only when no single series spans both bridge endpoints.",
IN,CPI,CPI-ALL-2012,CPI-ALL-2012,2022-07,2012,100.0,INR,173.4,,"https://api.mospi.gov.in/api/cpi/getCPIData?base_year=2012&level=Group&series=Current&year=<YEAR>&month_code=1,2,3,4,5,6,7,8,9,10,11,12&limit=100&page=<PAGE>&state_code=99&sector_code=3",false,"REAL. Consumer Price Index, Combined (rural + urban), All-India General index, base 2012 = 100, published monthly by the Ministry of Statistics and Programme Implementation / National Statistical Office, Government of India (eSankhyiki API, sector Combined, state All India). Value taken as published, no transformation. Retrieved 2026-09-11. NOTE: the publisher rebased the CPI to 2024 = 100; this series carries the earlier base and does NOT overlap the current one, so it is stored separately rather than spliced. The engine uses it only when no single series spans both bridge endpoints.",
IN,CPI,CPI-ALL-2012,CPI-ALL-2012,2022-08,2012,100.0,INR,174.3,,"https://api.mospi.gov.in/api/cpi/getCPIData?base_year=2012&level=Group&series=Current&year=<YEAR>&month_code=1,2,3,4,5,6,7,8,9,10,11,12&limit=100&page=<PAGE>&state_code=99&sector_code=3",false,"REAL. Consumer Price Index, Combined (rural + urban), All-India General index, base 2012 = 100, published monthly by the Ministry of Statistics and Programme Implementation / National Statistical Office, Government of India (eSankhyiki API, sector Combined, state All India). Value taken as published, no transformation. Retrieved 2026-09-11. NOTE: the publisher rebased the CPI to 2024 = 100; this series carries the earlier base and does NOT overlap the current one, so it is stored separately rather than spliced. The engine uses it only when no single series spans both bridge endpoints.",
IN,CPI,CPI-ALL-2012,CPI-ALL-2012,2022-09,2012,100.0,INR,175.3,,"https://api.mospi.gov.in/api/cpi/getCPIData?base_year=2012&level=Group&series=Current&year=<YEAR>&month_code=1,2,3,4,5,6,7,8,9,10,11,12&limit=100&page=<PAGE>&state_code=99&sector_code=3",false,"REAL. Consumer Price Index, Combined (rural + urban), All-India General index, base 2012 = 100, published monthly by the Ministry of Statistics and Programme Implementation / National Statistical Office, Government of India (eSankhyiki API, sector Combined, state All India). Value taken as published, no transformation. Retrieved 2026-09-11. NOTE: the publisher rebased the CPI to 2024 = 100; this series carries the earlier base and does NOT overlap the current one, so it is stored separately rather than spliced. The engine uses it only when no single series spans both bridge endpoints.",
IN,CPI,CPI-ALL-2012,CPI-ALL-2012,2022-10,2012,100.0,INR,176.7,,"https://api.mospi.gov.in/api/cpi/getCPIData?base_year=2012&level=Group&series=Current&year=<YEAR>&month_code=1,2,3,4,5,6,7,8,9,10,11,12&limit=100&page=<PAGE>&state_code=99&sector_code=3",false,"REAL. Consumer Price Index, Combined (rural + urban), All-India General index, base 2012 = 100, published monthly by the Ministry of Statistics and Programme Implementation / National Statistical Office, Government of India (eSankhyiki API, sector Combined, state All India). Value taken as published, no transformation. Retrieved 2026-09-11. NOTE: the publisher rebased the CPI to 2024 = 100; this series carries the earlier base and does NOT overlap the current one, so it is stored separately rather than spliced. The engine uses it only when no single series spans both bridge endpoints.",
IN,CPI,CPI-ALL-2012,CPI-ALL-2012,2022-11,2012,100.0,INR,176.5,,"https://api.mospi.gov.in/api/cpi/getCPIData?base_year=2012&level=Group&series=Current&year=<YEAR>&month_code=1,2,3,4,5,6,7,8,9,10,11,12&limit=100&page=<PAGE>&state_code=99&sector_code=3",false,"REAL. Consumer Price Index, Combined (rural + urban), All-India General index, base 2012 = 100, published monthly by the Ministry of Statistics and Programme Implementation / National Statistical Office, Government of India (eSankhyiki API, sector Combined, state All India). Value taken as published, no transformation. Retrieved 2026-09-11. NOTE: the publisher rebased the CPI to 2024 = 100; this series carries the earlier base and does NOT overlap the current one, so it is stored separately rather than spliced. The engine uses it only when no single series spans both bridge endpoints.",
IN,CPI,CPI-ALL-2012,CPI-ALL-2012,2022-12,2012,100.0,INR,175.7,,"https://api.mospi.gov.in/api/cpi/getCPIData?base_year=2012&level=Group&series=Current&year=<YEAR>&month_code=1,2,3,4,5,6,7,8,9,10,11,12&limit=100&page=<PAGE>&state_code=99&sector_code=3",false,"REAL. Consumer Price Index, Combined (rural + urban), All-India General index, base 2012 = 100, published monthly by the Ministry of Statistics and Programme Implementation / National Statistical Office, Government of India (eSankhyiki API, sector Combined, state All India). Value taken as published, no transformation. Retrieved 2026-09-11. NOTE: the publisher rebased the CPI to 2024 = 100; this series carries the earlier base and does NOT overlap the current one, so it is stored separately rather than spliced. The engine uses it only when no single series spans both bridge endpoints.",
IN,CPI,CPI-ALL-2012,CPI-ALL-2012,2023-01,2012,100.0,INR,176.5,,"https://api.mospi.gov.in/api/cpi/getCPIData?base_year=2012&level=Group&series=Current&year=<YEAR>&month_code=1,2,3,4,5,6,7,8,9,10,11,12&limit=100&page=<PAGE>&state_code=99&sector_code=3",false,"REAL. Consumer Price Index, Combined (rural + urban), All-India General index, base 2012 = 100, published monthly by the Ministry of Statistics and Programme Implementation / National Statistical Office, Government of India (eSankhyiki API, sector Combined, state All India). Value taken as published, no transformation. Retrieved 2026-09-11. NOTE: the publisher rebased the CPI to 2024 = 100; this series carries the earlier base and does NOT overlap the current one, so it is stored separately rather than spliced. The engine uses it only when no single series spans both bridge endpoints.",
IN,CPI,CPI-ALL-2012,CPI-ALL-2012,2023-02,2012,100.0,INR,176.8,,"https://api.mospi.gov.in/api/cpi/getCPIData?base_year=2012&level=Group&series=Current&year=<YEAR>&month_code=1,2,3,4,5,6,7,8,9,10,11,12&limit=100&page=<PAGE>&state_code=99&sector_code=3",false,"REAL. Consumer Price Index, Combined (rural + urban), All-India General index, base 2012 = 100, published monthly by the Ministry of Statistics and Programme Implementation / National Statistical Office, Government of India (eSankhyiki API, sector Combined, state All India). Value taken as published, no transformation. Retrieved 2026-09-11. NOTE: the publisher rebased the CPI to 2024 = 100; this series carries the earlier base and does NOT overlap the current one, so it is stored separately rather than spliced. The engine uses it only when no single series spans both bridge endpoints.",
IN,CPI,CPI-ALL-2012,CPI-ALL-2012,2023-03,2012,100.0,INR,177.2,,"https://api.mospi.gov.in/api/cpi/getCPIData?base_year=2012&level=Group&series=Current&year=<YEAR>&month_code=1,2,3,4,5,6,7,8,9,10,11,12&limit=100&page=<PAGE>&state_code=99&sector_code=3",false,"REAL. Consumer Price Index, Combined (rural + urban), All-India General index, base 2012 = 100, published monthly by the Ministry of Statistics and Programme Implementation / National Statistical Office, Government of India (eSankhyiki API, sector Combined, state All India). Value taken as published, no transformation. Retrieved 2026-09-11. NOTE: the publisher rebased the CPI to 2024 = 100; this series carries the earlier base and does NOT overlap the current one, so it is stored separately rather than spliced. The engine uses it only when no single series spans both bridge endpoints.",
IN,CPI,CPI-ALL-2012,CPI-ALL-2012,2023-04,2012,100.0,INR,178.1,,"https://api.mospi.gov.in/api/cpi/getCPIData?base_year=2012&level=Group&series=Current&year=<YEAR>&month_code=1,2,3,4,5,6,7,8,9,10,11,12&limit=100&page=<PAGE>&state_code=99&sector_code=3",false,"REAL. Consumer Price Index, Combined (rural + urban), All-India General index, base 2012 = 100, published monthly by the Ministry of Statistics and Programme Implementation / National Statistical Office, Government of India (eSankhyiki API, sector Combined, state All India). Value taken as published, no transformation. Retrieved 2026-09-11. NOTE: the publisher rebased the CPI to 2024 = 100; this series carries the earlier base and does NOT overlap the current one, so it is stored separately rather than spliced. The engine uses it only when no single series spans both bridge endpoints.",
IN,CPI,CPI-ALL-2012,CPI-ALL-2012,2023-05,2012,100.0,INR,179.1,,"https://api.mospi.gov.in/api/cpi/getCPIData?base_year=2012&level=Group&series=Current&year=<YEAR>&month_code=1,2,3,4,5,6,7,8,9,10,11,12&limit=100&page=<PAGE>&state_code=99&sector_code=3",false,"REAL. Consumer Price Index, Combined (rural + urban), All-India General index, base 2012 = 100, published monthly by the Ministry of Statistics and Programme Implementation / National Statistical Office, Government of India (eSankhyiki API, sector Combined, state All India). Value taken as published, no transformation. Retrieved 2026-09-11. NOTE: the publisher rebased the CPI to 2024 = 100; this series carries the earlier base and does NOT overlap the current one, so it is stored separately rather than spliced. The engine uses it only when no single series spans both bridge endpoints.",
IN,CPI,CPI-ALL-2012,CPI-ALL-2012,2023-06,2012,100.0,INR,181.0,,"https://api.mospi.gov.in/api/cpi/getCPIData?base_year=2012&level=Group&series=Current&year=<YEAR>&month_code=1,2,3,4,5,6,7,8,9,10,11,12&limit=100&page=<PAGE>&state_code=99&sector_code=3",false,"REAL. Consumer Price Index, Combined (rural + urban), All-India General index, base 2012 = 100, published monthly by the Ministry of Statistics and Programme Implementation / National Statistical Office, Government of India (eSankhyiki API, sector Combined, state All India). Value taken as published, no transformation. Retrieved 2026-09-11. NOTE: the publisher rebased the CPI to 2024 = 100; this series carries the earlier base and does NOT overlap the current one, so it is stored separately rather than spliced. The engine uses it only when no single series spans both bridge endpoints.",
IN,CPI,CPI-ALL-2012,CPI-ALL-2012,2023-07,2012,100.0,INR,186.3,,"https://api.mospi.gov.in/api/cpi/getCPIData?base_year=2012&level=Group&series=Current&year=<YEAR>&month_code=1,2,3,4,5,6,7,8,9,10,11,12&limit=100&page=<PAGE>&state_code=99&sector_code=3",false,"REAL. Consumer Price Index, Combined (rural + urban), All-India General index, base 2012 = 100, published monthly by the Ministry of Statistics and Programme Implementation / National Statistical Office, Government of India (eSankhyiki API, sector Combined, state All India). Value taken as published, no transformation. Retrieved 2026-09-11. NOTE: the publisher rebased the CPI to 2024 = 100; this series carries the earlier base and does NOT overlap the current one, so it is stored separately rather than spliced. The engine uses it only when no single series spans both bridge endpoints.",
IN,CPI,CPI-ALL-2012,CPI-ALL-2012,2023-08,2012,100.0,INR,186.2,,"https://api.mospi.gov.in/api/cpi/getCPIData?base_year=2012&level=Group&series=Current&year=<YEAR>&month_code=1,2,3,4,5,6,7,8,9,10,11,12&limit=100&page=<PAGE>&state_code=99&sector_code=3",false,"REAL. Consumer Price Index, Combined (rural + urban), All-India General index, base 2012 = 100, published monthly by the Ministry of Statistics and Programme Implementation / National Statistical Office, Government of India (eSankhyiki API, sector Combined, state All India). Value taken as published, no transformation. Retrieved 2026-09-11. NOTE: the publisher rebased the CPI to 2024 = 100; this series carries the earlier base and does NOT overlap the current one, so it is stored separately rather than spliced. The engine uses it only when no single series spans both bridge endpoints.",
IN,CPI,CPI-ALL-2012,CPI-ALL-2012,2023-09,2012,100.0,INR,184.1,,"https://api.mospi.gov.in/api/cpi/getCPIData?base_year=2012&level=Group&series=Current&year=<YEAR>&month_code=1,2,3,4,5,6,7,8,9,10,11,12&limit=100&page=<PAGE>&state_code=99&sector_code=3",false,"REAL. Consumer Price Index, Combined (rural + urban), All-India General index, base 2012 = 100, published monthly by the Ministry of Statistics and Programme Implementation / National Statistical Office, Government of India (eSankhyiki API, sector Combined, state All India). Value taken as published, no transformation. Retrieved 2026-09-11. NOTE: the publisher rebased the CPI to 2024 = 100; this series carries the earlier base and does NOT overlap the current one, so it is stored separately rather than spliced. The engine uses it only when no single series spans both bridge endpoints.",
IN,CPI,CPI-ALL-2012,CPI-ALL-2012,2023-10,2012,100.0,INR,185.3,,"https://api.mospi.gov.in/api/cpi/getCPIData?base_year=2012&level=Group&series=Current&year=<YEAR>&month_code=1,2,3,4,5,6,7,8,9,10,11,12&limit=100&page=<PAGE>&state_code=99&sector_code=3",false,"REAL. Consumer Price Index, Combined (rural + urban), All-India General index, base 2012 = 100, published monthly by the Ministry of Statistics and Programme Implementation / National Statistical Office, Government of India (eSankhyiki API, sector Combined, state All India). Value taken as published, no transformation. Retrieved 2026-09-11. NOTE: the publisher rebased the CPI to 2024 = 100; this series carries the earlier base and does NOT overlap the current one, so it is stored separately rather than spliced. The engine uses it only when no single series spans both bridge endpoints.",
IN,CPI,CPI-ALL-2012,CPI-ALL-2012,2023-11,2012,100.0,INR,186.3,,"https://api.mospi.gov.in/api/cpi/getCPIData?base_year=2012&level=Group&series=Current&year=<YEAR>&month_code=1,2,3,4,5,6,7,8,9,10,11,12&limit=100&page=<PAGE>&state_code=99&sector_code=3",false,"REAL. Consumer Price Index, Combined (rural + urban), All-India General index, base 2012 = 100, published monthly by the Ministry of Statistics and Programme Implementation / National Statistical Office, Government of India (eSankhyiki API, sector Combined, state All India). Value taken as published, no transformation. Retrieved 2026-09-11. NOTE: the publisher rebased the CPI to 2024 = 100; this series carries the earlier base and does NOT overlap the current one, so it is stored separately rather than spliced. The engine uses it only when no single series spans both bridge endpoints.",
IN,CPI,CPI-ALL-2012,CPI-ALL-2012,2023-12,2012,100.0,INR,185.7,,"https://api.mospi.gov.in/api/cpi/getCPIData?base_year=2012&level=Group&series=Current&year=<YEAR>&month_code=1,2,3,4,5,6,7,8,9,10,11,12&limit=100&page=<PAGE>&state_code=99&sector_code=3",false,"REAL. Consumer Price Index, Combined (rural + urban), All-India General index, base 2012 = 100, published monthly by the Ministry of Statistics and Programme Implementation / National Statistical Office, Government of India (eSankhyiki API, sector Combined, state All India). Value taken as published, no transformation. Retrieved 2026-09-11. NOTE: the publisher rebased the CPI to 2024 = 100; this series carries the earlier base and does NOT overlap the current one, so it is stored separately rather than spliced. The engine uses it only when no single series spans both bridge endpoints.",
IN,CPI,CPI-ALL-2012,CPI-ALL-2012,2024-01,2012,100.0,INR,185.5,,"https://api.mospi.gov.in/api/cpi/getCPIData?base_year=2012&level=Group&series=Current&year=<YEAR>&month_code=1,2,3,4,5,6,7,8,9,10,11,12&limit=100&page=<PAGE>&state_code=99&sector_code=3",false,"REAL. Consumer Price Index, Combined (rural + urban), All-India General index, base 2012 = 100, published monthly by the Ministry of Statistics and Programme Implementation / National Statistical Office, Government of India (eSankhyiki API, sector Combined, state All India). Value taken as published, no transformation. Retrieved 2026-09-11. NOTE: the publisher rebased the CPI to 2024 = 100; this series carries the earlier base and does NOT overlap the current one, so it is stored separately rather than spliced. The engine uses it only when no single series spans both bridge endpoints.",
IN,CPI,CPI-ALL-2012,CPI-ALL-2012,2024-02,2012,100.0,INR,185.8,,"https://api.mospi.gov.in/api/cpi/getCPIData?base_year=2012&level=Group&series=Current&year=<YEAR>&month_code=1,2,3,4,5,6,7,8,9,10,11,12&limit=100&page=<PAGE>&state_code=99&sector_code=3",false,"REAL. Consumer Price Index, Combined (rural + urban), All-India General index, base 2012 = 100, published monthly by the Ministry of Statistics and Programme Implementation / National Statistical Office, Government of India (eSankhyiki API, sector Combined, state All India). Value taken as published, no transformation. Retrieved 2026-09-11. NOTE: the publisher rebased the CPI to 2024 = 100; this series carries the earlier base and does NOT overlap the current one, so it is stored separately rather than spliced. The engine uses it only when no single series spans both bridge endpoints.",
IN,CPI,CPI-ALL-2012,CPI-ALL-2012,2024-03,2012,100.0,INR,185.8,,"https://api.mospi.gov.in/api/cpi/getCPIData?base_year=2012&level=Group&series=Current&year=<YEAR>&month_code=1,2,3,4,5,6,7,8,9,10,11,12&limit=100&page=<PAGE>&state_code=99&sector_code=3",false,"REAL. Consumer Price Index, Combined (rural + urban), All-India General index, base 2012 = 100, published monthly by the Ministry of Statistics and Programme Implementation / National Statistical Office, Government of India (eSankhyiki API, sector Combined, state All India). Value taken as published, no transformation. Retrieved 2026-09-11. NOTE: the publisher rebased the CPI to 2024 = 100; this series carries the earlier base and does NOT overlap the current one, so it is stored separately rather than spliced. The engine uses it only when no single series spans both bridge endpoints.",
IN,CPI,CPI-ALL-2012,CPI-ALL-2012,2024-04,2012,100.0,INR,186.7,,"https://api.mospi.gov.in/api/cpi/getCPIData?base_year=2012&level=Group&series=Current&year=<YEAR>&month_code=1,2,3,4,5,6,7,8,9,10,11,12&limit=100&page=<PAGE>&state_code=99&sector_code=3",false,"REAL. Consumer Price Index, Combined (rural + urban), All-India General index, base 2012 = 100, published monthly by the Ministry of Statistics and Programme Implementation / National Statistical Office, Government of India (eSankhyiki API, sector Combined, state All India). Value taken as published, no transformation. Retrieved 2026-09-11. NOTE: the publisher rebased the CPI to 2024 = 100; this series carries the earlier base and does NOT overlap the current one, so it is stored separately rather than spliced. The engine uses it only when no single series spans both bridge endpoints.",
IN,CPI,CPI-ALL-2012,CPI-ALL-2012,2024-05,2012,100.0,INR,187.7,,"https://api.mospi.gov.in/api/cpi/getCPIData?base_year=2012&level=Group&series=Current&year=<YEAR>&month_code=1,2,3,4,5,6,7,8,9,10,11,12&limit=100&page=<PAGE>&state_code=99&sector_code=3",false,"REAL. Consumer Price Index, Combined (rural + urban), All-India General index, base 2012 = 100, published monthly by the Ministry of Statistics and Programme Implementation / National Statistical Office, Government of India (eSankhyiki API, sector Combined, state All India). Value taken as published, no transformation. Retrieved 2026-09-11. NOTE: the publisher rebased the CPI to 2024 = 100; this series carries the earlier base and does NOT overlap the current one, so it is stored separately rather than spliced. The engine uses it only when no single series spans both bridge endpoints.",
IN,CPI,CPI-ALL-2012,CPI-ALL-2012,2024-06,2012,100.0,INR,190.2,,"https://api.mospi.gov.in/api/cpi/getCPIData?base_year=2012&level=Group&series=Current&year=<YEAR>&month_code=1,2,3,4,5,6,7,8,9,10,11,12&limit=100&page=<PAGE>&state_code=99&sector_code=3",false,"REAL. Consumer Price Index, Combined (rural + urban), All-India General index, base 2012 = 100, published monthly by the Ministry of Statistics and Programme Implementation / National Statistical Office, Government of India (eSankhyiki API, sector Combined, state All India). Value taken as published, no transformation. Retrieved 2026-09-11. NOTE: the publisher rebased the CPI to 2024 = 100; this series carries the earlier base and does NOT overlap the current one, so it is stored separately rather than spliced. The engine uses it only when no single series spans both bridge endpoints.",
IN,CPI,CPI-ALL-2012,CPI-ALL-2012,2024-07,2012,100.0,INR,193.0,,"https://api.mospi.gov.in/api/cpi/getCPIData?base_year=2012&level=Group&series=Current&year=<YEAR>&month_code=1,2,3,4,5,6,7,8,9,10,11,12&limit=100&page=<PAGE>&state_code=99&sector_code=3",false,"REAL. Consumer Price Index, Combined (rural + urban), All-India General index, base 2012 = 100, published monthly by the Ministry of Statistics and Programme Implementation / National Statistical Office, Government of India (eSankhyiki API, sector Combined, state All India). Value taken as published, no transformation. Retrieved 2026-09-11. NOTE: the publisher rebased the CPI to 2024 = 100; this series carries the earlier base and does NOT overlap the current one, so it is stored separately rather than spliced. The engine uses it only when no single series spans both bridge endpoints.",
IN,CPI,CPI-ALL-2012,CPI-ALL-2012,2024-08,2012,100.0,INR,193.0,,"https://api.mospi.gov.in/api/cpi/getCPIData?base_year=2012&level=Group&series=Current&year=<YEAR>&month_code=1,2,3,4,5,6,7,8,9,10,11,12&limit=100&page=<PAGE>&state_code=99&sector_code=3",false,"REAL. Consumer Price Index, Combined (rural + urban), All-India General index, base 2012 = 100, published monthly by the Ministry of Statistics and Programme Implementation / National Statistical Office, Government of India (eSankhyiki API, sector Combined, state All India). Value taken as published, no transformation. Retrieved 2026-09-11. NOTE: the publisher rebased the CPI to 2024 = 100; this series carries the earlier base and does NOT overlap the current one, so it is stored separately rather than spliced. The engine uses it only when no single series spans both bridge endpoints.",
IN,CPI,CPI-ALL-2012,CPI-ALL-2012,2024-09,2012,100.0,INR,194.2,,"https://api.mospi.gov.in/api/cpi/getCPIData?base_year=2012&level=Group&series=Current&year=<YEAR>&month_code=1,2,3,4,5,6,7,8,9,10,11,12&limit=100&page=<PAGE>&state_code=99&sector_code=3",false,"REAL. Consumer Price Index, Combined (rural + urban), All-India General index, base 2012 = 100, published monthly by the Ministry of Statistics and Programme Implementation / National Statistical Office, Government of India (eSankhyiki API, sector Combined, state All India). Value taken as published, no transformation. Retrieved 2026-09-11. NOTE: the publisher rebased the CPI to 2024 = 100; this series carries the earlier base and does NOT overlap the current one, so it is stored separately rather than spliced. The engine uses it only when no single series spans both bridge endpoints.",
IN,CPI,CPI-ALL-2012,CPI-ALL-2012,2024-10,2012,100.0,INR,196.8,,"https://api.mospi.gov.in/api/cpi/getCPIData?base_year=2012&level=Group&series=Current&year=<YEAR>&month_code=1,2,3,4,5,6,7,8,9,10,11,12&limit=100&page=<PAGE>&state_code=99&sector_code=3",false,"REAL. Consumer Price Index, Combined (rural + urban), All-India General index, base 2012 = 100, published monthly by the Ministry of Statistics and Programme Implementation / National Statistical Office, Government of India (eSankhyiki API, sector Combined, state All India). Value taken as published, no transformation. Retrieved 2026-09-11. NOTE: the publisher rebased the CPI to 2024 = 100; this series carries the earlier base and does NOT overlap the current one, so it is stored separately rather than spliced. The engine uses it only when no single series spans both bridge endpoints.",
IN,CPI,CPI-ALL-2012,CPI-ALL-2012,2024-11,2012,100.0,INR,196.5,,"https://api.mospi.gov.in/api/cpi/getCPIData?base_year=2012&level=Group&series=Current&year=<YEAR>&month_code=1,2,3,4,5,6,7,8,9,10,11,12&limit=100&page=<PAGE>&state_code=99&sector_code=3",false,"REAL. Consumer Price Index, Combined (rural + urban), All-India General index, base 2012 = 100, published monthly by the Ministry of Statistics and Programme Implementation / National Statistical Office, Government of India (eSankhyiki API, sector Combined, state All India). Value taken as published, no transformation. Retrieved 2026-09-11. NOTE: the publisher rebased the CPI to 2024 = 100; this series carries the earlier base and does NOT overlap the current one, so it is stored separately rather than spliced. The engine uses it only when no single series spans both bridge endpoints.",
IN,CPI,CPI-ALL-2012,CPI-ALL-2012,2024-12,2012,100.0,INR,195.4,,"https://api.mospi.gov.in/api/cpi/getCPIData?base_year=2012&level=Group&series=Current&year=<YEAR>&month_code=1,2,3,4,5,6,7,8,9,10,11,12&limit=100&page=<PAGE>&state_code=99&sector_code=3",false,"REAL. Consumer Price Index, Combined (rural + urban), All-India General index, base 2012 = 100, published monthly by the Ministry of Statistics and Programme Implementation / National Statistical Office, Government of India (eSankhyiki API, sector Combined, state All India). Value taken as published, no transformation. Retrieved 2026-09-11. NOTE: the publisher rebased the CPI to 2024 = 100; this series carries the earlier base and does NOT overlap the current one, so it is stored separately rather than spliced. The engine uses it only when no single series spans both bridge endpoints.",
IN,CPI,CPI-ALL-2012,CPI-ALL-2012,2025-01,2012,100.0,INR,193.4,,"https://api.mospi.gov.in/api/cpi/getCPIData?base_year=2012&level=Group&series=Current&year=<YEAR>&month_code=1,2,3,4,5,6,7,8,9,10,11,12&limit=100&page=<PAGE>&state_code=99&sector_code=3",false,"REAL. Consumer Price Index, Combined (rural + urban), All-India General index, base 2012 = 100, published monthly by the Ministry of Statistics and Programme Implementation / National Statistical Office, Government of India (eSankhyiki API, sector Combined, state All India). Value taken as published, no transformation. Retrieved 2026-09-11. NOTE: the publisher rebased the CPI to 2024 = 100; this series carries the earlier base and does NOT overlap the current one, so it is stored separately rather than spliced. The engine uses it only when no single series spans both bridge endpoints.",
IN,CPI,CPI-ALL-2012,CPI-ALL-2012,2025-02,2012,100.0,INR,192.5,,"https://api.mospi.gov.in/api/cpi/getCPIData?base_year=2012&level=Group&series=Current&year=<YEAR>&month_code=1,2,3,4,5,6,7,8,9,10,11,12&limit=100&page=<PAGE>&state_code=99&sector_code=3",false,"REAL. Consumer Price Index, Combined (rural + urban), All-India General index, base 2012 = 100, published monthly by the Ministry of Statistics and Programme Implementation / National Statistical Office, Government of India (eSankhyiki API, sector Combined, state All India). Value taken as published, no transformation. Retrieved 2026-09-11. NOTE: the publisher rebased the CPI to 2024 = 100; this series carries the earlier base and does NOT overlap the current one, so it is stored separately rather than spliced. The engine uses it only when no single series spans both bridge endpoints.",
IN,CPI,CPI-ALL-2012,CPI-ALL-2012,2025-03,2012,100.0,INR,192.0,,"https://api.mospi.gov.in/api/cpi/getCPIData?base_year=2012&level=Group&series=Current&year=<YEAR>&month_code=1,2,3,4,5,6,7,8,9,10,11,12&limit=100&page=<PAGE>&state_code=99&sector_code=3",false,"REAL. Consumer Price Index, Combined (rural + urban), All-India General index, base 2012 = 100, published monthly by the Ministry of Statistics and Programme Implementation / National Statistical Office, Government of India (eSankhyiki API, sector Combined, state All India). Value taken as published, no transformation. Retrieved 2026-09-11. NOTE: the publisher rebased the CPI to 2024 = 100; this series carries the earlier base and does NOT overlap the current one, so it is stored separately rather than spliced. The engine uses it only when no single series spans both bridge endpoints.",
IN,CPI,CPI-ALL-2012,CPI-ALL-2012,2025-04,2012,100.0,INR,192.6,,"https://api.mospi.gov.in/api/cpi/getCPIData?base_year=2012&level=Group&series=Current&year=<YEAR>&month_code=1,2,3,4,5,6,7,8,9,10,11,12&limit=100&page=<PAGE>&state_code=99&sector_code=3",false,"REAL. Consumer Price Index, Combined (rural + urban), All-India General index, base 2012 = 100, published monthly by the Ministry of Statistics and Programme Implementation / National Statistical Office, Government of India (eSankhyiki API, sector Combined, state All India). Value taken as published, no transformation. Retrieved 2026-09-11. NOTE: the publisher rebased the CPI to 2024 = 100; this series carries the earlier base and does NOT overlap the current one, so it is stored separately rather than spliced. The engine uses it only when no single series spans both bridge endpoints.",
IN,CPI,CPI-ALL-2012,CPI-ALL-2012,2025-05,2012,100.0,INR,193.0,,"https://api.mospi.gov.in/api/cpi/getCPIData?base_year=2012&level=Group&series=Current&year=<YEAR>&month_code=1,2,3,4,5,6,7,8,9,10,11,12&limit=100&page=<PAGE>&state_code=99&sector_code=3",false,"REAL. Consumer Price Index, Combined (rural + urban), All-India General index, base 2012 = 100, published monthly by the Ministry of Statistics and Programme Implementation / National Statistical Office, Government of India (eSankhyiki API, sector Combined, state All India). Value taken as published, no transformation. Retrieved 2026-09-11. NOTE: the publisher rebased the CPI to 2024 = 100; this series carries the earlier base and does NOT overlap the current one, so it is stored separately rather than spliced. The engine uses it only when no single series spans both bridge endpoints.",
IN,CPI,CPI-ALL-2012,CPI-ALL-2012,2025-06,2012,100.0,INR,194.2,,"https://api.mospi.gov.in/api/cpi/getCPIData?base_year=2012&level=Group&series=Current&year=<YEAR>&month_code=1,2,3,4,5,6,7,8,9,10,11,12&limit=100&page=<PAGE>&state_code=99&sector_code=3",false,"REAL. Consumer Price Index, Combined (rural + urban), All-India General index, base 2012 = 100, published monthly by the Ministry of Statistics and Programme Implementation / National Statistical Office, Government of India (eSankhyiki API, sector Combined, state All India). Value taken as published, no transformation. Retrieved 2026-09-11. NOTE: the publisher rebased the CPI to 2024 = 100; this series carries the earlier base and does NOT overlap the current one, so it is stored separately rather than spliced. The engine uses it only when no single series spans both bridge endpoints.",
IN,CPI,CPI-ALL-2012,CPI-ALL-2012,2025-07,2012,100.0,INR,196.1,,"https://api.mospi.gov.in/api/cpi/getCPIData?base_year=2012&level=Group&series=Current&year=<YEAR>&month_code=1,2,3,4,5,6,7,8,9,10,11,12&limit=100&page=<PAGE>&state_code=99&sector_code=3",false,"REAL. Consumer Price Index, Combined (rural + urban), All-India General index, base 2012 = 100, published monthly by the Ministry of Statistics and Programme Implementation / National Statistical Office, Government of India (eSankhyiki API, sector Combined, state All India). Value taken as published, no transformation. Retrieved 2026-09-11. NOTE: the publisher rebased the CPI to 2024 = 100; this series carries the earlier base and does NOT overlap the current one, so it is stored separately rather than spliced. The engine uses it only when no single series spans both bridge endpoints.",
IN,CPI,CPI-ALL-2012,CPI-ALL-2012,2025-08,2012,100.0,INR,197.0,,"https://api.mospi.gov.in/api/cpi/getCPIData?base_year=2012&level=Group&series=Current&year=<YEAR>&month_code=1,2,3,4,5,6,7,8,9,10,11,12&limit=100&page=<PAGE>&state_code=99&sector_code=3",false,"REAL. Consumer Price Index, Combined (rural + urban), All-India General index, base 2012 = 100, published monthly by the Ministry of Statistics and Programme Implementation / National Statistical Office, Government of India (eSankhyiki API, sector Combined, state All India). Release dated 2025-09-12. Value taken as published, no transformation. Retrieved 2026-09-11. NOTE: the publisher rebased the CPI to 2024 = 100; this series carries the earlier base and does NOT overlap the current one, so it is stored separately rather than spliced. The engine uses it only when no single series spans both bridge endpoints.",
IN,CPI,CPI-ALL-2012,CPI-ALL-2012,2025-09,2012,100.0,INR,197.0,,"https://api.mospi.gov.in/api/cpi/getCPIData?base_year=2012&level=Group&series=Current&year=<YEAR>&month_code=1,2,3,4,5,6,7,8,9,10,11,12&limit=100&page=<PAGE>&state_code=99&sector_code=3",false,"REAL. Consumer Price Index, Combined (rural + urban), All-India General index, base 2012 = 100, published monthly by the Ministry of Statistics and Programme Implementation / National Statistical Office, Government of India (eSankhyiki API, sector Combined, state All India). Release dated 2025-10-13. Value taken as published, no transformation. Retrieved 2026-09-11. NOTE: the publisher rebased the CPI to 2024 = 100; this series carries the earlier base and does NOT overlap the current one, so it is stored separately rather than spliced. The engine uses it only when no single series spans both bridge endpoints.",
IN,CPI,CPI-ALL-2012,CPI-ALL-2012,2025-10,2012,100.0,INR,197.3,,"https://api.mospi.gov.in/api/cpi/getCPIData?base_year=2012&level=Group&series=Current&year=<YEAR>&month_code=1,2,3,4,5,6,7,8,9,10,11,12&limit=100&page=<PAGE>&state_code=99&sector_code=3",false,"REAL. Consumer Price Index, Combined (rural + urban), All-India General index, base 2012 = 100, published monthly by the Ministry of Statistics and Programme Implementation / National Statistical Office, Government of India (eSankhyiki API, sector Combined, state All India). Release dated 2025-11-12. Value taken as published, no transformation. Retrieved 2026-09-11. NOTE: the publisher rebased the CPI to 2024 = 100; this series carries the earlier base and does NOT overlap the current one, so it is stored separately rather than spliced. The engine uses it only when no single series spans both bridge endpoints.",
IN,CPI,CPI-ALL-2012,CPI-ALL-2012,2025-11,2012,100.0,INR,197.9,,"https://api.mospi.gov.in/api/cpi/getCPIData?base_year=2012&level=Group&series=Current&year=<YEAR>&month_code=1,2,3,4,5,6,7,8,9,10,11,12&limit=100&page=<PAGE>&state_code=99&sector_code=3",false,"REAL. Consumer Price Index, Combined (rural + urban), All-India General index, base 2012 = 100, published monthly by the Ministry of Statistics and Programme Implementation / National Statistical Office, Government of India (eSankhyiki API, sector Combined, state All India). Release dated 2025-12-12. Value taken as published, no transformation. Retrieved 2026-09-11. NOTE: the publisher rebased the CPI to 2024 = 100; this series carries the earlier base and does NOT overlap the current one, so it is stored separately rather than spliced. The engine uses it only when no single series spans both bridge endpoints.",
IN,CPI,CPI-ALL-2012,CPI-ALL-2012,2025-12,2012,100.0,INR,198.0,,"https://api.mospi.gov.in/api/cpi/getCPIData?base_year=2012&level=Group&series=Current&year=<YEAR>&month_code=1,2,3,4,5,6,7,8,9,10,11,12&limit=100&page=<PAGE>&state_code=99&sector_code=3",false,"REAL. Consumer Price Index, Combined (rural + urban), All-India General index, base 2012 = 100, published monthly by the Ministry of Statistics and Programme Implementation / National Statistical Office, Government of India (eSankhyiki API, sector Combined, state All India). Release dated 2026-01-12. Value taken as published, no transformation. Retrieved 2026-09-11. NOTE: the publisher rebased the CPI to 2024 = 100; this series carries the earlier base and does NOT overlap the current one, so it is stored separately rather than spliced. The engine uses it only when no single series spans both bridge endpoints.",
IN,PPI,PPI-CEM,"Wholesale/Producer Price Index of Cement, India",2023-04,2022,100.0,INR,98.5,Concrete;Masonry;Plaster,https://eaindustry.nic.in/download_data_2223.asp,false,"REAL DATA. Office of the Economic Adviser, DPIIT, Ministry of Commerce and Industry - PRODUCER price index (published alongside the WPI), base 2022-23 = 100. Commodity 'Cement', published weight 1.45826 of the index basket. Value taken as published, no transformation. Section mapping rationale: cement is the dominant bought-in input to concrete, blockwork and render.",
IN,PPI,PPI-CEM,"Wholesale/Producer Price Index of Cement, India",2023-05,2022,100.0,INR,98.2,Concrete;Masonry;Plaster,https://eaindustry.nic.in/download_data_2223.asp,false,"REAL DATA. Office of the Economic Adviser, DPIIT, Ministry of Commerce and Industry - PRODUCER price index (published alongside the WPI), base 2022-23 = 100. Commodity 'Cement', published weight 1.45826 of the index basket. Value taken as published, no transformation. Section mapping rationale: cement is the dominant bought-in input to concrete, blockwork and render.",
IN,PPI,PPI-CEM,"Wholesale/Producer Price Index of Cement, India",2023-06,2022,100.0,INR,97.8,Concrete;Masonry;Plaster,https://eaindustry.nic.in/download_data_2223.asp,false,"REAL DATA. Office of the Economic Adviser, DPIIT, Ministry of Commerce and Industry - PRODUCER price index (published alongside the WPI), base 2022-23 = 100. Commodity 'Cement', published weight 1.45826 of the index basket. Value taken as published, no transformation. Section mapping rationale: cement is the dominant bought-in input to concrete, blockwork and render.",
IN,PPI,PPI-CEM,"Wholesale/Producer Price Index of Cement, India",2023-07,2022,100.0,INR,97.8,Concrete;Masonry;Plaster,https://eaindustry.nic.in/download_data_2223.asp,false,"REAL DATA. Office of the Economic Adviser, DPIIT, Ministry of Commerce and Industry - PRODUCER price index (published alongside the WPI), base 2022-23 = 100. Commodity 'Cement', published weight 1.45826 of the index basket. Value taken as published, no transformation. Section mapping rationale: cement is the dominant bought-in input to concrete, blockwork and render.",
IN,PPI,PPI-CEM,"Wholesale/Producer Price Index of Cement, India",2023-08,2022,100.0,INR,97.7,Concrete;Masonry;Plaster,https://eaindustry.nic.in/download_data_2223.asp,false,"REAL DATA. Office of the Economic Adviser, DPIIT, Ministry of Commerce and Industry - PRODUCER price index (published alongside the WPI), base 2022-23 = 100. Commodity 'Cement', published weight 1.45826 of the index basket. Value taken as published, no transformation. Section mapping rationale: cement is the dominant bought-in input to concrete, blockwork and render.",
IN,PPI,PPI-CEM,"Wholesale/Producer Price Index of Cement, India",2023-09,2022,100.0,INR,98.7,Concrete;Masonry;Plaster,https://eaindustry.nic.in/download_data_2223.asp,false,"REAL DATA. Office of the Economic Adviser, DPIIT, Ministry of Commerce and Industry - PRODUCER price index (published alongside the WPI), base 2022-23 = 100. Commodity 'Cement', published weight 1.45826 of the index basket. Value taken as published, no transformation. Section mapping rationale: cement is the dominant bought-in input to concrete, blockwork and render.",
IN,PPI,PPI-CEM,"Wholesale/Producer Price Index of Cement, India",2023-10,2022,100.0,INR,101.2,Concrete;Masonry;Plaster,https://eaindustry.nic.in/download_data_2223.asp,false,"REAL DATA. Office of the Economic Adviser, DPIIT, Ministry of Commerce and Industry - PRODUCER price index (published alongside the WPI), base 2022-23 = 100. Commodity 'Cement', published weight 1.45826 of the index basket. Value taken as published, no transformation. Section mapping rationale: cement is the dominant bought-in input to concrete, blockwork and render.",
IN,PPI,PPI-CEM,"Wholesale/Producer Price Index of Cement, India",2023-11,2022,100.0,INR,101.2,Concrete;Masonry;Plaster,https://eaindustry.nic.in/download_data_2223.asp,false,"REAL DATA. Office of the Economic Adviser, DPIIT, Ministry of Commerce and Industry - PRODUCER price index (published alongside the WPI), base 2022-23 = 100. Commodity 'Cement', published weight 1.45826 of the index basket. Value taken as published, no transformation. Section mapping rationale: cement is the dominant bought-in input to concrete, blockwork and render.",
IN,PPI,PPI-CEM,"Wholesale/Producer Price Index of Cement, India",2023-12,2022,100.0,INR,99.6,Concrete;Masonry;Plaster,https://eaindustry.nic.in/download_data_2223.asp,false,"REAL DATA. Office of the Economic Adviser, DPIIT, Ministry of Commerce and Industry - PRODUCER price index (published alongside the WPI), base 2022-23 = 100. Commodity 'Cement', published weight 1.45826 of the index basket. Value taken as published, no transformation. Section mapping rationale: cement is the dominant bought-in input to concrete, blockwork and render.",
IN,PPI,PPI-CEM,"Wholesale/Producer Price Index of Cement, India",2024-01,2022,100.0,INR,98.1,Concrete;Masonry;Plaster,https://eaindustry.nic.in/download_data_2223.asp,false,"REAL DATA. Office of the Economic Adviser, DPIIT, Ministry of Commerce and Industry - PRODUCER price index (published alongside the WPI), base 2022-23 = 100. Commodity 'Cement', published weight 1.45826 of the index basket. Value taken as published, no transformation. Section mapping rationale: cement is the dominant bought-in input to concrete, blockwork and render.",
IN,PPI,PPI-CEM,"Wholesale/Producer Price Index of Cement, India",2024-02,2022,100.0,INR,97.4,Concrete;Masonry;Plaster,https://eaindustry.nic.in/download_data_2223.asp,false,"REAL DATA. Office of the Economic Adviser, DPIIT, Ministry of Commerce and Industry - PRODUCER price index (published alongside the WPI), base 2022-23 = 100. Commodity 'Cement', published weight 1.45826 of the index basket. Value taken as published, no transformation. Section mapping rationale: cement is the dominant bought-in input to concrete, blockwork and render.",
IN,PPI,PPI-CEM,"Wholesale/Producer Price Index of Cement, India",2024-03,2022,100.0,INR,95.9,Concrete;Masonry;Plaster,https://eaindustry.nic.in/download_data_2223.asp,false,"REAL DATA. Office of the Economic Adviser, DPIIT, Ministry of Commerce and Industry - PRODUCER price index (published alongside the WPI), base 2022-23 = 100. Commodity 'Cement', published weight 1.45826 of the index basket. Value taken as published, no transformation. Section mapping rationale: cement is the dominant bought-in input to concrete, blockwork and render.",
IN,PPI,PPI-CEM,"Wholesale/Producer Price Index of Cement, India",2024-04,2022,100.0,INR,95.5,Concrete;Masonry;Plaster,https://eaindustry.nic.in/download_data_2223.asp,false,"REAL DATA. Office of the Economic Adviser, DPIIT, Ministry of Commerce and Industry - PRODUCER price index (published alongside the WPI), base 2022-23 = 100. Commodity 'Cement', published weight 1.45826 of the index basket. Value taken as published, no transformation. Section mapping rationale: cement is the dominant bought-in input to concrete, blockwork and render.",
IN,PPI,PPI-CEM,"Wholesale/Producer Price Index of Cement, India",2024-05,2022,100.0,INR,94.9,Concrete;Masonry;Plaster,https://eaindustry.nic.in/download_data_2223.asp,false,"REAL DATA. Office of the Economic Adviser, DPIIT, Ministry of Commerce and Industry - PRODUCER price index (published alongside the WPI), base 2022-23 = 100. Commodity 'Cement', published weight 1.45826 of the index basket. Value taken as published, no transformation. Section mapping rationale: cement is the dominant bought-in input to concrete, blockwork and render.",
IN,PPI,PPI-CEM,"Wholesale/Producer Price Index of Cement, India",2024-06,2022,100.0,INR,94.1,Concrete;Masonry;Plaster,https://eaindustry.nic.in/download_data_2223.asp,false,"REAL DATA. Office of the Economic Adviser, DPIIT, Ministry of Commerce and Industry - PRODUCER price index (published alongside the WPI), base 2022-23 = 100. Commodity 'Cement', published weight 1.45826 of the index basket. Value taken as published, no transformation. Section mapping rationale: cement is the dominant bought-in input to concrete, blockwork and render.",
IN,PPI,PPI-CEM,"Wholesale/Producer Price Index of Cement, India",2024-07,2022,100.0,INR,92.4,Concrete;Masonry;Plaster,https://eaindustry.nic.in/download_data_2223.asp,false,"REAL DATA. Office of the Economic Adviser, DPIIT, Ministry of Commerce and Industry - PRODUCER price index (published alongside the WPI), base 2022-23 = 100. Commodity 'Cement', published weight 1.45826 of the index basket. Value taken as published, no transformation. Section mapping rationale: cement is the dominant bought-in input to concrete, blockwork and render.",
IN,PPI,PPI-CEM,"Wholesale/Producer Price Index of Cement, India",2024-08,2022,100.0,INR,91.6,Concrete;Masonry;Plaster,https://eaindustry.nic.in/download_data_2223.asp,false,"REAL DATA. Office of the Economic Adviser, DPIIT, Ministry of Commerce and Industry - PRODUCER price index (published alongside the WPI), base 2022-23 = 100. Commodity 'Cement', published weight 1.45826 of the index basket. Value taken as published, no transformation. Section mapping rationale: cement is the dominant bought-in input to concrete, blockwork and render.",
IN,PPI,PPI-CEM,"Wholesale/Producer Price Index of Cement, India",2024-09,2022,100.0,INR,94.0,Concrete;Masonry;Plaster,https://eaindustry.nic.in/download_data_2223.asp,false,"REAL DATA. Office of the Economic Adviser, DPIIT, Ministry of Commerce and Industry - PRODUCER price index (published alongside the WPI), base 2022-23 = 100. Commodity 'Cement', published weight 1.45826 of the index basket. Value taken as published, no transformation. Section mapping rationale: cement is the dominant bought-in input to concrete, blockwork and render.",
IN,PPI,PPI-CEM,"Wholesale/Producer Price Index of Cement, India",2024-10,2022,100.0,INR,93.6,Concrete;Masonry;Plaster,https://eaindustry.nic.in/download_data_2223.asp,false,"REAL DATA. Office of the Economic Adviser, DPIIT, Ministry of Commerce and Industry - PRODUCER price index (published alongside the WPI), base 2022-23 = 100. Commodity 'Cement', published weight 1.45826 of the index basket. Value taken as published, no transformation. Section mapping rationale: cement is the dominant bought-in input to concrete, blockwork and render.",
IN,PPI,PPI-CEM,"Wholesale/Producer Price Index of Cement, India",2024-11,2022,100.0,INR,93.3,Concrete;Masonry;Plaster,https://eaindustry.nic.in/download_data_2223.asp,false,"REAL DATA. Office of the Economic Adviser, DPIIT, Ministry of Commerce and Industry - PRODUCER price index (published alongside the WPI), base 2022-23 = 100. Commodity 'Cement', published weight 1.45826 of the index basket. Value taken as published, no transformation. Section mapping rationale: cement is the dominant bought-in input to concrete, blockwork and render.",
IN,PPI,PPI-CEM,"Wholesale/Producer Price Index of Cement, India",2024-12,2022,100.0,INR,94.5,Concrete;Masonry;Plaster,https://eaindustry.nic.in/download_data_2223.asp,false,"REAL DATA. Office of the Economic Adviser, DPIIT, Ministry of Commerce and Industry - PRODUCER price index (published alongside the WPI), base 2022-23 = 100. Commodity 'Cement', published weight 1.45826 of the index basket. Value taken as published, no transformation. Section mapping rationale: cement is the dominant bought-in input to concrete, blockwork and render.",
IN,PPI,PPI-CEM,"Wholesale/Producer Price Index of Cement, India",2025-01,2022,100.0,INR,94.5,Concrete;Masonry;Plaster,https://eaindustry.nic.in/download_data_2223.asp,false,"REAL DATA. Office of the Economic Adviser, DPIIT, Ministry of Commerce and Industry - PRODUCER price index (published alongside the WPI), base 2022-23 = 100. Commodity 'Cement', published weight 1.45826 of the index basket. Value taken as published, no transformation. Section mapping rationale: cement is the dominant bought-in input to concrete, blockwork and render.",
IN,PPI,PPI-CEM,"Wholesale/Producer Price Index of Cement, India",2025-02,2022,100.0,INR,94.9,Concrete;Masonry;Plaster,https://eaindustry.nic.in/download_data_2223.asp,false,"REAL DATA. Office of the Economic Adviser, DPIIT, Ministry of Commerce and Industry - PRODUCER price index (published alongside the WPI), base 2022-23 = 100. Commodity 'Cement', published weight 1.45826 of the index basket. Value taken as published, no transformation. Section mapping rationale: cement is the dominant bought-in input to concrete, blockwork and render.",
IN,PPI,PPI-CEM,"Wholesale/Producer Price Index of Cement, India",2025-03,2022,100.0,INR,94.9,Concrete;Masonry;Plaster,https://eaindustry.nic.in/download_data_2223.asp,false,"REAL DATA. Office of the Economic Adviser, DPIIT, Ministry of Commerce and Industry - PRODUCER price index (published alongside the WPI), base 2022-23 = 100. Commodity 'Cement', published weight 1.45826 of the index basket. Value taken as published, no transformation. Section mapping rationale: cement is the dominant bought-in input to concrete, blockwork and render.",
IN,PPI,PPI-CEM,"Wholesale/Producer Price Index of Cement, India",2025-04,2022,100.0,INR,96.1,Concrete;Masonry;Plaster,https://eaindustry.nic.in/download_data_2223.asp,false,"REAL DATA. Office of the Economic Adviser, DPIIT, Ministry of Commerce and Industry - PRODUCER price index (published alongside the WPI), base 2022-23 = 100. Commodity 'Cement', published weight 1.45826 of the index basket. Value taken as published, no transformation. Section mapping rationale: cement is the dominant bought-in input to concrete, blockwork and render.",
IN,PPI,PPI-CEM,"Wholesale/Producer Price Index of Cement, India",2025-05,2022,100.0,INR,96.7,Concrete;Masonry;Plaster,https://eaindustry.nic.in/download_data_2223.asp,false,"REAL DATA. Office of the Economic Adviser, DPIIT, Ministry of Commerce and Industry - PRODUCER price index (published alongside the WPI), base 2022-23 = 100. Commodity 'Cement', published weight 1.45826 of the index basket. Value taken as published, no transformation. Section mapping rationale: cement is the dominant bought-in input to concrete, blockwork and render.",
IN,PPI,PPI-CEM,"Wholesale/Producer Price Index of Cement, India",2025-06,2022,100.0,INR,96.6,Concrete;Masonry;Plaster,https://eaindustry.nic.in/download_data_2223.asp,false,"REAL DATA. Office of the Economic Adviser, DPIIT, Ministry of Commerce and Industry - PRODUCER price index (published alongside the WPI), base 2022-23 = 100. Commodity 'Cement', published weight 1.45826 of the index basket. Value taken as published, no transformation. Section mapping rationale: cement is the dominant bought-in input to concrete, blockwork and render.",
IN,PPI,PPI-CEM,"Wholesale/Producer Price Index of Cement, India",2025-07,2022,100.0,INR,95.9,Concrete;Masonry;Plaster,https://eaindustry.nic.in/download_data_2223.asp,false,"REAL DATA. Office of the Economic Adviser, DPIIT, Ministry of Commerce and Industry - PRODUCER price index (published alongside the WPI), base 2022-23 = 100. Commodity 'Cement', published weight 1.45826 of the index basket. Value taken as published, no transformation. Section mapping rationale: cement is the dominant bought-in input to concrete, blockwork and render.",
IN,PPI,PPI-CEM,"Wholesale/Producer Price Index of Cement, India",2025-08,2022,100.0,INR,95.4,Concrete;Masonry;Plaster,https://eaindustry.nic.in/download_data_2223.asp,false,"REAL DATA. Office of the Economic Adviser, DPIIT, Ministry of Commerce and Industry - PRODUCER price index (published alongside the WPI), base 2022-23 = 100. Commodity 'Cement', published weight 1.45826 of the index basket. Value taken as published, no transformation. Section mapping rationale: cement is the dominant bought-in input to concrete, blockwork and render.",
IN,PPI,PPI-CEM,"Wholesale/Producer Price Index of Cement, India",2025-09,2022,100.0,INR,95.1,Concrete;Masonry;Plaster,https://eaindustry.nic.in/download_data_2223.asp,false,"REAL DATA. Office of the Economic Adviser, DPIIT, Ministry of Commerce and Industry - PRODUCER price index (published alongside the WPI), base 2022-23 = 100. Commodity 'Cement', published weight 1.45826 of the index basket. Value taken as published, no transformation. Section mapping rationale: cement is the dominant bought-in input to concrete, blockwork and render.",
IN,PPI,PPI-CEM,"Wholesale/Producer Price Index of Cement, India",2025-10,2022,100.0,INR,94.2,Concrete;Masonry;Plaster,https://eaindustry.nic.in/download_data_2223.asp,false,"REAL DATA. Office of the Economic Adviser, DPIIT, Ministry of Commerce and Industry - PRODUCER price index (published alongside the WPI), base 2022-23 = 100. Commodity 'Cement', published weight 1.45826 of the index basket. Value taken as published, no transformation. Section mapping rationale: cement is the dominant bought-in input to concrete, blockwork and render.",
IN,PPI,PPI-CEM,"Wholesale/Producer Price Index of Cement, India",2025-11,2022,100.0,INR,94.3,Concrete;Masonry;Plaster,https://eaindustry.nic.in/download_data_2223.asp,false,"REAL DATA. Office of the Economic Adviser, DPIIT, Ministry of Commerce and Industry - PRODUCER price index (published alongside the WPI), base 2022-23 = 100. Commodity 'Cement', published weight 1.45826 of the index basket. Value taken as published, no transformation. Section mapping rationale: cement is the dominant bought-in input to concrete, blockwork and render.",
IN,PPI,PPI-CEM,"Wholesale/Producer Price Index of Cement, India",2025-12,2022,100.0,INR,93.8,Concrete;Masonry;Plaster,https://eaindustry.nic.in/download_data_2223.asp,false,"REAL DATA. Office of the Economic Adviser, DPIIT, Ministry of Commerce and Industry - PRODUCER price index (published alongside the WPI), base 2022-23 = 100. Commodity 'Cement', published weight 1.45826 of the index basket. Value taken as published, no transformation. Section mapping rationale: cement is the dominant bought-in input to concrete, blockwork and render.",
IN,PPI,PPI-CEM,"Wholesale/Producer Price Index of Cement, India",2026-01,2022,100.0,INR,93.8,Concrete;Masonry;Plaster,https://eaindustry.nic.in/download_data_2223.asp,false,"REAL DATA. Office of the Economic Adviser, DPIIT, Ministry of Commerce and Industry - PRODUCER price index (published alongside the WPI), base 2022-23 = 100. Commodity 'Cement', published weight 1.45826 of the index basket. Value taken as published, no transformation. Section mapping rationale: cement is the dominant bought-in input to concrete, blockwork and render.",
IN,PPI,PPI-CEM,"Wholesale/Producer Price Index of Cement, India",2026-02,2022,100.0,INR,94.0,Concrete;Masonry;Plaster,https://eaindustry.nic.in/download_data_2223.asp,false,"REAL DATA. Office of the Economic Adviser, DPIIT, Ministry of Commerce and Industry - PRODUCER price index (published alongside the WPI), base 2022-23 = 100. Commodity 'Cement', published weight 1.45826 of the index basket. Value taken as published, no transformation. Section mapping rationale: cement is the dominant bought-in input to concrete, blockwork and render.",
IN,PPI,PPI-CEM,"Wholesale/Producer Price Index of Cement, India",2026-03,2022,100.0,INR,94.9,Concrete;Masonry;Plaster,https://eaindustry.nic.in/download_data_2223.asp,false,"REAL DATA. Office of the Economic Adviser, DPIIT, Ministry of Commerce and Industry - PRODUCER price index (published alongside the WPI), base 2022-23 = 100. Commodity 'Cement', published weight 1.45826 of the index basket. Value taken as published, no transformation. Section mapping rationale: cement is the dominant bought-in input to concrete, blockwork and render.",
IN,PPI,PPI-CEM,"Wholesale/Producer Price Index of Cement, India",2026-04,2022,100.0,INR,96.5,Concrete;Masonry;Plaster,https://eaindustry.nic.in/download_data_2223.asp,false,"REAL DATA. Office of the Economic Adviser, DPIIT, Ministry of Commerce and Industry - PRODUCER price index (published alongside the WPI), base 2022-23 = 100. Commodity 'Cement', published weight 1.45826 of the index basket. Value taken as published, no transformation. Section mapping rationale: cement is the dominant bought-in input to concrete, blockwork and render.",
IN,PPI,PPI-CEM,"Wholesale/Producer Price Index of Cement, India",2026-05,2022,100.0,INR,96.5,Concrete;Masonry;Plaster,https://eaindustry.nic.in/download_data_2223.asp,false,"REAL DATA. Office of the Economic Adviser, DPIIT, Ministry of Commerce and Industry - PRODUCER price index (published alongside the WPI), base 2022-23 = 100. Commodity 'Cement', published weight 1.45826 of the index basket. Value taken as published, no transformation. Section mapping rationale: cement is the dominant bought-in input to concrete, blockwork and render.",
IN,PPI,PPI-CEM,"Wholesale/Producer Price Index of Cement, India",2026-06,2022,100.0,INR,96.4,Concrete;Masonry;Plaster,https://eaindustry.nic.in/download_data_2223.asp,false,"REAL DATA. Office of the Economic Adviser, DPIIT, Ministry of Commerce and Industry - PRODUCER price index (published alongside the WPI), base 2022-23 = 100. Commodity 'Cement', published weight 1.45826 of the index basket. Value taken as published, no transformation. Section mapping rationale: cement is the dominant bought-in input to concrete, blockwork and render.",
IN,PPI,PPI-CEM,"Wholesale/Producer Price Index of Cement, India",2026-07,2022,100.0,INR,96.6,Concrete;Masonry;Plaster,https://eaindustry.nic.in/download_data_2223.asp,false,"REAL DATA. Office of the Economic Adviser, DPIIT, Ministry of Commerce and Industry - PRODUCER price index (published alongside the WPI), base 2022-23 = 100. Commodity 'Cement', published weight 1.45826 of the index basket. Value taken as published, no transformation. Section mapping rationale: cement is the dominant bought-in input to concrete, blockwork and render.",
IN,PPI,PPI-STL,"Wholesale/Producer Price Index of Iron And Steel Ferro Alloys, India",2023-04,2022,100.0,INR,97.9,Reinforcement;Piling;M&E Containment,https://eaindustry.nic.in/download_data_2223.asp,false,"REAL DATA. Office of the Economic Adviser, DPIIT, Ministry of Commerce and Industry - PRODUCER price index (published alongside the WPI), base 2022-23 = 100. Commodity 'Iron And Steel Ferro Alloys', published weight 1.94177 of the index basket. Value taken as published, no transformation. Section mapping rationale: ferro-alloys and basic steel feed reinforcement, pile cages, and steel conduit and tray.",
IN,PPI,PPI-STL,"Wholesale/Producer Price Index of Iron And Steel Ferro Alloys, India",2023-05,2022,100.0,INR,95.7,Reinforcement;Piling;M&E Containment,https://eaindustry.nic.in/download_data_2223.asp,false,"REAL DATA. Office of the Economic Adviser, DPIIT, Ministry of Commerce and Industry - PRODUCER price index (published alongside the WPI), base 2022-23 = 100. Commodity 'Iron And Steel Ferro Alloys', published weight 1.94177 of the index basket. Value taken as published, no transformation. Section mapping rationale: ferro-alloys and basic steel feed reinforcement, pile cages, and steel conduit and tray.",
IN,PPI,PPI-STL,"Wholesale/Producer Price Index of Iron And Steel Ferro Alloys, India",2023-06,2022,100.0,INR,93.1,Reinforcement;Piling;M&E Containment,https://eaindustry.nic.in/download_data_2223.asp,false,"REAL DATA. Office of the Economic Adviser, DPIIT, Ministry of Commerce and Industry - PRODUCER price index (published alongside the WPI), base 2022-23 = 100. Commodity 'Iron And Steel Ferro Alloys', published weight 1.94177 of the index basket. Value taken as published, no transformation. Section mapping rationale: ferro-alloys and basic steel feed reinforcement, pile cages, and steel conduit and tray.",
IN,PPI,PPI-STL,"Wholesale/Producer Price Index of Iron And Steel Ferro Alloys, India",2023-07,2022,100.0,INR,90.7,Reinforcement;Piling;M&E Containment,https://eaindustry.nic.in/download_data_2223.asp,false,"REAL DATA. Office of the Economic Adviser, DPIIT, Ministry of Commerce and Industry - PRODUCER price index (published alongside the WPI), base 2022-23 = 100. Commodity 'Iron And Steel Ferro Alloys', published weight 1.94177 of the index basket. Value taken as published, no transformation. Section mapping rationale: ferro-alloys and basic steel feed reinforcement, pile cages, and steel conduit and tray.",
IN,PPI,PPI-STL,"Wholesale/Producer Price Index of Iron And Steel Ferro Alloys, India",2023-08,2022,100.0,INR,91.2,Reinforcement;Piling;M&E Containment,https://eaindustry.nic.in/download_data_2223.asp,false,"REAL DATA. Office of the Economic Adviser, DPIIT, Ministry of Commerce and Industry - PRODUCER price index (published alongside the WPI), base 2022-23 = 100. Commodity 'Iron And Steel Ferro Alloys', published weight 1.94177 of the index basket. Value taken as published, no transformation. Section mapping rationale: ferro-alloys and basic steel feed reinforcement, pile cages, and steel conduit and tray.",
IN,PPI,PPI-STL,"Wholesale/Producer Price Index of Iron And Steel Ferro Alloys, India",2023-09,2022,100.0,INR,94.2,Reinforcement;Piling;M&E Containment,https://eaindustry.nic.in/download_data_2223.asp,false,"REAL DATA. Office of the Economic Adviser, DPIIT, Ministry of Commerce and Industry - PRODUCER price index (published alongside the WPI), base 2022-23 = 100. Commodity 'Iron And Steel Ferro Alloys', published weight 1.94177 of the index basket. Value taken as published, no transformation. Section mapping rationale: ferro-alloys and basic steel feed reinforcement, pile cages, and steel conduit and tray.",
IN,PPI,PPI-STL,"Wholesale/Producer Price Index of Iron And Steel Ferro Alloys, India",2023-10,2022,100.0,INR,92.8,Reinforcement;Piling;M&E Containment,https://eaindustry.nic.in/download_data_2223.asp,false,"REAL DATA. Office of the Economic Adviser, DPIIT, Ministry of Commerce and Industry - PRODUCER price index (published alongside the WPI), base 2022-23 = 100. Commodity 'Iron And Steel Ferro Alloys', published weight 1.94177 of the index basket. Value taken as published, no transformation. Section mapping rationale: ferro-alloys and basic steel feed reinforcement, pile cages, and steel conduit and tray.",
IN,PPI,PPI-STL,"Wholesale/Producer Price Index of Iron And Steel Ferro Alloys, India",2023-11,2022,100.0,INR,91.1,Reinforcement;Piling;M&E Containment,https://eaindustry.nic.in/download_data_2223.asp,false,"REAL DATA. Office of the Economic Adviser, DPIIT, Ministry of Commerce and Industry - PRODUCER price index (published alongside the WPI), base 2022-23 = 100. Commodity 'Iron And Steel Ferro Alloys', published weight 1.94177 of the index basket. Value taken as published, no transformation. Section mapping rationale: ferro-alloys and basic steel feed reinforcement, pile cages, and steel conduit and tray.",
IN,PPI,PPI-STL,"Wholesale/Producer Price Index of Iron And Steel Ferro Alloys, India",2023-12,2022,100.0,INR,90.2,Reinforcement;Piling;M&E Containment,https://eaindustry.nic.in/download_data_2223.asp,false,"REAL DATA. Office of the Economic Adviser, DPIIT, Ministry of Commerce and Industry - PRODUCER price index (published alongside the WPI), base 2022-23 = 100. Commodity 'Iron And Steel Ferro Alloys', published weight 1.94177 of the index basket. Value taken as published, no transformation. Section mapping rationale: ferro-alloys and basic steel feed reinforcement, pile cages, and steel conduit and tray.",
IN,PPI,PPI-STL,"Wholesale/Producer Price Index of Iron And Steel Ferro Alloys, India",2024-01,2022,100.0,INR,90.1,Reinforcement;Piling;M&E Containment,https://eaindustry.nic.in/download_data_2223.asp,false,"REAL DATA. Office of the Economic Adviser, DPIIT, Ministry of Commerce and Industry - PRODUCER price index (published alongside the WPI), base 2022-23 = 100. Commodity 'Iron And Steel Ferro Alloys', published weight 1.94177 of the index basket. Value taken as published, no transformation. Section mapping rationale: ferro-alloys and basic steel feed reinforcement, pile cages, and steel conduit and tray.",
IN,PPI,PPI-STL,"Wholesale/Producer Price Index of Iron And Steel Ferro Alloys, India",2024-02,2022,100.0,INR,89.0,Reinforcement;Piling;M&E Containment,https://eaindustry.nic.in/download_data_2223.asp,false,"REAL DATA. Office of the Economic Adviser, DPIIT, Ministry of Commerce and Industry - PRODUCER price index (published alongside the WPI), base 2022-23 = 100. Commodity 'Iron And Steel Ferro Alloys', published weight 1.94177 of the index basket. Value taken as published, no transformation. Section mapping rationale: ferro-alloys and basic steel feed reinforcement, pile cages, and steel conduit and tray.",
IN,PPI,PPI-STL,"Wholesale/Producer Price Index of Iron And Steel Ferro Alloys, India",2024-03,2022,100.0,INR,88.5,Reinforcement;Piling;M&E Containment,https://eaindustry.nic.in/download_data_2223.asp,false,"REAL DATA. Office of the Economic Adviser, DPIIT, Ministry of Commerce and Industry - PRODUCER price index (published alongside the WPI), base 2022-23 = 100. Commodity 'Iron And Steel Ferro Alloys', published weight 1.94177 of the index basket. Value taken as published, no transformation. Section mapping rationale: ferro-alloys and basic steel feed reinforcement, pile cages, and steel conduit and tray.",
IN,PPI,PPI-STL,"Wholesale/Producer Price Index of Iron And Steel Ferro Alloys, India",2024-04,2022,100.0,INR,91.0,Reinforcement;Piling;M&E Containment,https://eaindustry.nic.in/download_data_2223.asp,false,"REAL DATA. Office of the Economic Adviser, DPIIT, Ministry of Commerce and Industry - PRODUCER price index (published alongside the WPI), base 2022-23 = 100. Commodity 'Iron And Steel Ferro Alloys', published weight 1.94177 of the index basket. Value taken as published, no transformation. Section mapping rationale: ferro-alloys and basic steel feed reinforcement, pile cages, and steel conduit and tray.",
IN,PPI,PPI-STL,"Wholesale/Producer Price Index of Iron And Steel Ferro Alloys, India",2024-05,2022,100.0,INR,94.2,Reinforcement;Piling;M&E Containment,https://eaindustry.nic.in/download_data_2223.asp,false,"REAL DATA. Office of the Economic Adviser, DPIIT, Ministry of Commerce and Industry - PRODUCER price index (published alongside the WPI), base 2022-23 = 100. Commodity 'Iron And Steel Ferro Alloys', published weight 1.94177 of the index basket. Value taken as published, no transformation. Section mapping rationale: ferro-alloys and basic steel feed reinforcement, pile cages, and steel conduit and tray.",
IN,PPI,PPI-STL,"Wholesale/Producer Price Index of Iron And Steel Ferro Alloys, India",2024-06,2022,100.0,INR,93.5,Reinforcement;Piling;M&E Containment,https://eaindustry.nic.in/download_data_2223.asp,false,"REAL DATA. Office of the Economic Adviser, DPIIT, Ministry of Commerce and Industry - PRODUCER price index (published alongside the WPI), base 2022-23 = 100. Commodity 'Iron And Steel Ferro Alloys', published weight 1.94177 of the index basket. Value taken as published, no transformation. Section mapping rationale: ferro-alloys and basic steel feed reinforcement, pile cages, and steel conduit and tray.",
IN,PPI,PPI-STL,"Wholesale/Producer Price Index of Iron And Steel Ferro Alloys, India",2024-07,2022,100.0,INR,89.3,Reinforcement;Piling;M&E Containment,https://eaindustry.nic.in/download_data_2223.asp,false,"REAL DATA. Office of the Economic Adviser, DPIIT, Ministry of Commerce and Industry - PRODUCER price index (published alongside the WPI), base 2022-23 = 100. Commodity 'Iron And Steel Ferro Alloys', published weight 1.94177 of the index basket. Value taken as published, no transformation. Section mapping rationale: ferro-alloys and basic steel feed reinforcement, pile cages, and steel conduit and tray.",
IN,PPI,PPI-STL,"Wholesale/Producer Price Index of Iron And Steel Ferro Alloys, India",2024-08,2022,100.0,INR,86.6,Reinforcement;Piling;M&E Containment,https://eaindustry.nic.in/download_data_2223.asp,false,"REAL DATA. Office of the Economic Adviser, DPIIT, Ministry of Commerce and Industry - PRODUCER price index (published alongside the WPI), base 2022-23 = 100. Commodity 'Iron And Steel Ferro Alloys', published weight 1.94177 of the index basket. Value taken as published, no transformation. Section mapping rationale: ferro-alloys and basic steel feed reinforcement, pile cages, and steel conduit and tray.",
IN,PPI,PPI-STL,"Wholesale/Producer Price Index of Iron And Steel Ferro Alloys, India",2024-09,2022,100.0,INR,85.8,Reinforcement;Piling;M&E Containment,https://eaindustry.nic.in/download_data_2223.asp,false,"REAL DATA. Office of the Economic Adviser, DPIIT, Ministry of Commerce and Industry - PRODUCER price index (published alongside the WPI), base 2022-23 = 100. Commodity 'Iron And Steel Ferro Alloys', published weight 1.94177 of the index basket. Value taken as published, no transformation. Section mapping rationale: ferro-alloys and basic steel feed reinforcement, pile cages, and steel conduit and tray.",
IN,PPI,PPI-STL,"Wholesale/Producer Price Index of Iron And Steel Ferro Alloys, India",2024-10,2022,100.0,INR,88.9,Reinforcement;Piling;M&E Containment,https://eaindustry.nic.in/download_data_2223.asp,false,"REAL DATA. Office of the Economic Adviser, DPIIT, Ministry of Commerce and Industry - PRODUCER price index (published alongside the WPI), base 2022-23 = 100. Commodity 'Iron And Steel Ferro Alloys', published weight 1.94177 of the index basket. Value taken as published, no transformation. Section mapping rationale: ferro-alloys and basic steel feed reinforcement, pile cages, and steel conduit and tray.",
IN,PPI,PPI-STL,"Wholesale/Producer Price Index of Iron And Steel Ferro Alloys, India",2024-11,2022,100.0,INR,87.8,Reinforcement;Piling;M&E Containment,https://eaindustry.nic.in/download_data_2223.asp,false,"REAL DATA. Office of the Economic Adviser, DPIIT, Ministry of Commerce and Industry - PRODUCER price index (published alongside the WPI), base 2022-23 = 100. Commodity 'Iron And Steel Ferro Alloys', published weight 1.94177 of the index basket. Value taken as published, no transformation. Section mapping rationale: ferro-alloys and basic steel feed reinforcement, pile cages, and steel conduit and tray.",
IN,PPI,PPI-STL,"Wholesale/Producer Price Index of Iron And Steel Ferro Alloys, India",2024-12,2022,100.0,INR,86.0,Reinforcement;Piling;M&E Containment,https://eaindustry.nic.in/download_data_2223.asp,false,"REAL DATA. Office of the Economic Adviser, DPIIT, Ministry of Commerce and Industry - PRODUCER price index (published alongside the WPI), base 2022-23 = 100. Commodity 'Iron And Steel Ferro Alloys', published weight 1.94177 of the index basket. Value taken as published, no transformation. Section mapping rationale: ferro-alloys and basic steel feed reinforcement, pile cages, and steel conduit and tray.",
IN,PPI,PPI-STL,"Wholesale/Producer Price Index of Iron And Steel Ferro Alloys, India",2025-01,2022,100.0,INR,86.2,Reinforcement;Piling;M&E Containment,https://eaindustry.nic.in/download_data_2223.asp,false,"REAL DATA. Office of the Economic Adviser, DPIIT, Ministry of Commerce and Industry - PRODUCER price index (published alongside the WPI), base 2022-23 = 100. Commodity 'Iron And Steel Ferro Alloys', published weight 1.94177 of the index basket. Value taken as published, no transformation. Section mapping rationale: ferro-alloys and basic steel feed reinforcement, pile cages, and steel conduit and tray.",
IN,PPI,PPI-STL,"Wholesale/Producer Price Index of Iron And Steel Ferro Alloys, India",2025-02,2022,100.0,INR,86.6,Reinforcement;Piling;M&E Containment,https://eaindustry.nic.in/download_data_2223.asp,false,"REAL DATA. Office of the Economic Adviser, DPIIT, Ministry of Commerce and Industry - PRODUCER price index (published alongside the WPI), base 2022-23 = 100. Commodity 'Iron And Steel Ferro Alloys', published weight 1.94177 of the index basket. Value taken as published, no transformation. Section mapping rationale: ferro-alloys and basic steel feed reinforcement, pile cages, and steel conduit and tray.",
IN,PPI,PPI-STL,"Wholesale/Producer Price Index of Iron And Steel Ferro Alloys, India",2025-03,2022,100.0,INR,87.7,Reinforcement;Piling;M&E Containment,https://eaindustry.nic.in/download_data_2223.asp,false,"REAL DATA. Office of the Economic Adviser, DPIIT, Ministry of Commerce and Industry - PRODUCER price index (published alongside the WPI), base 2022-23 = 100. Commodity 'Iron And Steel Ferro Alloys', published weight 1.94177 of the index basket. Value taken as published, no transformation. Section mapping rationale: ferro-alloys and basic steel feed reinforcement, pile cages, and steel conduit and tray.",
IN,PPI,PPI-STL,"Wholesale/Producer Price Index of Iron And Steel Ferro Alloys, India",2025-04,2022,100.0,INR,88.9,Reinforcement;Piling;M&E Containment,https://eaindustry.nic.in/download_data_2223.asp,false,"REAL DATA. Office of the Economic Adviser, DPIIT, Ministry of Commerce and Industry - PRODUCER price index (published alongside the WPI), base 2022-23 = 100. Commodity 'Iron And Steel Ferro Alloys', published weight 1.94177 of the index basket. Value taken as published, no transformation. Section mapping rationale: ferro-alloys and basic steel feed reinforcement, pile cages, and steel conduit and tray.",
IN,PPI,PPI-STL,"Wholesale/Producer Price Index of Iron And Steel Ferro Alloys, India",2025-05,2022,100.0,INR,87.4,Reinforcement;Piling;M&E Containment,https://eaindustry.nic.in/download_data_2223.asp,false,"REAL DATA. Office of the Economic Adviser, DPIIT, Ministry of Commerce and Industry - PRODUCER price index (published alongside the WPI), base 2022-23 = 100. Commodity 'Iron And Steel Ferro Alloys', published weight 1.94177 of the index basket. Value taken as published, no transformation. Section mapping rationale: ferro-alloys and basic steel feed reinforcement, pile cages, and steel conduit and tray.",
IN,PPI,PPI-STL,"Wholesale/Producer Price Index of Iron And Steel Ferro Alloys, India",2025-06,2022,100.0,INR,85.3,Reinforcement;Piling;M&E Containment,https://eaindustry.nic.in/download_data_2223.asp,false,"REAL DATA. Office of the Economic Adviser, DPIIT, Ministry of Commerce and Industry - PRODUCER price index (published alongside the WPI), base 2022-23 = 100. Commodity 'Iron And Steel Ferro Alloys', published weight 1.94177 of the index basket. Value taken as published, no transformation. Section mapping rationale: ferro-alloys and basic steel feed reinforcement, pile cages, and steel conduit and tray.",
IN,PPI,PPI-STL,"Wholesale/Producer Price Index of Iron And Steel Ferro Alloys, India",2025-07,2022,100.0,INR,84.2,Reinforcement;Piling;M&E Containment,https://eaindustry.nic.in/download_data_2223.asp,false,"REAL DATA. Office of the Economic Adviser, DPIIT, Ministry of Commerce and Industry - PRODUCER price index (published alongside the WPI), base 2022-23 = 100. Commodity 'Iron And Steel Ferro Alloys', published weight 1.94177 of the index basket. Value taken as published, no transformation. Section mapping rationale: ferro-alloys and basic steel feed reinforcement, pile cages, and steel conduit and tray.",
IN,PPI,PPI-STL,"Wholesale/Producer Price Index of Iron And Steel Ferro Alloys, India",2025-08,2022,100.0,INR,85.1,Reinforcement;Piling;M&E Containment,https://eaindustry.nic.in/download_data_2223.asp,false,"REAL DATA. Office of the Economic Adviser, DPIIT, Ministry of Commerce and Industry - PRODUCER price index (published alongside the WPI), base 2022-23 = 100. Commodity 'Iron And Steel Ferro Alloys', published weight 1.94177 of the index basket. Value taken as published, no transformation. Section mapping rationale: ferro-alloys and basic steel feed reinforcement, pile cages, and steel conduit and tray.",
IN,PPI,PPI-STL,"Wholesale/Producer Price Index of Iron And Steel Ferro Alloys, India",2025-09,2022,100.0,INR,84.4,Reinforcement;Piling;M&E Containment,https://eaindustry.nic.in/download_data_2223.asp,false,"REAL DATA. Office of the Economic Adviser, DPIIT, Ministry of Commerce and Industry - PRODUCER price index (published alongside the WPI), base 2022-23 = 100. Commodity 'Iron And Steel Ferro Alloys', published weight 1.94177 of the index basket. Value taken as published, no transformation. Section mapping rationale: ferro-alloys and basic steel feed reinforcement, pile cages, and steel conduit and tray.",
IN,PPI,PPI-STL,"Wholesale/Producer Price Index of Iron And Steel Ferro Alloys, India",2025-10,2022,100.0,INR,83.5,Reinforcement;Piling;M&E Containment,https://eaindustry.nic.in/download_data_2223.asp,false,"REAL DATA. Office of the Economic Adviser, DPIIT, Ministry of Commerce and Industry - PRODUCER price index (published alongside the WPI), base 2022-23 = 100. Commodity 'Iron And Steel Ferro Alloys', published weight 1.94177 of the index basket. Value taken as published, no transformation. Section mapping rationale: ferro-alloys and basic steel feed reinforcement, pile cages, and steel conduit and tray.",
IN,PPI,PPI-STL,"Wholesale/Producer Price Index of Iron And Steel Ferro Alloys, India",2025-11,2022,100.0,INR,83.3,Reinforcement;Piling;M&E Containment,https://eaindustry.nic.in/download_data_2223.asp,false,"REAL DATA. Office of the Economic Adviser, DPIIT, Ministry of Commerce and Industry - PRODUCER price index (published alongside the WPI), base 2022-23 = 100. Commodity 'Iron And Steel Ferro Alloys', published weight 1.94177 of the index basket. Value taken as published, no transformation. Section mapping rationale: ferro-alloys and basic steel feed reinforcement, pile cages, and steel conduit and tray.",
IN,PPI,PPI-STL,"Wholesale/Producer Price Index of Iron And Steel Ferro Alloys, India",2025-12,2022,100.0,INR,84.0,Reinforcement;Piling;M&E Containment,https://eaindustry.nic.in/download_data_2223.asp,false,"REAL DATA. Office of the Economic Adviser, DPIIT, Ministry of Commerce and Industry - PRODUCER price index (published alongside the WPI), base 2022-23 = 100. Commodity 'Iron And Steel Ferro Alloys', published weight 1.94177 of the index basket. Value taken as published, no transformation. Section mapping rationale: ferro-alloys and basic steel feed reinforcement, pile cages, and steel conduit and tray.",
IN,PPI,PPI-STL,"Wholesale/Producer Price Index of Iron And Steel Ferro Alloys, India",2026-01,2022,100.0,INR,86.5,Reinforcement;Piling;M&E Containment,https://eaindustry.nic.in/download_data_2223.asp,false,"REAL DATA. Office of the Economic Adviser, DPIIT, Ministry of Commerce and Industry - PRODUCER price index (published alongside the WPI), base 2022-23 = 100. Commodity 'Iron And Steel Ferro Alloys', published weight 1.94177 of the index basket. Value taken as published, no transformation. Section mapping rationale: ferro-alloys and basic steel feed reinforcement, pile cages, and steel conduit and tray.",
IN,PPI,PPI-STL,"Wholesale/Producer Price Index of Iron And Steel Ferro Alloys, India",2026-02,2022,100.0,INR,88.7,Reinforcement;Piling;M&E Containment,https://eaindustry.nic.in/download_data_2223.asp,false,"REAL DATA. Office of the Economic Adviser, DPIIT, Ministry of Commerce and Industry - PRODUCER price index (published alongside the WPI), base 2022-23 = 100. Commodity 'Iron And Steel Ferro Alloys', published weight 1.94177 of the index basket. Value taken as published, no transformation. Section mapping rationale: ferro-alloys and basic steel feed reinforcement, pile cages, and steel conduit and tray.",
IN,PPI,PPI-STL,"Wholesale/Producer Price Index of Iron And Steel Ferro Alloys, India",2026-03,2022,100.0,INR,90.5,Reinforcement;Piling;M&E Containment,https://eaindustry.nic.in/download_data_2223.asp,false,"REAL DATA. Office of the Economic Adviser, DPIIT, Ministry of Commerce and Industry - PRODUCER price index (published alongside the WPI), base 2022-23 = 100. Commodity 'Iron And Steel Ferro Alloys', published weight 1.94177 of the index basket. Value taken as published, no transformation. Section mapping rationale: ferro-alloys and basic steel feed reinforcement, pile cages, and steel conduit and tray.",
IN,PPI,PPI-STL,"Wholesale/Producer Price Index of Iron And Steel Ferro Alloys, India",2026-04,2022,100.0,INR,92.5,Reinforcement;Piling;M&E Containment,https://eaindustry.nic.in/download_data_2223.asp,false,"REAL DATA. Office of the Economic Adviser, DPIIT, Ministry of Commerce and Industry - PRODUCER price index (published alongside the WPI), base 2022-23 = 100. Commodity 'Iron And Steel Ferro Alloys', published weight 1.94177 of the index basket. Value taken as published, no transformation. Section mapping rationale: ferro-alloys and basic steel feed reinforcement, pile cages, and steel conduit and tray.",
IN,PPI,PPI-STL,"Wholesale/Producer Price Index of Iron And Steel Ferro Alloys, India",2026-05,2022,100.0,INR,92.0,Reinforcement;Piling;M&E Containment,https://eaindustry.nic.in/download_data_2223.asp,false,"REAL DATA. Office of the Economic Adviser, DPIIT, Ministry of Commerce and Industry - PRODUCER price index (published alongside the WPI), base 2022-23 = 100. Commodity 'Iron And Steel Ferro Alloys', published weight 1.94177 of the index basket. Value taken as published, no transformation. Section mapping rationale: ferro-alloys and basic steel feed reinforcement, pile cages, and steel conduit and tray.",
IN,PPI,PPI-STL,"Wholesale/Producer Price Index of Iron And Steel Ferro Alloys, India",2026-06,2022,100.0,INR,90.1,Reinforcement;Piling;M&E Containment,https://eaindustry.nic.in/download_data_2223.asp,false,"REAL DATA. Office of the Economic Adviser, DPIIT, Ministry of Commerce and Industry - PRODUCER price index (published alongside the WPI), base 2022-23 = 100. Commodity 'Iron And Steel Ferro Alloys', published weight 1.94177 of the index basket. Value taken as published, no transformation. Section mapping rationale: ferro-alloys and basic steel feed reinforcement, pile cages, and steel conduit and tray.",
IN,PPI,PPI-STL,"Wholesale/Producer Price Index of Iron And Steel Ferro Alloys, India",2026-07,2022,100.0,INR,89.2,Reinforcement;Piling;M&E Containment,https://eaindustry.nic.in/download_data_2223.asp,false,"REAL DATA. Office of the Economic Adviser, DPIIT, Ministry of Commerce and Industry - PRODUCER price index (published alongside the WPI), base 2022-23 = 100. Commodity 'Iron And Steel Ferro Alloys', published weight 1.94177 of the index basket. Value taken as published, no transformation. Section mapping rationale: ferro-alloys and basic steel feed reinforcement, pile cages, and steel conduit and tray.",
IN,PPI,PPI-STL-CAST,"Wholesale/Producer Price Index of Iron And Steel Casting And Forging, India",2023-04,2022,100.0,INR,97.9,Reinforcement;Piling,https://eaindustry.nic.in/download_data_2223.asp,false,"REAL DATA. Office of the Economic Adviser, DPIIT, Ministry of Commerce and Industry - PRODUCER price index (published alongside the WPI), base 2022-23 = 100. Commodity 'Iron And Steel Casting And Forging', published weight 2.11647 of the index basket. Value taken as published, no transformation. Section mapping rationale: cast and forged steel covers pile shoes, couplers and heavy structural fixings.",
IN,PPI,PPI-STL-CAST,"Wholesale/Producer Price Index of Iron And Steel Casting And Forging, India",2023-05,2022,100.0,INR,96.4,Reinforcement;Piling,https://eaindustry.nic.in/download_data_2223.asp,false,"REAL DATA. Office of the Economic Adviser, DPIIT, Ministry of Commerce and Industry - PRODUCER price index (published alongside the WPI), base 2022-23 = 100. Commodity 'Iron And Steel Casting And Forging', published weight 2.11647 of the index basket. Value taken as published, no transformation. Section mapping rationale: cast and forged steel covers pile shoes, couplers and heavy structural fixings.",
IN,PPI,PPI-STL-CAST,"Wholesale/Producer Price Index of Iron And Steel Casting And Forging, India",2023-06,2022,100.0,INR,93.7,Reinforcement;Piling,https://eaindustry.nic.in/download_data_2223.asp,false,"REAL DATA. Office of the Economic Adviser, DPIIT, Ministry of Commerce and Industry - PRODUCER price index (published alongside the WPI), base 2022-23 = 100. Commodity 'Iron And Steel Casting And Forging', published weight 2.11647 of the index basket. Value taken as published, no transformation. Section mapping rationale: cast and forged steel covers pile shoes, couplers and heavy structural fixings.",
IN,PPI,PPI-STL-CAST,"Wholesale/Producer Price Index of Iron And Steel Casting And Forging, India",2023-07,2022,100.0,INR,95.7,Reinforcement;Piling,https://eaindustry.nic.in/download_data_2223.asp,false,"REAL DATA. Office of the Economic Adviser, DPIIT, Ministry of Commerce and Industry - PRODUCER price index (published alongside the WPI), base 2022-23 = 100. Commodity 'Iron And Steel Casting And Forging', published weight 2.11647 of the index basket. Value taken as published, no transformation. Section mapping rationale: cast and forged steel covers pile shoes, couplers and heavy structural fixings.",
IN,PPI,PPI-STL-CAST,"Wholesale/Producer Price Index of Iron And Steel Casting And Forging, India",2023-08,2022,100.0,INR,91.6,Reinforcement;Piling,https://eaindustry.nic.in/download_data_2223.asp,false,"REAL DATA. Office of the Economic Adviser, DPIIT, Ministry of Commerce and Industry - PRODUCER price index (published alongside the WPI), base 2022-23 = 100. Commodity 'Iron And Steel Casting And Forging', published weight 2.11647 of the index basket. Value taken as published, no transformation. Section mapping rationale: cast and forged steel covers pile shoes, couplers and heavy structural fixings.",
IN,PPI,PPI-STL-CAST,"Wholesale/Producer Price Index of Iron And Steel Casting And Forging, India",2023-09,2022,100.0,INR,93.3,Reinforcement;Piling,https://eaindustry.nic.in/download_data_2223.asp,false,"REAL DATA. Office of the Economic Adviser, DPIIT, Ministry of Commerce and Industry - PRODUCER price index (published alongside the WPI), base 2022-23 = 100. Commodity 'Iron And Steel Casting And Forging', published weight 2.11647 of the index basket. Value taken as published, no transformation. Section mapping rationale: cast and forged steel covers pile shoes, couplers and heavy structural fixings.",
IN,PPI,PPI-STL-CAST,"Wholesale/Producer Price Index of Iron And Steel Casting And Forging, India",2023-10,2022,100.0,INR,94.2,Reinforcement;Piling,https://eaindustry.nic.in/download_data_2223.asp,false,"REAL DATA. Office of the Economic Adviser, DPIIT, Ministry of Commerce and Industry - PRODUCER price index (published alongside the WPI), base 2022-23 = 100. Commodity 'Iron And Steel Casting And Forging', published weight 2.11647 of the index basket. Value taken as published, no transformation. Section mapping rationale: cast and forged steel covers pile shoes, couplers and heavy structural fixings.",
IN,PPI,PPI-STL-CAST,"Wholesale/Producer Price Index of Iron And Steel Casting And Forging, India",2023-11,2022,100.0,INR,92.9,Reinforcement;Piling,https://eaindustry.nic.in/download_data_2223.asp,false,"REAL DATA. Office of the Economic Adviser, DPIIT, Ministry of Commerce and Industry - PRODUCER price index (published alongside the WPI), base 2022-23 = 100. Commodity 'Iron And Steel Casting And Forging', published weight 2.11647 of the index basket. Value taken as published, no transformation. Section mapping rationale: cast and forged steel covers pile shoes, couplers and heavy structural fixings.",
IN,PPI,PPI-STL-CAST,"Wholesale/Producer Price Index of Iron And Steel Casting And Forging, India",2023-12,2022,100.0,INR,91.3,Reinforcement;Piling,https://eaindustry.nic.in/download_data_2223.asp,false,"REAL DATA. Office of the Economic Adviser, DPIIT, Ministry of Commerce and Industry - PRODUCER price index (published alongside the WPI), base 2022-23 = 100. Commodity 'Iron And Steel Casting And Forging', published weight 2.11647 of the index basket. Value taken as published, no transformation. Section mapping rationale: cast and forged steel covers pile shoes, couplers and heavy structural fixings.",
IN,PPI,PPI-STL-CAST,"Wholesale/Producer Price Index of Iron And Steel Casting And Forging, India",2024-01,2022,100.0,INR,90.5,Reinforcement;Piling,https://eaindustry.nic.in/download_data_2223.asp,false,"REAL DATA. Office of the Economic Adviser, DPIIT, Ministry of Commerce and Industry - PRODUCER price index (published alongside the WPI), base 2022-23 = 100. Commodity 'Iron And Steel Casting And Forging', published weight 2.11647 of the index basket. Value taken as published, no transformation. Section mapping rationale: cast and forged steel covers pile shoes, couplers and heavy structural fixings.",
IN,PPI,PPI-STL-CAST,"Wholesale/Producer Price Index of Iron And Steel Casting And Forging, India",2024-02,2022,100.0,INR,89.6,Reinforcement;Piling,https://eaindustry.nic.in/download_data_2223.asp,false,"REAL DATA. Office of the Economic Adviser, DPIIT, Ministry of Commerce and Industry - PRODUCER price index (published alongside the WPI), base 2022-23 = 100. Commodity 'Iron And Steel Casting And Forging', published weight 2.11647 of the index basket. Value taken as published, no transformation. Section mapping rationale: cast and forged steel covers pile shoes, couplers and heavy structural fixings.",
IN,PPI,PPI-STL-CAST,"Wholesale/Producer Price Index of Iron And Steel Casting And Forging, India",2024-03,2022,100.0,INR,88.7,Reinforcement;Piling,https://eaindustry.nic.in/download_data_2223.asp,false,"REAL DATA. Office of the Economic Adviser, DPIIT, Ministry of Commerce and Industry - PRODUCER price index (published alongside the WPI), base 2022-23 = 100. Commodity 'Iron And Steel Casting And Forging', published weight 2.11647 of the index basket. Value taken as published, no transformation. Section mapping rationale: cast and forged steel covers pile shoes, couplers and heavy structural fixings.",
IN,PPI,PPI-STL-CAST,"Wholesale/Producer Price Index of Iron And Steel Casting And Forging, India",2024-04,2022,100.0,INR,88.8,Reinforcement;Piling,https://eaindustry.nic.in/download_data_2223.asp,false,"REAL DATA. Office of the Economic Adviser, DPIIT, Ministry of Commerce and Industry - PRODUCER price index (published alongside the WPI), base 2022-23 = 100. Commodity 'Iron And Steel Casting And Forging', published weight 2.11647 of the index basket. Value taken as published, no transformation. Section mapping rationale: cast and forged steel covers pile shoes, couplers and heavy structural fixings.",
IN,PPI,PPI-STL-CAST,"Wholesale/Producer Price Index of Iron And Steel Casting And Forging, India",2024-05,2022,100.0,INR,90.6,Reinforcement;Piling,https://eaindustry.nic.in/download_data_2223.asp,false,"REAL DATA. Office of the Economic Adviser, DPIIT, Ministry of Commerce and Industry - PRODUCER price index (published alongside the WPI), base 2022-23 = 100. Commodity 'Iron And Steel Casting And Forging', published weight 2.11647 of the index basket. Value taken as published, no transformation. Section mapping rationale: cast and forged steel covers pile shoes, couplers and heavy structural fixings.",
IN,PPI,PPI-STL-CAST,"Wholesale/Producer Price Index of Iron And Steel Casting And Forging, India",2024-06,2022,100.0,INR,90.7,Reinforcement;Piling,https://eaindustry.nic.in/download_data_2223.asp,false,"REAL DATA. Office of the Economic Adviser, DPIIT, Ministry of Commerce and Industry - PRODUCER price index (published alongside the WPI), base 2022-23 = 100. Commodity 'Iron And Steel Casting And Forging', published weight 2.11647 of the index basket. Value taken as published, no transformation. Section mapping rationale: cast and forged steel covers pile shoes, couplers and heavy structural fixings.",
IN,PPI,PPI-STL-CAST,"Wholesale/Producer Price Index of Iron And Steel Casting And Forging, India",2024-07,2022,100.0,INR,89.1,Reinforcement;Piling,https://eaindustry.nic.in/download_data_2223.asp,false,"REAL DATA. Office of the Economic Adviser, DPIIT, Ministry of Commerce and Industry - PRODUCER price index (published alongside the WPI), base 2022-23 = 100. Commodity 'Iron And Steel Casting And Forging', published weight 2.11647 of the index basket. Value taken as published, no transformation. Section mapping rationale: cast and forged steel covers pile shoes, couplers and heavy structural fixings.",
IN,PPI,PPI-STL-CAST,"Wholesale/Producer Price Index of Iron And Steel Casting And Forging, India",2024-08,2022,100.0,INR,87.2,Reinforcement;Piling,https://eaindustry.nic.in/download_data_2223.asp,false,"REAL DATA. Office of the Economic Adviser, DPIIT, Ministry of Commerce and Industry - PRODUCER price index (published alongside the WPI), base 2022-23 = 100. Commodity 'Iron And Steel Casting And Forging', published weight 2.11647 of the index basket. Value taken as published, no transformation. Section mapping rationale: cast and forged steel covers pile shoes, couplers and heavy structural fixings.",
IN,PPI,PPI-STL-CAST,"Wholesale/Producer Price Index of Iron And Steel Casting And Forging, India",2024-09,2022,100.0,INR,85.2,Reinforcement;Piling,https://eaindustry.nic.in/download_data_2223.asp,false,"REAL DATA. Office of the Economic Adviser, DPIIT, Ministry of Commerce and Industry - PRODUCER price index (published alongside the WPI), base 2022-23 = 100. Commodity 'Iron And Steel Casting And Forging', published weight 2.11647 of the index basket. Value taken as published, no transformation. Section mapping rationale: cast and forged steel covers pile shoes, couplers and heavy structural fixings.",
IN,PPI,PPI-STL-CAST,"Wholesale/Producer Price Index of Iron And Steel Casting And Forging, India",2024-10,2022,100.0,INR,86.1,Reinforcement;Piling,https://eaindustry.nic.in/download_data_2223.asp,false,"REAL DATA. Office of the Economic Adviser, DPIIT, Ministry of Commerce and Industry - PRODUCER price index (published alongside the WPI), base 2022-23 = 100. Commodity 'Iron And Steel Casting And Forging', published weight 2.11647 of the index basket. Value taken as published, no transformation. Section mapping rationale: cast and forged steel covers pile shoes, couplers and heavy structural fixings.",
IN,PPI,PPI-STL-CAST,"Wholesale/Producer Price Index of Iron And Steel Casting And Forging, India",2024-11,2022,100.0,INR,84.5,Reinforcement;Piling,https://eaindustry.nic.in/download_data_2223.asp,false,"REAL DATA. Office of the Economic Adviser, DPIIT, Ministry of Commerce and Industry - PRODUCER price index (published alongside the WPI), base 2022-23 = 100. Commodity 'Iron And Steel Casting And Forging', published weight 2.11647 of the index basket. Value taken as published, no transformation. Section mapping rationale: cast and forged steel covers pile shoes, couplers and heavy structural fixings.",
IN,PPI,PPI-STL-CAST,"Wholesale/Producer Price Index of Iron And Steel Casting And Forging, India",2024-12,2022,100.0,INR,83.1,Reinforcement;Piling,https://eaindustry.nic.in/download_data_2223.asp,false,"REAL DATA. Office of the Economic Adviser, DPIIT, Ministry of Commerce and Industry - PRODUCER price index (published alongside the WPI), base 2022-23 = 100. Commodity 'Iron And Steel Casting And Forging', published weight 2.11647 of the index basket. Value taken as published, no transformation. Section mapping rationale: cast and forged steel covers pile shoes, couplers and heavy structural fixings.",
IN,PPI,PPI-STL-CAST,"Wholesale/Producer Price Index of Iron And Steel Casting And Forging, India",2025-01,2022,100.0,INR,83.0,Reinforcement;Piling,https://eaindustry.nic.in/download_data_2223.asp,false,"REAL DATA. Office of the Economic Adviser, DPIIT, Ministry of Commerce and Industry - PRODUCER price index (published alongside the WPI), base 2022-23 = 100. Commodity 'Iron And Steel Casting And Forging', published weight 2.11647 of the index basket. Value taken as published, no transformation. Section mapping rationale: cast and forged steel covers pile shoes, couplers and heavy structural fixings.",
IN,PPI,PPI-STL-CAST,"Wholesale/Producer Price Index of Iron And Steel Casting And Forging, India",2025-02,2022,100.0,INR,83.7,Reinforcement;Piling,https://eaindustry.nic.in/download_data_2223.asp,false,"REAL DATA. Office of the Economic Adviser, DPIIT, Ministry of Commerce and Industry - PRODUCER price index (published alongside the WPI), base 2022-23 = 100. Commodity 'Iron And Steel Casting And Forging', published weight 2.11647 of the index basket. Value taken as published, no transformation. Section mapping rationale: cast and forged steel covers pile shoes, couplers and heavy structural fixings.",
IN,PPI,PPI-STL-CAST,"Wholesale/Producer Price Index of Iron And Steel Casting And Forging, India",2025-03,2022,100.0,INR,84.5,Reinforcement;Piling,https://eaindustry.nic.in/download_data_2223.asp,false,"REAL DATA. Office of the Economic Adviser, DPIIT, Ministry of Commerce and Industry - PRODUCER price index (published alongside the WPI), base 2022-23 = 100. Commodity 'Iron And Steel Casting And Forging', published weight 2.11647 of the index basket. Value taken as published, no transformation. Section mapping rationale: cast and forged steel covers pile shoes, couplers and heavy structural fixings.",
IN,PPI,PPI-STL-CAST,"Wholesale/Producer Price Index of Iron And Steel Casting And Forging, India",2025-04,2022,100.0,INR,86.8,Reinforcement;Piling,https://eaindustry.nic.in/download_data_2223.asp,false,"REAL DATA. Office of the Economic Adviser, DPIIT, Ministry of Commerce and Industry - PRODUCER price index (published alongside the WPI), base 2022-23 = 100. Commodity 'Iron And Steel Casting And Forging', published weight 2.11647 of the index basket. Value taken as published, no transformation. Section mapping rationale: cast and forged steel covers pile shoes, couplers and heavy structural fixings.",
IN,PPI,PPI-STL-CAST,"Wholesale/Producer Price Index of Iron And Steel Casting And Forging, India",2025-05,2022,100.0,INR,86.7,Reinforcement;Piling,https://eaindustry.nic.in/download_data_2223.asp,false,"REAL DATA. Office of the Economic Adviser, DPIIT, Ministry of Commerce and Industry - PRODUCER price index (published alongside the WPI), base 2022-23 = 100. Commodity 'Iron And Steel Casting And Forging', published weight 2.11647 of the index basket. Value taken as published, no transformation. Section mapping rationale: cast and forged steel covers pile shoes, couplers and heavy structural fixings.",
IN,PPI,PPI-STL-CAST,"Wholesale/Producer Price Index of Iron And Steel Casting And Forging, India",2025-06,2022,100.0,INR,85.8,Reinforcement;Piling,https://eaindustry.nic.in/download_data_2223.asp,false,"REAL DATA. Office of the Economic Adviser, DPIIT, Ministry of Commerce and Industry - PRODUCER price index (published alongside the WPI), base 2022-23 = 100. Commodity 'Iron And Steel Casting And Forging', published weight 2.11647 of the index basket. Value taken as published, no transformation. Section mapping rationale: cast and forged steel covers pile shoes, couplers and heavy structural fixings.",
IN,PPI,PPI-STL-CAST,"Wholesale/Producer Price Index of Iron And Steel Casting And Forging, India",2025-07,2022,100.0,INR,84.5,Reinforcement;Piling,https://eaindustry.nic.in/download_data_2223.asp,false,"REAL DATA. Office of the Economic Adviser, DPIIT, Ministry of Commerce and Industry - PRODUCER price index (published alongside the WPI), base 2022-23 = 100. Commodity 'Iron And Steel Casting And Forging', published weight 2.11647 of the index basket. Value taken as published, no transformation. Section mapping rationale: cast and forged steel covers pile shoes, couplers and heavy structural fixings.",
IN,PPI,PPI-STL-CAST,"Wholesale/Producer Price Index of Iron And Steel Casting And Forging, India",2025-08,2022,100.0,INR,84.1,Reinforcement;Piling,https://eaindustry.nic.in/download_data_2223.asp,false,"REAL DATA. Office of the Economic Adviser, DPIIT, Ministry of Commerce and Industry - PRODUCER price index (published alongside the WPI), base 2022-23 = 100. Commodity 'Iron And Steel Casting And Forging', published weight 2.11647 of the index basket. Value taken as published, no transformation. Section mapping rationale: cast and forged steel covers pile shoes, couplers and heavy structural fixings.",
IN,PPI,PPI-STL-CAST,"Wholesale/Producer Price Index of Iron And Steel Casting And Forging, India",2025-09,2022,100.0,INR,83.3,Reinforcement;Piling,https://eaindustry.nic.in/download_data_2223.asp,false,"REAL DATA. Office of the Economic Adviser, DPIIT, Ministry of Commerce and Industry - PRODUCER price index (published alongside the WPI), base 2022-23 = 100. Commodity 'Iron And Steel Casting And Forging', published weight 2.11647 of the index basket. Value taken as published, no transformation. Section mapping rationale: cast and forged steel covers pile shoes, couplers and heavy structural fixings.",
IN,PPI,PPI-STL-CAST,"Wholesale/Producer Price Index of Iron And Steel Casting And Forging, India",2025-10,2022,100.0,INR,82.6,Reinforcement;Piling,https://eaindustry.nic.in/download_data_2223.asp,false,"REAL DATA. Office of the Economic Adviser, DPIIT, Ministry of Commerce and Industry - PRODUCER price index (published alongside the WPI), base 2022-23 = 100. Commodity 'Iron And Steel Casting And Forging', published weight 2.11647 of the index basket. Value taken as published, no transformation. Section mapping rationale: cast and forged steel covers pile shoes, couplers and heavy structural fixings.",
IN,PPI,PPI-STL-CAST,"Wholesale/Producer Price Index of Iron And Steel Casting And Forging, India",2025-11,2022,100.0,INR,81.7,Reinforcement;Piling,https://eaindustry.nic.in/download_data_2223.asp,false,"REAL DATA. Office of the Economic Adviser, DPIIT, Ministry of Commerce and Industry - PRODUCER price index (published alongside the WPI), base 2022-23 = 100. Commodity 'Iron And Steel Casting And Forging', published weight 2.11647 of the index basket. Value taken as published, no transformation. Section mapping rationale: cast and forged steel covers pile shoes, couplers and heavy structural fixings.",
IN,PPI,PPI-STL-CAST,"Wholesale/Producer Price Index of Iron And Steel Casting And Forging, India",2025-12,2022,100.0,INR,81.3,Reinforcement;Piling,https://eaindustry.nic.in/download_data_2223.asp,false,"REAL DATA. Office of the Economic Adviser, DPIIT, Ministry of Commerce and Industry - PRODUCER price index (published alongside the WPI), base 2022-23 = 100. Commodity 'Iron And Steel Casting And Forging', published weight 2.11647 of the index basket. Value taken as published, no transformation. Section mapping rationale: cast and forged steel covers pile shoes, couplers and heavy structural fixings.",
IN,PPI,PPI-STL-CAST,"Wholesale/Producer Price Index of Iron And Steel Casting And Forging, India",2026-01,2022,100.0,INR,84.5,Reinforcement;Piling,https://eaindustry.nic.in/download_data_2223.asp,false,"REAL DATA. Office of the Economic Adviser, DPIIT, Ministry of Commerce and Industry - PRODUCER price index (published alongside the WPI), base 2022-23 = 100. Commodity 'Iron And Steel Casting And Forging', published weight 2.11647 of the index basket. Value taken as published, no transformation. Section mapping rationale: cast and forged steel covers pile shoes, couplers and heavy structural fixings.",
IN,PPI,PPI-STL-CAST,"Wholesale/Producer Price Index of Iron And Steel Casting And Forging, India",2026-02,2022,100.0,INR,87.0,Reinforcement;Piling,https://eaindustry.nic.in/download_data_2223.asp,false,"REAL DATA. Office of the Economic Adviser, DPIIT, Ministry of Commerce and Industry - PRODUCER price index (published alongside the WPI), base 2022-23 = 100. Commodity 'Iron And Steel Casting And Forging', published weight 2.11647 of the index basket. Value taken as published, no transformation. Section mapping rationale: cast and forged steel covers pile shoes, couplers and heavy structural fixings.",
IN,PPI,PPI-STL-CAST,"Wholesale/Producer Price Index of Iron And Steel Casting And Forging, India",2026-03,2022,100.0,INR,89.1,Reinforcement;Piling,https://eaindustry.nic.in/download_data_2223.asp,false,"REAL DATA. Office of the Economic Adviser, DPIIT, Ministry of Commerce and Industry - PRODUCER price index (published alongside the WPI), base 2022-23 = 100. Commodity 'Iron And Steel Casting And Forging', published weight 2.11647 of the index basket. Value taken as published, no transformation. Section mapping rationale: cast and forged steel covers pile shoes, couplers and heavy structural fixings.",
IN,PPI,PPI-STL-CAST,"Wholesale/Producer Price Index of Iron And Steel Casting And Forging, India",2026-04,2022,100.0,INR,91.8,Reinforcement;Piling,https://eaindustry.nic.in/download_data_2223.asp,false,"REAL DATA. Office of the Economic Adviser, DPIIT, Ministry of Commerce and Industry - PRODUCER price index (published alongside the WPI), base 2022-23 = 100. Commodity 'Iron And Steel Casting And Forging', published weight 2.11647 of the index basket. Value taken as published, no transformation. Section mapping rationale: cast and forged steel covers pile shoes, couplers and heavy structural fixings.",
IN,PPI,PPI-STL-CAST,"Wholesale/Producer Price Index of Iron And Steel Casting And Forging, India",2026-05,2022,100.0,INR,94.7,Reinforcement;Piling,https://eaindustry.nic.in/download_data_2223.asp,false,"REAL DATA. Office of the Economic Adviser, DPIIT, Ministry of Commerce and Industry - PRODUCER price index (published alongside the WPI), base 2022-23 = 100. Commodity 'Iron And Steel Casting And Forging', published weight 2.11647 of the index basket. Value taken as published, no transformation. Section mapping rationale: cast and forged steel covers pile shoes, couplers and heavy structural fixings.",
IN,PPI,PPI-STL-CAST,"Wholesale/Producer Price Index of Iron And Steel Casting And Forging, India",2026-06,2022,100.0,INR,93.8,Reinforcement;Piling,https://eaindustry.nic.in/download_data_2223.asp,false,"REAL DATA. Office of the Economic Adviser, DPIIT, Ministry of Commerce and Industry - PRODUCER price index (published alongside the WPI), base 2022-23 = 100. Commodity 'Iron And Steel Casting And Forging', published weight 2.11647 of the index basket. Value taken as published, no transformation. Section mapping rationale: cast and forged steel covers pile shoes, couplers and heavy structural fixings.",
IN,PPI,PPI-STL-CAST,"Wholesale/Producer Price Index of Iron And Steel Casting And Forging, India",2026-07,2022,100.0,INR,93.8,Reinforcement;Piling,https://eaindustry.nic.in/download_data_2223.asp,false,"REAL DATA. Office of the Economic Adviser, DPIIT, Ministry of Commerce and Industry - PRODUCER price index (published alongside the WPI), base 2022-23 = 100. Commodity 'Iron And Steel Casting And Forging', published weight 2.11647 of the index basket. Value taken as published, no transformation. Section mapping rationale: cast and forged steel covers pile shoes, couplers and heavy structural fixings.",
IN,PPI,PPI-STL-FDRY,"Wholesale/Producer Price Index of Iron And Steel Foundries, India",2023-04,2022,100.0,INR,98.0,Reinforcement;M&E Containment,https://eaindustry.nic.in/download_data_2223.asp,false,"REAL DATA. Office of the Economic Adviser, DPIIT, Ministry of Commerce and Industry - PRODUCER price index (published alongside the WPI), base 2022-23 = 100. Commodity 'Iron And Steel Foundries', published weight 1.83508 of the index basket. Value taken as published, no transformation. Section mapping rationale: foundry output covers manhole covers, gratings and mechanical pipework fittings.",
IN,PPI,PPI-STL-FDRY,"Wholesale/Producer Price Index of Iron And Steel Foundries, India",2023-05,2022,100.0,INR,96.2,Reinforcement;M&E Containment,https://eaindustry.nic.in/download_data_2223.asp,false,"REAL DATA. Office of the Economic Adviser, DPIIT, Ministry of Commerce and Industry - PRODUCER price index (published alongside the WPI), base 2022-23 = 100. Commodity 'Iron And Steel Foundries', published weight 1.83508 of the index basket. Value taken as published, no transformation. Section mapping rationale: foundry output covers manhole covers, gratings and mechanical pipework fittings.",
IN,PPI,PPI-STL-FDRY,"Wholesale/Producer Price Index of Iron And Steel Foundries, India",2023-06,2022,100.0,INR,94.0,Reinforcement;M&E Containment,https://eaindustry.nic.in/download_data_2223.asp,false,"REAL DATA. Office of the Economic Adviser, DPIIT, Ministry of Commerce and Industry - PRODUCER price index (published alongside the WPI), base 2022-23 = 100. Commodity 'Iron And Steel Foundries', published weight 1.83508 of the index basket. Value taken as published, no transformation. Section mapping rationale: foundry output covers manhole covers, gratings and mechanical pipework fittings.",
IN,PPI,PPI-STL-FDRY,"Wholesale/Producer Price Index of Iron And Steel Foundries, India",2023-07,2022,100.0,INR,91.5,Reinforcement;M&E Containment,https://eaindustry.nic.in/download_data_2223.asp,false,"REAL DATA. Office of the Economic Adviser, DPIIT, Ministry of Commerce and Industry - PRODUCER price index (published alongside the WPI), base 2022-23 = 100. Commodity 'Iron And Steel Foundries', published weight 1.83508 of the index basket. Value taken as published, no transformation. Section mapping rationale: foundry output covers manhole covers, gratings and mechanical pipework fittings.",
IN,PPI,PPI-STL-FDRY,"Wholesale/Producer Price Index of Iron And Steel Foundries, India",2023-08,2022,100.0,INR,91.3,Reinforcement;M&E Containment,https://eaindustry.nic.in/download_data_2223.asp,false,"REAL DATA. Office of the Economic Adviser, DPIIT, Ministry of Commerce and Industry - PRODUCER price index (published alongside the WPI), base 2022-23 = 100. Commodity 'Iron And Steel Foundries', published weight 1.83508 of the index basket. Value taken as published, no transformation. Section mapping rationale: foundry output covers manhole covers, gratings and mechanical pipework fittings.",
IN,PPI,PPI-STL-FDRY,"Wholesale/Producer Price Index of Iron And Steel Foundries, India",2023-09,2022,100.0,INR,93.4,Reinforcement;M&E Containment,https://eaindustry.nic.in/download_data_2223.asp,false,"REAL DATA. Office of the Economic Adviser, DPIIT, Ministry of Commerce and Industry - PRODUCER price index (published alongside the WPI), base 2022-23 = 100. Commodity 'Iron And Steel Foundries', published weight 1.83508 of the index basket. Value taken as published, no transformation. Section mapping rationale: foundry output covers manhole covers, gratings and mechanical pipework fittings.",
IN,PPI,PPI-STL-FDRY,"Wholesale/Producer Price Index of Iron And Steel Foundries, India",2023-10,2022,100.0,INR,93.8,Reinforcement;M&E Containment,https://eaindustry.nic.in/download_data_2223.asp,false,"REAL DATA. Office of the Economic Adviser, DPIIT, Ministry of Commerce and Industry - PRODUCER price index (published alongside the WPI), base 2022-23 = 100. Commodity 'Iron And Steel Foundries', published weight 1.83508 of the index basket. Value taken as published, no transformation. Section mapping rationale: foundry output covers manhole covers, gratings and mechanical pipework fittings.",
IN,PPI,PPI-STL-FDRY,"Wholesale/Producer Price Index of Iron And Steel Foundries, India",2023-11,2022,100.0,INR,92.4,Reinforcement;M&E Containment,https://eaindustry.nic.in/download_data_2223.asp,false,"REAL DATA. Office of the Economic Adviser, DPIIT, Ministry of Commerce and Industry - PRODUCER price index (published alongside the WPI), base 2022-23 = 100. Commodity 'Iron And Steel Foundries', published weight 1.83508 of the index basket. Value taken as published, no transformation. Section mapping rationale: foundry output covers manhole covers, gratings and mechanical pipework fittings.",
IN,PPI,PPI-STL-FDRY,"Wholesale/Producer Price Index of Iron And Steel Foundries, India",2023-12,2022,100.0,INR,90.8,Reinforcement;M&E Containment,https://eaindustry.nic.in/download_data_2223.asp,false,"REAL DATA. Office of the Economic Adviser, DPIIT, Ministry of Commerce and Industry - PRODUCER price index (published alongside the WPI), base 2022-23 = 100. Commodity 'Iron And Steel Foundries', published weight 1.83508 of the index basket. Value taken as published, no transformation. Section mapping rationale: foundry output covers manhole covers, gratings and mechanical pipework fittings.",
IN,PPI,PPI-STL-FDRY,"Wholesale/Producer Price Index of Iron And Steel Foundries, India",2024-01,2022,100.0,INR,91.2,Reinforcement;M&E Containment,https://eaindustry.nic.in/download_data_2223.asp,false,"REAL DATA. Office of the Economic Adviser, DPIIT, Ministry of Commerce and Industry - PRODUCER price index (published alongside the WPI), base 2022-23 = 100. Commodity 'Iron And Steel Foundries', published weight 1.83508 of the index basket. Value taken as published, no transformation. Section mapping rationale: foundry output covers manhole covers, gratings and mechanical pipework fittings.",
IN,PPI,PPI-STL-FDRY,"Wholesale/Producer Price Index of Iron And Steel Foundries, India",2024-02,2022,100.0,INR,89.7,Reinforcement;M&E Containment,https://eaindustry.nic.in/download_data_2223.asp,false,"REAL DATA. Office of the Economic Adviser, DPIIT, Ministry of Commerce and Industry - PRODUCER price index (published alongside the WPI), base 2022-23 = 100. Commodity 'Iron And Steel Foundries', published weight 1.83508 of the index basket. Value taken as published, no transformation. Section mapping rationale: foundry output covers manhole covers, gratings and mechanical pipework fittings.",
IN,PPI,PPI-STL-FDRY,"Wholesale/Producer Price Index of Iron And Steel Foundries, India",2024-03,2022,100.0,INR,89.5,Reinforcement;M&E Containment,https://eaindustry.nic.in/download_data_2223.asp,false,"REAL DATA. Office of the Economic Adviser, DPIIT, Ministry of Commerce and Industry - PRODUCER price index (published alongside the WPI), base 2022-23 = 100. Commodity 'Iron And Steel Foundries', published weight 1.83508 of the index basket. Value taken as published, no transformation. Section mapping rationale: foundry output covers manhole covers, gratings and mechanical pipework fittings.",
IN,PPI,PPI-STL-FDRY,"Wholesale/Producer Price Index of Iron And Steel Foundries, India",2024-04,2022,100.0,INR,91.3,Reinforcement;M&E Containment,https://eaindustry.nic.in/download_data_2223.asp,false,"REAL DATA. Office of the Economic Adviser, DPIIT, Ministry of Commerce and Industry - PRODUCER price index (published alongside the WPI), base 2022-23 = 100. Commodity 'Iron And Steel Foundries', published weight 1.83508 of the index basket. Value taken as published, no transformation. Section mapping rationale: foundry output covers manhole covers, gratings and mechanical pipework fittings.",
IN,PPI,PPI-STL-FDRY,"Wholesale/Producer Price Index of Iron And Steel Foundries, India",2024-05,2022,100.0,INR,93.4,Reinforcement;M&E Containment,https://eaindustry.nic.in/download_data_2223.asp,false,"REAL DATA. Office of the Economic Adviser, DPIIT, Ministry of Commerce and Industry - PRODUCER price index (published alongside the WPI), base 2022-23 = 100. Commodity 'Iron And Steel Foundries', published weight 1.83508 of the index basket. Value taken as published, no transformation. Section mapping rationale: foundry output covers manhole covers, gratings and mechanical pipework fittings.",
IN,PPI,PPI-STL-FDRY,"Wholesale/Producer Price Index of Iron And Steel Foundries, India",2024-06,2022,100.0,INR,92.9,Reinforcement;M&E Containment,https://eaindustry.nic.in/download_data_2223.asp,false,"REAL DATA. Office of the Economic Adviser, DPIIT, Ministry of Commerce and Industry - PRODUCER price index (published alongside the WPI), base 2022-23 = 100. Commodity 'Iron And Steel Foundries', published weight 1.83508 of the index basket. Value taken as published, no transformation. Section mapping rationale: foundry output covers manhole covers, gratings and mechanical pipework fittings.",
IN,PPI,PPI-STL-FDRY,"Wholesale/Producer Price Index of Iron And Steel Foundries, India",2024-07,2022,100.0,INR,90.1,Reinforcement;M&E Containment,https://eaindustry.nic.in/download_data_2223.asp,false,"REAL DATA. Office of the Economic Adviser, DPIIT, Ministry of Commerce and Industry - PRODUCER price index (published alongside the WPI), base 2022-23 = 100. Commodity 'Iron And Steel Foundries', published weight 1.83508 of the index basket. Value taken as published, no transformation. Section mapping rationale: foundry output covers manhole covers, gratings and mechanical pipework fittings.",
IN,PPI,PPI-STL-FDRY,"Wholesale/Producer Price Index of Iron And Steel Foundries, India",2024-08,2022,100.0,INR,88.5,Reinforcement;M&E Containment,https://eaindustry.nic.in/download_data_2223.asp,false,"REAL DATA. Office of the Economic Adviser, DPIIT, Ministry of Commerce and Industry - PRODUCER price index (published alongside the WPI), base 2022-23 = 100. Commodity 'Iron And Steel Foundries', published weight 1.83508 of the index basket. Value taken as published, no transformation. Section mapping rationale: foundry output covers manhole covers, gratings and mechanical pipework fittings.",
IN,PPI,PPI-STL-FDRY,"Wholesale/Producer Price Index of Iron And Steel Foundries, India",2024-09,2022,100.0,INR,86.8,Reinforcement;M&E Containment,https://eaindustry.nic.in/download_data_2223.asp,false,"REAL DATA. Office of the Economic Adviser, DPIIT, Ministry of Commerce and Industry - PRODUCER price index (published alongside the WPI), base 2022-23 = 100. Commodity 'Iron And Steel Foundries', published weight 1.83508 of the index basket. Value taken as published, no transformation. Section mapping rationale: foundry output covers manhole covers, gratings and mechanical pipework fittings.",
IN,PPI,PPI-STL-FDRY,"Wholesale/Producer Price Index of Iron And Steel Foundries, India",2024-10,2022,100.0,INR,88.2,Reinforcement;M&E Containment,https://eaindustry.nic.in/download_data_2223.asp,false,"REAL DATA. Office of the Economic Adviser, DPIIT, Ministry of Commerce and Industry - PRODUCER price index (published alongside the WPI), base 2022-23 = 100. Commodity 'Iron And Steel Foundries', published weight 1.83508 of the index basket. Value taken as published, no transformation. Section mapping rationale: foundry output covers manhole covers, gratings and mechanical pipework fittings.",
IN,PPI,PPI-STL-FDRY,"Wholesale/Producer Price Index of Iron And Steel Foundries, India",2024-11,2022,100.0,INR,87.6,Reinforcement;M&E Containment,https://eaindustry.nic.in/download_data_2223.asp,false,"REAL DATA. Office of the Economic Adviser, DPIIT, Ministry of Commerce and Industry - PRODUCER price index (published alongside the WPI), base 2022-23 = 100. Commodity 'Iron And Steel Foundries', published weight 1.83508 of the index basket. Value taken as published, no transformation. Section mapping rationale: foundry output covers manhole covers, gratings and mechanical pipework fittings.",
IN,PPI,PPI-STL-FDRY,"Wholesale/Producer Price Index of Iron And Steel Foundries, India",2024-12,2022,100.0,INR,86.8,Reinforcement;M&E Containment,https://eaindustry.nic.in/download_data_2223.asp,false,"REAL DATA. Office of the Economic Adviser, DPIIT, Ministry of Commerce and Industry - PRODUCER price index (published alongside the WPI), base 2022-23 = 100. Commodity 'Iron And Steel Foundries', published weight 1.83508 of the index basket. Value taken as published, no transformation. Section mapping rationale: foundry output covers manhole covers, gratings and mechanical pipework fittings.",
IN,PPI,PPI-STL-FDRY,"Wholesale/Producer Price Index of Iron And Steel Foundries, India",2025-01,2022,100.0,INR,86.7,Reinforcement;M&E Containment,https://eaindustry.nic.in/download_data_2223.asp,false,"REAL DATA. Office of the Economic Adviser, DPIIT, Ministry of Commerce and Industry - PRODUCER price index (published alongside the WPI), base 2022-23 = 100. Commodity 'Iron And Steel Foundries', published weight 1.83508 of the index basket. Value taken as published, no transformation. Section mapping rationale: foundry output covers manhole covers, gratings and mechanical pipework fittings.",
IN,PPI,PPI-STL-FDRY,"Wholesale/Producer Price Index of Iron And Steel Foundries, India",2025-02,2022,100.0,INR,87.3,Reinforcement;M&E Containment,https://eaindustry.nic.in/download_data_2223.asp,false,"REAL DATA. Office of the Economic Adviser, DPIIT, Ministry of Commerce and Industry - PRODUCER price index (published alongside the WPI), base 2022-23 = 100. Commodity 'Iron And Steel Foundries', published weight 1.83508 of the index basket. Value taken as published, no transformation. Section mapping rationale: foundry output covers manhole covers, gratings and mechanical pipework fittings.",
IN,PPI,PPI-STL-FDRY,"Wholesale/Producer Price Index of Iron And Steel Foundries, India",2025-03,2022,100.0,INR,87.8,Reinforcement;M&E Containment,https://eaindustry.nic.in/download_data_2223.asp,false,"REAL DATA. Office of the Economic Adviser, DPIIT, Ministry of Commerce and Industry - PRODUCER price index (published alongside the WPI), base 2022-23 = 100. Commodity 'Iron And Steel Foundries', published weight 1.83508 of the index basket. Value taken as published, no transformation. Section mapping rationale: foundry output covers manhole covers, gratings and mechanical pipework fittings.",
IN,PPI,PPI-STL-FDRY,"Wholesale/Producer Price Index of Iron And Steel Foundries, India",2025-04,2022,100.0,INR,89.9,Reinforcement;M&E Containment,https://eaindustry.nic.in/download_data_2223.asp,false,"REAL DATA. Office of the Economic Adviser, DPIIT, Ministry of Commerce and Industry - PRODUCER price index (published alongside the WPI), base 2022-23 = 100. Commodity 'Iron And Steel Foundries', published weight 1.83508 of the index basket. Value taken as published, no transformation. Section mapping rationale: foundry output covers manhole covers, gratings and mechanical pipework fittings.",
IN,PPI,PPI-STL-FDRY,"Wholesale/Producer Price Index of Iron And Steel Foundries, India",2025-05,2022,100.0,INR,89.2,Reinforcement;M&E Containment,https://eaindustry.nic.in/download_data_2223.asp,false,"REAL DATA. Office of the Economic Adviser, DPIIT, Ministry of Commerce and Industry - PRODUCER price index (published alongside the WPI), base 2022-23 = 100. Commodity 'Iron And Steel Foundries', published weight 1.83508 of the index basket. Value taken as published, no transformation. Section mapping rationale: foundry output covers manhole covers, gratings and mechanical pipework fittings.",
IN,PPI,PPI-STL-FDRY,"Wholesale/Producer Price Index of Iron And Steel Foundries, India",2025-06,2022,100.0,INR,87.6,Reinforcement;M&E Containment,https://eaindustry.nic.in/download_data_2223.asp,false,"REAL DATA. Office of the Economic Adviser, DPIIT, Ministry of Commerce and Industry - PRODUCER price index (published alongside the WPI), base 2022-23 = 100. Commodity 'Iron And Steel Foundries', published weight 1.83508 of the index basket. Value taken as published, no transformation. Section mapping rationale: foundry output covers manhole covers, gratings and mechanical pipework fittings.",
IN,PPI,PPI-STL-FDRY,"Wholesale/Producer Price Index of Iron And Steel Foundries, India",2025-07,2022,100.0,INR,85.5,Reinforcement;M&E Containment,https://eaindustry.nic.in/download_data_2223.asp,false,"REAL DATA. Office of the Economic Adviser, DPIIT, Ministry of Commerce and Industry - PRODUCER price index (published alongside the WPI), base 2022-23 = 100. Commodity 'Iron And Steel Foundries', published weight 1.83508 of the index basket. Value taken as published, no transformation. Section mapping rationale: foundry output covers manhole covers, gratings and mechanical pipework fittings.",
IN,PPI,PPI-STL-FDRY,"Wholesale/Producer Price Index of Iron And Steel Foundries, India",2025-08,2022,100.0,INR,85.1,Reinforcement;M&E Containment,https://eaindustry.nic.in/download_data_2223.asp,false,"REAL DATA. Office of the Economic Adviser, DPIIT, Ministry of Commerce and Industry - PRODUCER price index (published alongside the WPI), base 2022-23 = 100. Commodity 'Iron And Steel Foundries', published weight 1.83508 of the index basket. Value taken as published, no transformation. Section mapping rationale: foundry output covers manhole covers, gratings and mechanical pipework fittings.",
IN,PPI,PPI-STL-FDRY,"Wholesale/Producer Price Index of Iron And Steel Foundries, India",2025-09,2022,100.0,INR,84.2,Reinforcement;M&E Containment,https://eaindustry.nic.in/download_data_2223.asp,false,"REAL DATA. Office of the Economic Adviser, DPIIT, Ministry of Commerce and Industry - PRODUCER price index (published alongside the WPI), base 2022-23 = 100. Commodity 'Iron And Steel Foundries', published weight 1.83508 of the index basket. Value taken as published, no transformation. Section mapping rationale: foundry output covers manhole covers, gratings and mechanical pipework fittings.",
IN,PPI,PPI-STL-FDRY,"Wholesale/Producer Price Index of Iron And Steel Foundries, India",2025-10,2022,100.0,INR,83.3,Reinforcement;M&E Containment,https://eaindustry.nic.in/download_data_2223.asp,false,"REAL DATA. Office of the Economic Adviser, DPIIT, Ministry of Commerce and Industry - PRODUCER price index (published alongside the WPI), base 2022-23 = 100. Commodity 'Iron And Steel Foundries', published weight 1.83508 of the index basket. Value taken as published, no transformation. Section mapping rationale: foundry output covers manhole covers, gratings and mechanical pipework fittings.",
IN,PPI,PPI-STL-FDRY,"Wholesale/Producer Price Index of Iron And Steel Foundries, India",2025-11,2022,100.0,INR,82.7,Reinforcement;M&E Containment,https://eaindustry.nic.in/download_data_2223.asp,false,"REAL DATA. Office of the Economic Adviser, DPIIT, Ministry of Commerce and Industry - PRODUCER price index (published alongside the WPI), base 2022-23 = 100. Commodity 'Iron And Steel Foundries', published weight 1.83508 of the index basket. Value taken as published, no transformation. Section mapping rationale: foundry output covers manhole covers, gratings and mechanical pipework fittings.",
IN,PPI,PPI-STL-FDRY,"Wholesale/Producer Price Index of Iron And Steel Foundries, India",2025-12,2022,100.0,INR,83.3,Reinforcement;M&E Containment,https://eaindustry.nic.in/download_data_2223.asp,false,"REAL DATA. Office of the Economic Adviser, DPIIT, Ministry of Commerce and Industry - PRODUCER price index (published alongside the WPI), base 2022-23 = 100. Commodity 'Iron And Steel Foundries', published weight 1.83508 of the index basket. Value taken as published, no transformation. Section mapping rationale: foundry output covers manhole covers, gratings and mechanical pipework fittings.",
IN,PPI,PPI-STL-FDRY,"Wholesale/Producer Price Index of Iron And Steel Foundries, India",2026-01,2022,100.0,INR,86.5,Reinforcement;M&E Containment,https://eaindustry.nic.in/download_data_2223.asp,false,"REAL DATA. Office of the Economic Adviser, DPIIT, Ministry of Commerce and Industry - PRODUCER price index (published alongside the WPI), base 2022-23 = 100. Commodity 'Iron And Steel Foundries', published weight 1.83508 of the index basket. Value taken as published, no transformation. Section mapping rationale: foundry output covers manhole covers, gratings and mechanical pipework fittings.",
IN,PPI,PPI-STL-FDRY,"Wholesale/Producer Price Index of Iron And Steel Foundries, India",2026-02,2022,100.0,INR,88.6,Reinforcement;M&E Containment,https://eaindustry.nic.in/download_data_2223.asp,false,"REAL DATA. Office of the Economic Adviser, DPIIT, Ministry of Commerce and Industry - PRODUCER price index (published alongside the WPI), base 2022-23 = 100. Commodity 'Iron And Steel Foundries', published weight 1.83508 of the index basket. Value taken as published, no transformation. Section mapping rationale: foundry output covers manhole covers, gratings and mechanical pipework fittings.",
IN,PPI,PPI-STL-FDRY,"Wholesale/Producer Price Index of Iron And Steel Foundries, India",2026-03,2022,100.0,INR,90.6,Reinforcement;M&E Containment,https://eaindustry.nic.in/download_data_2223.asp,false,"REAL DATA. Office of the Economic Adviser, DPIIT, Ministry of Commerce and Industry - PRODUCER price index (published alongside the WPI), base 2022-23 = 100. Commodity 'Iron And Steel Foundries', published weight 1.83508 of the index basket. Value taken as published, no transformation. Section mapping rationale: foundry output covers manhole covers, gratings and mechanical pipework fittings.",
IN,PPI,PPI-STL-FDRY,"Wholesale/Producer Price Index of Iron And Steel Foundries, India",2026-04,2022,100.0,INR,92.7,Reinforcement;M&E Containment,https://eaindustry.nic.in/download_data_2223.asp,false,"REAL DATA. Office of the Economic Adviser, DPIIT, Ministry of Commerce and Industry - PRODUCER price index (published alongside the WPI), base 2022-23 = 100. Commodity 'Iron And Steel Foundries', published weight 1.83508 of the index basket. Value taken as published, no transformation. Section mapping rationale: foundry output covers manhole covers, gratings and mechanical pipework fittings.",
IN,PPI,PPI-STL-FDRY,"Wholesale/Producer Price Index of Iron And Steel Foundries, India",2026-05,2022,100.0,INR,92.7,Reinforcement;M&E Containment,https://eaindustry.nic.in/download_data_2223.asp,false,"REAL DATA. Office of the Economic Adviser, DPIIT, Ministry of Commerce and Industry - PRODUCER price index (published alongside the WPI), base 2022-23 = 100. Commodity 'Iron And Steel Foundries', published weight 1.83508 of the index basket. Value taken as published, no transformation. Section mapping rationale: foundry output covers manhole covers, gratings and mechanical pipework fittings.",
IN,PPI,PPI-STL-FDRY,"Wholesale/Producer Price Index of Iron And Steel Foundries, India",2026-06,2022,100.0,INR,91.7,Reinforcement;M&E Containment,https://eaindustry.nic.in/download_data_2223.asp,false,"REAL DATA. Office of the Economic Adviser, DPIIT, Ministry of Commerce and Industry - PRODUCER price index (published alongside the WPI), base 2022-23 = 100. Commodity 'Iron And Steel Foundries', published weight 1.83508 of the index basket. Value taken as published, no transformation. Section mapping rationale: foundry output covers manhole covers, gratings and mechanical pipework fittings.",
IN,PPI,PPI-STL-FDRY,"Wholesale/Producer Price Index of Iron And Steel Foundries, India",2026-07,2022,100.0,INR,90.3,Reinforcement;M&E Containment,https://eaindustry.nic.in/download_data_2223.asp,false,"REAL DATA. Office of the Economic Adviser, DPIIT, Ministry of Commerce and Industry - PRODUCER price index (published alongside the WPI), base 2022-23 = 100. Commodity 'Iron And Steel Foundries', published weight 1.83508 of the index basket. Value taken as published, no transformation. Section mapping rationale: foundry output covers manhole covers, gratings and mechanical pipework fittings.",
IN,PPI,PPI-NMM,"Wholesale/Producer Price Index of Non Metallic Mineral Products, India",2023-04,2022,100.0,INR,100.7,Masonry;Plaster;Waterproofing,https://eaindustry.nic.in/download_data_2223.asp,false,"REAL DATA. Office of the Economic Adviser, DPIIT, Ministry of Commerce and Industry - PRODUCER price index (published alongside the WPI), base 2022-23 = 100. Commodity 'Non Metallic Mineral Products', published weight 1.04611 of the index basket. Value taken as published, no transformation. Section mapping rationale: the non-metallic mineral group is where cementitious render, tile and membrane products sit.",
IN,PPI,PPI-NMM,"Wholesale/Producer Price Index of Non Metallic Mineral Products, India",2023-05,2022,100.0,INR,100.7,Masonry;Plaster;Waterproofing,https://eaindustry.nic.in/download_data_2223.asp,false,"REAL DATA. Office of the Economic Adviser, DPIIT, Ministry of Commerce and Industry - PRODUCER price index (published alongside the WPI), base 2022-23 = 100. Commodity 'Non Metallic Mineral Products', published weight 1.04611 of the index basket. Value taken as published, no transformation. Section mapping rationale: the non-metallic mineral group is where cementitious render, tile and membrane products sit.",
IN,PPI,PPI-NMM,"Wholesale/Producer Price Index of Non Metallic Mineral Products, India",2023-06,2022,100.0,INR,99.8,Masonry;Plaster;Waterproofing,https://eaindustry.nic.in/download_data_2223.asp,false,"REAL DATA. Office of the Economic Adviser, DPIIT, Ministry of Commerce and Industry - PRODUCER price index (published alongside the WPI), base 2022-23 = 100. Commodity 'Non Metallic Mineral Products', published weight 1.04611 of the index basket. Value taken as published, no transformation. Section mapping rationale: the non-metallic mineral group is where cementitious render, tile and membrane products sit.",
IN,PPI,PPI-NMM,"Wholesale/Producer Price Index of Non Metallic Mineral Products, India",2023-07,2022,100.0,INR,99.9,Masonry;Plaster;Waterproofing,https://eaindustry.nic.in/download_data_2223.asp,false,"REAL DATA. Office of the Economic Adviser, DPIIT, Ministry of Commerce and Industry - PRODUCER price index (published alongside the WPI), base 2022-23 = 100. Commodity 'Non Metallic Mineral Products', published weight 1.04611 of the index basket. Value taken as published, no transformation. Section mapping rationale: the non-metallic mineral group is where cementitious render, tile and membrane products sit.",
IN,PPI,PPI-NMM,"Wholesale/Producer Price Index of Non Metallic Mineral Products, India",2023-08,2022,100.0,INR,100.6,Masonry;Plaster;Waterproofing,https://eaindustry.nic.in/download_data_2223.asp,false,"REAL DATA. Office of the Economic Adviser, DPIIT, Ministry of Commerce and Industry - PRODUCER price index (published alongside the WPI), base 2022-23 = 100. Commodity 'Non Metallic Mineral Products', published weight 1.04611 of the index basket. Value taken as published, no transformation. Section mapping rationale: the non-metallic mineral group is where cementitious render, tile and membrane products sit.",
IN,PPI,PPI-NMM,"Wholesale/Producer Price Index of Non Metallic Mineral Products, India",2023-09,2022,100.0,INR,99.6,Masonry;Plaster;Waterproofing,https://eaindustry.nic.in/download_data_2223.asp,false,"REAL DATA. Office of the Economic Adviser, DPIIT, Ministry of Commerce and Industry - PRODUCER price index (published alongside the WPI), base 2022-23 = 100. Commodity 'Non Metallic Mineral Products', published weight 1.04611 of the index basket. Value taken as published, no transformation. Section mapping rationale: the non-metallic mineral group is where cementitious render, tile and membrane products sit.",
IN,PPI,PPI-NMM,"Wholesale/Producer Price Index of Non Metallic Mineral Products, India",2023-10,2022,100.0,INR,99.7,Masonry;Plaster;Waterproofing,https://eaindustry.nic.in/download_data_2223.asp,false,"REAL DATA. Office of the Economic Adviser, DPIIT, Ministry of Commerce and Industry - PRODUCER price index (published alongside the WPI), base 2022-23 = 100. Commodity 'Non Metallic Mineral Products', published weight 1.04611 of the index basket. Value taken as published, no transformation. Section mapping rationale: the non-metallic mineral group is where cementitious render, tile and membrane products sit.",
IN,PPI,PPI-NMM,"Wholesale/Producer Price Index of Non Metallic Mineral Products, India",2023-11,2022,100.0,INR,98.9,Masonry;Plaster;Waterproofing,https://eaindustry.nic.in/download_data_2223.asp,false,"REAL DATA. Office of the Economic Adviser, DPIIT, Ministry of Commerce and Industry - PRODUCER price index (published alongside the WPI), base 2022-23 = 100. Commodity 'Non Metallic Mineral Products', published weight 1.04611 of the index basket. Value taken as published, no transformation. Section mapping rationale: the non-metallic mineral group is where cementitious render, tile and membrane products sit.",
IN,PPI,PPI-NMM,"Wholesale/Producer Price Index of Non Metallic Mineral Products, India",2023-12,2022,100.0,INR,98.4,Masonry;Plaster;Waterproofing,https://eaindustry.nic.in/download_data_2223.asp,false,"REAL DATA. Office of the Economic Adviser, DPIIT, Ministry of Commerce and Industry - PRODUCER price index (published alongside the WPI), base 2022-23 = 100. Commodity 'Non Metallic Mineral Products', published weight 1.04611 of the index basket. Value taken as published, no transformation. Section mapping rationale: the non-metallic mineral group is where cementitious render, tile and membrane products sit.",
IN,PPI,PPI-NMM,"Wholesale/Producer Price Index of Non Metallic Mineral Products, India",2024-01,2022,100.0,INR,98.4,Masonry;Plaster;Waterproofing,https://eaindustry.nic.in/download_data_2223.asp,false,"REAL DATA. Office of the Economic Adviser, DPIIT, Ministry of Commerce and Industry - PRODUCER price index (published alongside the WPI), base 2022-23 = 100. Commodity 'Non Metallic Mineral Products', published weight 1.04611 of the index basket. Value taken as published, no transformation. Section mapping rationale: the non-metallic mineral group is where cementitious render, tile and membrane products sit.",
IN,PPI,PPI-NMM,"Wholesale/Producer Price Index of Non Metallic Mineral Products, India",2024-02,2022,100.0,INR,98.9,Masonry;Plaster;Waterproofing,https://eaindustry.nic.in/download_data_2223.asp,false,"REAL DATA. Office of the Economic Adviser, DPIIT, Ministry of Commerce and Industry - PRODUCER price index (published alongside the WPI), base 2022-23 = 100. Commodity 'Non Metallic Mineral Products', published weight 1.04611 of the index basket. Value taken as published, no transformation. Section mapping rationale: the non-metallic mineral group is where cementitious render, tile and membrane products sit.",
IN,PPI,PPI-NMM,"Wholesale/Producer Price Index of Non Metallic Mineral Products, India",2024-03,2022,100.0,INR,98.3,Masonry;Plaster;Waterproofing,https://eaindustry.nic.in/download_data_2223.asp,false,"REAL DATA. Office of the Economic Adviser, DPIIT, Ministry of Commerce and Industry - PRODUCER price index (published alongside the WPI), base 2022-23 = 100. Commodity 'Non Metallic Mineral Products', published weight 1.04611 of the index basket. Value taken as published, no transformation. Section mapping rationale: the non-metallic mineral group is where cementitious render, tile and membrane products sit.",
IN,PPI,PPI-NMM,"Wholesale/Producer Price Index of Non Metallic Mineral Products, India",2024-04,2022,100.0,INR,99.0,Masonry;Plaster;Waterproofing,https://eaindustry.nic.in/download_data_2223.asp,false,"REAL DATA. Office of the Economic Adviser, DPIIT, Ministry of Commerce and Industry - PRODUCER price index (published alongside the WPI), base 2022-23 = 100. Commodity 'Non Metallic Mineral Products', published weight 1.04611 of the index basket. Value taken as published, no transformation. Section mapping rationale: the non-metallic mineral group is where cementitious render, tile and membrane products sit.",
IN,PPI,PPI-NMM,"Wholesale/Producer Price Index of Non Metallic Mineral Products, India",2024-05,2022,100.0,INR,97.7,Masonry;Plaster;Waterproofing,https://eaindustry.nic.in/download_data_2223.asp,false,"REAL DATA. Office of the Economic Adviser, DPIIT, Ministry of Commerce and Industry - PRODUCER price index (published alongside the WPI), base 2022-23 = 100. Commodity 'Non Metallic Mineral Products', published weight 1.04611 of the index basket. Value taken as published, no transformation. Section mapping rationale: the non-metallic mineral group is where cementitious render, tile and membrane products sit.",
IN,PPI,PPI-NMM,"Wholesale/Producer Price Index of Non Metallic Mineral Products, India",2024-06,2022,100.0,INR,97.4,Masonry;Plaster;Waterproofing,https://eaindustry.nic.in/download_data_2223.asp,false,"REAL DATA. Office of the Economic Adviser, DPIIT, Ministry of Commerce and Industry - PRODUCER price index (published alongside the WPI), base 2022-23 = 100. Commodity 'Non Metallic Mineral Products', published weight 1.04611 of the index basket. Value taken as published, no transformation. Section mapping rationale: the non-metallic mineral group is where cementitious render, tile and membrane products sit.",
IN,PPI,PPI-NMM,"Wholesale/Producer Price Index of Non Metallic Mineral Products, India",2024-07,2022,100.0,INR,97.8,Masonry;Plaster;Waterproofing,https://eaindustry.nic.in/download_data_2223.asp,false,"REAL DATA. Office of the Economic Adviser, DPIIT, Ministry of Commerce and Industry - PRODUCER price index (published alongside the WPI), base 2022-23 = 100. Commodity 'Non Metallic Mineral Products', published weight 1.04611 of the index basket. Value taken as published, no transformation. Section mapping rationale: the non-metallic mineral group is where cementitious render, tile and membrane products sit.",
IN,PPI,PPI-NMM,"Wholesale/Producer Price Index of Non Metallic Mineral Products, India",2024-08,2022,100.0,INR,98.0,Masonry;Plaster;Waterproofing,https://eaindustry.nic.in/download_data_2223.asp,false,"REAL DATA. Office of the Economic Adviser, DPIIT, Ministry of Commerce and Industry - PRODUCER price index (published alongside the WPI), base 2022-23 = 100. Commodity 'Non Metallic Mineral Products', published weight 1.04611 of the index basket. Value taken as published, no transformation. Section mapping rationale: the non-metallic mineral group is where cementitious render, tile and membrane products sit.",
IN,PPI,PPI-NMM,"Wholesale/Producer Price Index of Non Metallic Mineral Products, India",2024-09,2022,100.0,INR,98.0,Masonry;Plaster;Waterproofing,https://eaindustry.nic.in/download_data_2223.asp,false,"REAL DATA. Office of the Economic Adviser, DPIIT, Ministry of Commerce and Industry - PRODUCER price index (published alongside the WPI), base 2022-23 = 100. Commodity 'Non Metallic Mineral Products', published weight 1.04611 of the index basket. Value taken as published, no transformation. Section mapping rationale: the non-metallic mineral group is where cementitious render, tile and membrane products sit.",
IN,PPI,PPI-NMM,"Wholesale/Producer Price Index of Non Metallic Mineral Products, India",2024-10,2022,100.0,INR,97.4,Masonry;Plaster;Waterproofing,https://eaindustry.nic.in/download_data_2223.asp,false,"REAL DATA. Office of the Economic Adviser, DPIIT, Ministry of Commerce and Industry - PRODUCER price index (published alongside the WPI), base 2022-23 = 100. Commodity 'Non Metallic Mineral Products', published weight 1.04611 of the index basket. Value taken as published, no transformation. Section mapping rationale: the non-metallic mineral group is where cementitious render, tile and membrane products sit.",
IN,PPI,PPI-NMM,"Wholesale/Producer Price Index of Non Metallic Mineral Products, India",2024-11,2022,100.0,INR,97.4,Masonry;Plaster;Waterproofing,https://eaindustry.nic.in/download_data_2223.asp,false,"REAL DATA. Office of the Economic Adviser, DPIIT, Ministry of Commerce and Industry - PRODUCER price index (published alongside the WPI), base 2022-23 = 100. Commodity 'Non Metallic Mineral Products', published weight 1.04611 of the index basket. Value taken as published, no transformation. Section mapping rationale: the non-metallic mineral group is where cementitious render, tile and membrane products sit.",
IN,PPI,PPI-NMM,"Wholesale/Producer Price Index of Non Metallic Mineral Products, India",2024-12,2022,100.0,INR,97.9,Masonry;Plaster;Waterproofing,https://eaindustry.nic.in/download_data_2223.asp,false,"REAL DATA. Office of the Economic Adviser, DPIIT, Ministry of Commerce and Industry - PRODUCER price index (published alongside the WPI), base 2022-23 = 100. Commodity 'Non Metallic Mineral Products', published weight 1.04611 of the index basket. Value taken as published, no transformation. Section mapping rationale: the non-metallic mineral group is where cementitious render, tile and membrane products sit.",
IN,PPI,PPI-NMM,"Wholesale/Producer Price Index of Non Metallic Mineral Products, India",2025-01,2022,100.0,INR,98.3,Masonry;Plaster;Waterproofing,https://eaindustry.nic.in/download_data_2223.asp,false,"REAL DATA. Office of the Economic Adviser, DPIIT, Ministry of Commerce and Industry - PRODUCER price index (published alongside the WPI), base 2022-23 = 100. Commodity 'Non Metallic Mineral Products', published weight 1.04611 of the index basket. Value taken as published, no transformation. Section mapping rationale: the non-metallic mineral group is where cementitious render, tile and membrane products sit.",
IN,PPI,PPI-NMM,"Wholesale/Producer Price Index of Non Metallic Mineral Products, India",2025-02,2022,100.0,INR,99.0,Masonry;Plaster;Waterproofing,https://eaindustry.nic.in/download_data_2223.asp,false,"REAL DATA. Office of the Economic Adviser, DPIIT, Ministry of Commerce and Industry - PRODUCER price index (published alongside the WPI), base 2022-23 = 100. Commodity 'Non Metallic Mineral Products', published weight 1.04611 of the index basket. Value taken as published, no transformation. Section mapping rationale: the non-metallic mineral group is where cementitious render, tile and membrane products sit.",
IN,PPI,PPI-NMM,"Wholesale/Producer Price Index of Non Metallic Mineral Products, India",2025-03,2022,100.0,INR,98.5,Masonry;Plaster;Waterproofing,https://eaindustry.nic.in/download_data_2223.asp,false,"REAL DATA. Office of the Economic Adviser, DPIIT, Ministry of Commerce and Industry - PRODUCER price index (published alongside the WPI), base 2022-23 = 100. Commodity 'Non Metallic Mineral Products', published weight 1.04611 of the index basket. Value taken as published, no transformation. Section mapping rationale: the non-metallic mineral group is where cementitious render, tile and membrane products sit.",
IN,PPI,PPI-NMM,"Wholesale/Producer Price Index of Non Metallic Mineral Products, India",2025-04,2022,100.0,INR,97.6,Masonry;Plaster;Waterproofing,https://eaindustry.nic.in/download_data_2223.asp,false,"REAL DATA. Office of the Economic Adviser, DPIIT, Ministry of Commerce and Industry - PRODUCER price index (published alongside the WPI), base 2022-23 = 100. Commodity 'Non Metallic Mineral Products', published weight 1.04611 of the index basket. Value taken as published, no transformation. Section mapping rationale: the non-metallic mineral group is where cementitious render, tile and membrane products sit.",
IN,PPI,PPI-NMM,"Wholesale/Producer Price Index of Non Metallic Mineral Products, India",2025-05,2022,100.0,INR,98.1,Masonry;Plaster;Waterproofing,https://eaindustry.nic.in/download_data_2223.asp,false,"REAL DATA. Office of the Economic Adviser, DPIIT, Ministry of Commerce and Industry - PRODUCER price index (published alongside the WPI), base 2022-23 = 100. Commodity 'Non Metallic Mineral Products', published weight 1.04611 of the index basket. Value taken as published, no transformation. Section mapping rationale: the non-metallic mineral group is where cementitious render, tile and membrane products sit.",
IN,PPI,PPI-NMM,"Wholesale/Producer Price Index of Non Metallic Mineral Products, India",2025-06,2022,100.0,INR,98.0,Masonry;Plaster;Waterproofing,https://eaindustry.nic.in/download_data_2223.asp,false,"REAL DATA. Office of the Economic Adviser, DPIIT, Ministry of Commerce and Industry - PRODUCER price index (published alongside the WPI), base 2022-23 = 100. Commodity 'Non Metallic Mineral Products', published weight 1.04611 of the index basket. Value taken as published, no transformation. Section mapping rationale: the non-metallic mineral group is where cementitious render, tile and membrane products sit.",
IN,PPI,PPI-NMM,"Wholesale/Producer Price Index of Non Metallic Mineral Products, India",2025-07,2022,100.0,INR,97.9,Masonry;Plaster;Waterproofing,https://eaindustry.nic.in/download_data_2223.asp,false,"REAL DATA. Office of the Economic Adviser, DPIIT, Ministry of Commerce and Industry - PRODUCER price index (published alongside the WPI), base 2022-23 = 100. Commodity 'Non Metallic Mineral Products', published weight 1.04611 of the index basket. Value taken as published, no transformation. Section mapping rationale: the non-metallic mineral group is where cementitious render, tile and membrane products sit.",
IN,PPI,PPI-NMM,"Wholesale/Producer Price Index of Non Metallic Mineral Products, India",2025-08,2022,100.0,INR,98.4,Masonry;Plaster;Waterproofing,https://eaindustry.nic.in/download_data_2223.asp,false,"REAL DATA. Office of the Economic Adviser, DPIIT, Ministry of Commerce and Industry - PRODUCER price index (published alongside the WPI), base 2022-23 = 100. Commodity 'Non Metallic Mineral Products', published weight 1.04611 of the index basket. Value taken as published, no transformation. Section mapping rationale: the non-metallic mineral group is where cementitious render, tile and membrane products sit.",
IN,PPI,PPI-NMM,"Wholesale/Producer Price Index of Non Metallic Mineral Products, India",2025-09,2022,100.0,INR,97.8,Masonry;Plaster;Waterproofing,https://eaindustry.nic.in/download_data_2223.asp,false,"REAL DATA. Office of the Economic Adviser, DPIIT, Ministry of Commerce and Industry - PRODUCER price index (published alongside the WPI), base 2022-23 = 100. Commodity 'Non Metallic Mineral Products', published weight 1.04611 of the index basket. Value taken as published, no transformation. Section mapping rationale: the non-metallic mineral group is where cementitious render, tile and membrane products sit.",
IN,PPI,PPI-NMM,"Wholesale/Producer Price Index of Non Metallic Mineral Products, India",2025-10,2022,100.0,INR,98.4,Masonry;Plaster;Waterproofing,https://eaindustry.nic.in/download_data_2223.asp,false,"REAL DATA. Office of the Economic Adviser, DPIIT, Ministry of Commerce and Industry - PRODUCER price index (published alongside the WPI), base 2022-23 = 100. Commodity 'Non Metallic Mineral Products', published weight 1.04611 of the index basket. Value taken as published, no transformation. Section mapping rationale: the non-metallic mineral group is where cementitious render, tile and membrane products sit.",
IN,PPI,PPI-NMM,"Wholesale/Producer Price Index of Non Metallic Mineral Products, India",2025-11,2022,100.0,INR,98.2,Masonry;Plaster;Waterproofing,https://eaindustry.nic.in/download_data_2223.asp,false,"REAL DATA. Office of the Economic Adviser, DPIIT, Ministry of Commerce and Industry - PRODUCER price index (published alongside the WPI), base 2022-23 = 100. Commodity 'Non Metallic Mineral Products', published weight 1.04611 of the index basket. Value taken as published, no transformation. Section mapping rationale: the non-metallic mineral group is where cementitious render, tile and membrane products sit.",
IN,PPI,PPI-NMM,"Wholesale/Producer Price Index of Non Metallic Mineral Products, India",2025-12,2022,100.0,INR,98.2,Masonry;Plaster;Waterproofing,https://eaindustry.nic.in/download_data_2223.asp,false,"REAL DATA. Office of the Economic Adviser, DPIIT, Ministry of Commerce and Industry - PRODUCER price index (published alongside the WPI), base 2022-23 = 100. Commodity 'Non Metallic Mineral Products', published weight 1.04611 of the index basket. Value taken as published, no transformation. Section mapping rationale: the non-metallic mineral group is where cementitious render, tile and membrane products sit.",
IN,PPI,PPI-NMM,"Wholesale/Producer Price Index of Non Metallic Mineral Products, India",2026-01,2022,100.0,INR,99.0,Masonry;Plaster;Waterproofing,https://eaindustry.nic.in/download_data_2223.asp,false,"REAL DATA. Office of the Economic Adviser, DPIIT, Ministry of Commerce and Industry - PRODUCER price index (published alongside the WPI), base 2022-23 = 100. Commodity 'Non Metallic Mineral Products', published weight 1.04611 of the index basket. Value taken as published, no transformation. Section mapping rationale: the non-metallic mineral group is where cementitious render, tile and membrane products sit.",
IN,PPI,PPI-NMM,"Wholesale/Producer Price Index of Non Metallic Mineral Products, India",2026-02,2022,100.0,INR,98.3,Masonry;Plaster;Waterproofing,https://eaindustry.nic.in/download_data_2223.asp,false,"REAL DATA. Office of the Economic Adviser, DPIIT, Ministry of Commerce and Industry - PRODUCER price index (published alongside the WPI), base 2022-23 = 100. Commodity 'Non Metallic Mineral Products', published weight 1.04611 of the index basket. Value taken as published, no transformation. Section mapping rationale: the non-metallic mineral group is where cementitious render, tile and membrane products sit.",
IN,PPI,PPI-NMM,"Wholesale/Producer Price Index of Non Metallic Mineral Products, India",2026-03,2022,100.0,INR,98.6,Masonry;Plaster;Waterproofing,https://eaindustry.nic.in/download_data_2223.asp,false,"REAL DATA. Office of the Economic Adviser, DPIIT, Ministry of Commerce and Industry - PRODUCER price index (published alongside the WPI), base 2022-23 = 100. Commodity 'Non Metallic Mineral Products', published weight 1.04611 of the index basket. Value taken as published, no transformation. Section mapping rationale: the non-metallic mineral group is where cementitious render, tile and membrane products sit.",
IN,PPI,PPI-NMM,"Wholesale/Producer Price Index of Non Metallic Mineral Products, India",2026-04,2022,100.0,INR,102.4,Masonry;Plaster;Waterproofing,https://eaindustry.nic.in/download_data_2223.asp,false,"REAL DATA. Office of the Economic Adviser, DPIIT, Ministry of Commerce and Industry - PRODUCER price index (published alongside the WPI), base 2022-23 = 100. Commodity 'Non Metallic Mineral Products', published weight 1.04611 of the index basket. Value taken as published, no transformation. Section mapping rationale: the non-metallic mineral group is where cementitious render, tile and membrane products sit.",
IN,PPI,PPI-NMM,"Wholesale/Producer Price Index of Non Metallic Mineral Products, India",2026-05,2022,100.0,INR,102.7,Masonry;Plaster;Waterproofing,https://eaindustry.nic.in/download_data_2223.asp,false,"REAL DATA. Office of the Economic Adviser, DPIIT, Ministry of Commerce and Industry - PRODUCER price index (published alongside the WPI), base 2022-23 = 100. Commodity 'Non Metallic Mineral Products', published weight 1.04611 of the index basket. Value taken as published, no transformation. Section mapping rationale: the non-metallic mineral group is where cementitious render, tile and membrane products sit.",
IN,PPI,PPI-NMM,"Wholesale/Producer Price Index of Non Metallic Mineral Products, India",2026-06,2022,100.0,INR,103.8,Masonry;Plaster;Waterproofing,https://eaindustry.nic.in/download_data_2223.asp,false,"REAL DATA. Office of the Economic Adviser, DPIIT, Ministry of Commerce and Industry - PRODUCER price index (published alongside the WPI), base 2022-23 = 100. Commodity 'Non Metallic Mineral Products', published weight 1.04611 of the index basket. Value taken as published, no transformation. Section mapping rationale: the non-metallic mineral group is where cementitious render, tile and membrane products sit.",
IN,PPI,PPI-NMM,"Wholesale/Producer Price Index of Non Metallic Mineral Products, India",2026-07,2022,100.0,INR,104.6,Masonry;Plaster;Waterproofing,https://eaindustry.nic.in/download_data_2223.asp,false,"REAL DATA. Office of the Economic Adviser, DPIIT, Ministry of Commerce and Industry - PRODUCER price index (published alongside the WPI), base 2022-23 = 100. Commodity 'Non Metallic Mineral Products', published weight 1.04611 of the index basket. Value taken as published, no transformation. Section mapping rationale: the non-metallic mineral group is where cementitious render, tile and membrane products sit.",
IN,PPI,PPI-WOOD,"Wholesale/Producer Price Index of Wood And Wood Products Except Furniture, India",2023-04,2022,100.0,INR,102.1,Formwork;Preliminaries,https://eaindustry.nic.in/download_data_2223.asp,false,"REAL DATA. Office of the Economic Adviser, DPIIT, Ministry of Commerce and Industry - PRODUCER price index (published alongside the WPI), base 2022-23 = 100. Commodity 'Wood And Wood Products Except Furniture', published weight 1.08949 of the index basket. Value taken as published, no transformation. Section mapping rationale: sawn timber and plywood are formwork and temporary-works material, hence preliminaries.",
IN,PPI,PPI-WOOD,"Wholesale/Producer Price Index of Wood And Wood Products Except Furniture, India",2023-05,2022,100.0,INR,102.3,Formwork;Preliminaries,https://eaindustry.nic.in/download_data_2223.asp,false,"REAL DATA. Office of the Economic Adviser, DPIIT, Ministry of Commerce and Industry - PRODUCER price index (published alongside the WPI), base 2022-23 = 100. Commodity 'Wood And Wood Products Except Furniture', published weight 1.08949 of the index basket. Value taken as published, no transformation. Section mapping rationale: sawn timber and plywood are formwork and temporary-works material, hence preliminaries.",
IN,PPI,PPI-WOOD,"Wholesale/Producer Price Index of Wood And Wood Products Except Furniture, India",2023-06,2022,100.0,INR,101.5,Formwork;Preliminaries,https://eaindustry.nic.in/download_data_2223.asp,false,"REAL DATA. Office of the Economic Adviser, DPIIT, Ministry of Commerce and Industry - PRODUCER price index (published alongside the WPI), base 2022-23 = 100. Commodity 'Wood And Wood Products Except Furniture', published weight 1.08949 of the index basket. Value taken as published, no transformation. Section mapping rationale: sawn timber and plywood are formwork and temporary-works material, hence preliminaries.",
IN,PPI,PPI-WOOD,"Wholesale/Producer Price Index of Wood And Wood Products Except Furniture, India",2023-07,2022,100.0,INR,101.8,Formwork;Preliminaries,https://eaindustry.nic.in/download_data_2223.asp,false,"REAL DATA. Office of the Economic Adviser, DPIIT, Ministry of Commerce and Industry - PRODUCER price index (published alongside the WPI), base 2022-23 = 100. Commodity 'Wood And Wood Products Except Furniture', published weight 1.08949 of the index basket. Value taken as published, no transformation. Section mapping rationale: sawn timber and plywood are formwork and temporary-works material, hence preliminaries.",
IN,PPI,PPI-WOOD,"Wholesale/Producer Price Index of Wood And Wood Products Except Furniture, India",2023-08,2022,100.0,INR,101.2,Formwork;Preliminaries,https://eaindustry.nic.in/download_data_2223.asp,false,"REAL DATA. Office of the Economic Adviser, DPIIT, Ministry of Commerce and Industry - PRODUCER price index (published alongside the WPI), base 2022-23 = 100. Commodity 'Wood And Wood Products Except Furniture', published weight 1.08949 of the index basket. Value taken as published, no transformation. Section mapping rationale: sawn timber and plywood are formwork and temporary-works material, hence preliminaries.",
IN,PPI,PPI-WOOD,"Wholesale/Producer Price Index of Wood And Wood Products Except Furniture, India",2023-09,2022,100.0,INR,102.3,Formwork;Preliminaries,https://eaindustry.nic.in/download_data_2223.asp,false,"REAL DATA. Office of the Economic Adviser, DPIIT, Ministry of Commerce and Industry - PRODUCER price index (published alongside the WPI), base 2022-23 = 100. Commodity 'Wood And Wood Products Except Furniture', published weight 1.08949 of the index basket. Value taken as published, no transformation. Section mapping rationale: sawn timber and plywood are formwork and temporary-works material, hence preliminaries.",
IN,PPI,PPI-WOOD,"Wholesale/Producer Price Index of Wood And Wood Products Except Furniture, India",2023-10,2022,100.0,INR,102.5,Formwork;Preliminaries,https://eaindustry.nic.in/download_data_2223.asp,false,"REAL DATA. Office of the Economic Adviser, DPIIT, Ministry of Commerce and Industry - PRODUCER price index (published alongside the WPI), base 2022-23 = 100. Commodity 'Wood And Wood Products Except Furniture', published weight 1.08949 of the index basket. Value taken as published, no transformation. Section mapping rationale: sawn timber and plywood are formwork and temporary-works material, hence preliminaries.",
IN,PPI,PPI-WOOD,"Wholesale/Producer Price Index of Wood And Wood Products Except Furniture, India",2023-11,2022,100.0,INR,102.5,Formwork;Preliminaries,https://eaindustry.nic.in/download_data_2223.asp,false,"REAL DATA. Office of the Economic Adviser, DPIIT, Ministry of Commerce and Industry - PRODUCER price index (published alongside the WPI), base 2022-23 = 100. Commodity 'Wood And Wood Products Except Furniture', published weight 1.08949 of the index basket. Value taken as published, no transformation. Section mapping rationale: sawn timber and plywood are formwork and temporary-works material, hence preliminaries.",
IN,PPI,PPI-WOOD,"Wholesale/Producer Price Index of Wood And Wood Products Except Furniture, India",2023-12,2022,100.0,INR,103.4,Formwork;Preliminaries,https://eaindustry.nic.in/download_data_2223.asp,false,"REAL DATA. Office of the Economic Adviser, DPIIT, Ministry of Commerce and Industry - PRODUCER price index (published alongside the WPI), base 2022-23 = 100. Commodity 'Wood And Wood Products Except Furniture', published weight 1.08949 of the index basket. Value taken as published, no transformation. Section mapping rationale: sawn timber and plywood are formwork and temporary-works material, hence preliminaries.",
IN,PPI,PPI-WOOD,"Wholesale/Producer Price Index of Wood And Wood Products Except Furniture, India",2024-01,2022,100.0,INR,103.0,Formwork;Preliminaries,https://eaindustry.nic.in/download_data_2223.asp,false,"REAL DATA. Office of the Economic Adviser, DPIIT, Ministry of Commerce and Industry - PRODUCER price index (published alongside the WPI), base 2022-23 = 100. Commodity 'Wood And Wood Products Except Furniture', published weight 1.08949 of the index basket. Value taken as published, no transformation. Section mapping rationale: sawn timber and plywood are formwork and temporary-works material, hence preliminaries.",
IN,PPI,PPI-WOOD,"Wholesale/Producer Price Index of Wood And Wood Products Except Furniture, India",2024-02,2022,100.0,INR,102.7,Formwork;Preliminaries,https://eaindustry.nic.in/download_data_2223.asp,false,"REAL DATA. Office of the Economic Adviser, DPIIT, Ministry of Commerce and Industry - PRODUCER price index (published alongside the WPI), base 2022-23 = 100. Commodity 'Wood And Wood Products Except Furniture', published weight 1.08949 of the index basket. Value taken as published, no transformation. Section mapping rationale: sawn timber and plywood are formwork and temporary-works material, hence preliminaries.",
IN,PPI,PPI-WOOD,"Wholesale/Producer Price Index of Wood And Wood Products Except Furniture, India",2024-03,2022,100.0,INR,102.8,Formwork;Preliminaries,https://eaindustry.nic.in/download_data_2223.asp,false,"REAL DATA. Office of the Economic Adviser, DPIIT, Ministry of Commerce and Industry - PRODUCER price index (published alongside the WPI), base 2022-23 = 100. Commodity 'Wood And Wood Products Except Furniture', published weight 1.08949 of the index basket. Value taken as published, no transformation. Section mapping rationale: sawn timber and plywood are formwork and temporary-works material, hence preliminaries.",
IN,PPI,PPI-WOOD,"Wholesale/Producer Price Index of Wood And Wood Products Except Furniture, India",2024-04,2022,100.0,INR,102.8,Formwork;Preliminaries,https://eaindustry.nic.in/download_data_2223.asp,false,"REAL DATA. Office of the Economic Adviser, DPIIT, Ministry of Commerce and Industry - PRODUCER price index (published alongside the WPI), base 2022-23 = 100. Commodity 'Wood And Wood Products Except Furniture', published weight 1.08949 of the index basket. Value taken as published, no transformation. Section mapping rationale: sawn timber and plywood are formwork and temporary-works material, hence preliminaries.",
IN,PPI,PPI-WOOD,"Wholesale/Producer Price Index of Wood And Wood Products Except Furniture, India",2024-05,2022,100.0,INR,102.5,Formwork;Preliminaries,https://eaindustry.nic.in/download_data_2223.asp,false,"REAL DATA. Office of the Economic Adviser, DPIIT, Ministry of Commerce and Industry - PRODUCER price index (published alongside the WPI), base 2022-23 = 100. Commodity 'Wood And Wood Products Except Furniture', published weight 1.08949 of the index basket. Value taken as published, no transformation. Section mapping rationale: sawn timber and plywood are formwork and temporary-works material, hence preliminaries.",
IN,PPI,PPI-WOOD,"Wholesale/Producer Price Index of Wood And Wood Products Except Furniture, India",2024-06,2022,100.0,INR,102.6,Formwork;Preliminaries,https://eaindustry.nic.in/download_data_2223.asp,false,"REAL DATA. Office of the Economic Adviser, DPIIT, Ministry of Commerce and Industry - PRODUCER price index (published alongside the WPI), base 2022-23 = 100. Commodity 'Wood And Wood Products Except Furniture', published weight 1.08949 of the index basket. Value taken as published, no transformation. Section mapping rationale: sawn timber and plywood are formwork and temporary-works material, hence preliminaries.",
IN,PPI,PPI-WOOD,"Wholesale/Producer Price Index of Wood And Wood Products Except Furniture, India",2024-07,2022,100.0,INR,103.2,Formwork;Preliminaries,https://eaindustry.nic.in/download_data_2223.asp,false,"REAL DATA. Office of the Economic Adviser, DPIIT, Ministry of Commerce and Industry - PRODUCER price index (published alongside the WPI), base 2022-23 = 100. Commodity 'Wood And Wood Products Except Furniture', published weight 1.08949 of the index basket. Value taken as published, no transformation. Section mapping rationale: sawn timber and plywood are formwork and temporary-works material, hence preliminaries.",
IN,PPI,PPI-WOOD,"Wholesale/Producer Price Index of Wood And Wood Products Except Furniture, India",2024-08,2022,100.0,INR,102.8,Formwork;Preliminaries,https://eaindustry.nic.in/download_data_2223.asp,false,"REAL DATA. Office of the Economic Adviser, DPIIT, Ministry of Commerce and Industry - PRODUCER price index (published alongside the WPI), base 2022-23 = 100. Commodity 'Wood And Wood Products Except Furniture', published weight 1.08949 of the index basket. Value taken as published, no transformation. Section mapping rationale: sawn timber and plywood are formwork and temporary-works material, hence preliminaries.",
IN,PPI,PPI-WOOD,"Wholesale/Producer Price Index of Wood And Wood Products Except Furniture, India",2024-09,2022,100.0,INR,104.3,Formwork;Preliminaries,https://eaindustry.nic.in/download_data_2223.asp,false,"REAL DATA. Office of the Economic Adviser, DPIIT, Ministry of Commerce and Industry - PRODUCER price index (published alongside the WPI), base 2022-23 = 100. Commodity 'Wood And Wood Products Except Furniture', published weight 1.08949 of the index basket. Value taken as published, no transformation. Section mapping rationale: sawn timber and plywood are formwork and temporary-works material, hence preliminaries.",
IN,PPI,PPI-WOOD,"Wholesale/Producer Price Index of Wood And Wood Products Except Furniture, India",2024-10,2022,100.0,INR,104.0,Formwork;Preliminaries,https://eaindustry.nic.in/download_data_2223.asp,false,"REAL DATA. Office of the Economic Adviser, DPIIT, Ministry of Commerce and Industry - PRODUCER price index (published alongside the WPI), base 2022-23 = 100. Commodity 'Wood And Wood Products Except Furniture', published weight 1.08949 of the index basket. Value taken as published, no transformation. Section mapping rationale: sawn timber and plywood are formwork and temporary-works material, hence preliminaries.",
IN,PPI,PPI-WOOD,"Wholesale/Producer Price Index of Wood And Wood Products Except Furniture, India",2024-11,2022,100.0,INR,104.3,Formwork;Preliminaries,https://eaindustry.nic.in/download_data_2223.asp,false,"REAL DATA. Office of the Economic Adviser, DPIIT, Ministry of Commerce and Industry - PRODUCER price index (published alongside the WPI), base 2022-23 = 100. Commodity 'Wood And Wood Products Except Furniture', published weight 1.08949 of the index basket. Value taken as published, no transformation. Section mapping rationale: sawn timber and plywood are formwork and temporary-works material, hence preliminaries.",
IN,PPI,PPI-WOOD,"Wholesale/Producer Price Index of Wood And Wood Products Except Furniture, India",2024-12,2022,100.0,INR,104.7,Formwork;Preliminaries,https://eaindustry.nic.in/download_data_2223.asp,false,"REAL DATA. Office of the Economic Adviser, DPIIT, Ministry of Commerce and Industry - PRODUCER price index (published alongside the WPI), base 2022-23 = 100. Commodity 'Wood And Wood Products Except Furniture', published weight 1.08949 of the index basket. Value taken as published, no transformation. Section mapping rationale: sawn timber and plywood are formwork and temporary-works material, hence preliminaries.",
IN,PPI,PPI-WOOD,"Wholesale/Producer Price Index of Wood And Wood Products Except Furniture, India",2025-01,2022,100.0,INR,105.4,Formwork;Preliminaries,https://eaindustry.nic.in/download_data_2223.asp,false,"REAL DATA. Office of the Economic Adviser, DPIIT, Ministry of Commerce and Industry - PRODUCER price index (published alongside the WPI), base 2022-23 = 100. Commodity 'Wood And Wood Products Except Furniture', published weight 1.08949 of the index basket. Value taken as published, no transformation. Section mapping rationale: sawn timber and plywood are formwork and temporary-works material, hence preliminaries.",
IN,PPI,PPI-WOOD,"Wholesale/Producer Price Index of Wood And Wood Products Except Furniture, India",2025-02,2022,100.0,INR,105.4,Formwork;Preliminaries,https://eaindustry.nic.in/download_data_2223.asp,false,"REAL DATA. Office of the Economic Adviser, DPIIT, Ministry of Commerce and Industry - PRODUCER price index (published alongside the WPI), base 2022-23 = 100. Commodity 'Wood And Wood Products Except Furniture', published weight 1.08949 of the index basket. Value taken as published, no transformation. Section mapping rationale: sawn timber and plywood are formwork and temporary-works material, hence preliminaries.",
IN,PPI,PPI-WOOD,"Wholesale/Producer Price Index of Wood And Wood Products Except Furniture, India",2025-03,2022,100.0,INR,105.5,Formwork;Preliminaries,https://eaindustry.nic.in/download_data_2223.asp,false,"REAL DATA. Office of the Economic Adviser, DPIIT, Ministry of Commerce and Industry - PRODUCER price index (published alongside the WPI), base 2022-23 = 100. Commodity 'Wood And Wood Products Except Furniture', published weight 1.08949 of the index basket. Value taken as published, no transformation. Section mapping rationale: sawn timber and plywood are formwork and temporary-works material, hence preliminaries.",
IN,PPI,PPI-WOOD,"Wholesale/Producer Price Index of Wood And Wood Products Except Furniture, India",2025-04,2022,100.0,INR,105.4,Formwork;Preliminaries,https://eaindustry.nic.in/download_data_2223.asp,false,"REAL DATA. Office of the Economic Adviser, DPIIT, Ministry of Commerce and Industry - PRODUCER price index (published alongside the WPI), base 2022-23 = 100. Commodity 'Wood And Wood Products Except Furniture', published weight 1.08949 of the index basket. Value taken as published, no transformation. Section mapping rationale: sawn timber and plywood are formwork and temporary-works material, hence preliminaries.",
IN,PPI,PPI-WOOD,"Wholesale/Producer Price Index of Wood And Wood Products Except Furniture, India",2025-05,2022,100.0,INR,106.8,Formwork;Preliminaries,https://eaindustry.nic.in/download_data_2223.asp,false,"REAL DATA. Office of the Economic Adviser, DPIIT, Ministry of Commerce and Industry - PRODUCER price index (published alongside the WPI), base 2022-23 = 100. Commodity 'Wood And Wood Products Except Furniture', published weight 1.08949 of the index basket. Value taken as published, no transformation. Section mapping rationale: sawn timber and plywood are formwork and temporary-works material, hence preliminaries.",
IN,PPI,PPI-WOOD,"Wholesale/Producer Price Index of Wood And Wood Products Except Furniture, India",2025-06,2022,100.0,INR,106.2,Formwork;Preliminaries,https://eaindustry.nic.in/download_data_2223.asp,false,"REAL DATA. Office of the Economic Adviser, DPIIT, Ministry of Commerce and Industry - PRODUCER price index (published alongside the WPI), base 2022-23 = 100. Commodity 'Wood And Wood Products Except Furniture', published weight 1.08949 of the index basket. Value taken as published, no transformation. Section mapping rationale: sawn timber and plywood are formwork and temporary-works material, hence preliminaries.",
IN,PPI,PPI-WOOD,"Wholesale/Producer Price Index of Wood And Wood Products Except Furniture, India",2025-07,2022,100.0,INR,107.0,Formwork;Preliminaries,https://eaindustry.nic.in/download_data_2223.asp,false,"REAL DATA. Office of the Economic Adviser, DPIIT, Ministry of Commerce and Industry - PRODUCER price index (published alongside the WPI), base 2022-23 = 100. Commodity 'Wood And Wood Products Except Furniture', published weight 1.08949 of the index basket. Value taken as published, no transformation. Section mapping rationale: sawn timber and plywood are formwork and temporary-works material, hence preliminaries.",
IN,PPI,PPI-WOOD,"Wholesale/Producer Price Index of Wood And Wood Products Except Furniture, India",2025-08,2022,100.0,INR,106.5,Formwork;Preliminaries,https://eaindustry.nic.in/download_data_2223.asp,false,"REAL DATA. Office of the Economic Adviser, DPIIT, Ministry of Commerce and Industry - PRODUCER price index (published alongside the WPI), base 2022-23 = 100. Commodity 'Wood And Wood Products Except Furniture', published weight 1.08949 of the index basket. Value taken as published, no transformation. Section mapping rationale: sawn timber and plywood are formwork and temporary-works material, hence preliminaries.",
IN,PPI,PPI-WOOD,"Wholesale/Producer Price Index of Wood And Wood Products Except Furniture, India",2025-09,2022,100.0,INR,107.6,Formwork;Preliminaries,https://eaindustry.nic.in/download_data_2223.asp,false,"REAL DATA. Office of the Economic Adviser, DPIIT, Ministry of Commerce and Industry - PRODUCER price index (published alongside the WPI), base 2022-23 = 100. Commodity 'Wood And Wood Products Except Furniture', published weight 1.08949 of the index basket. Value taken as published, no transformation. Section mapping rationale: sawn timber and plywood are formwork and temporary-works material, hence preliminaries.",
IN,PPI,PPI-WOOD,"Wholesale/Producer Price Index of Wood And Wood Products Except Furniture, India",2025-10,2022,100.0,INR,107.6,Formwork;Preliminaries,https://eaindustry.nic.in/download_data_2223.asp,false,"REAL DATA. Office of the Economic Adviser, DPIIT, Ministry of Commerce and Industry - PRODUCER price index (published alongside the WPI), base 2022-23 = 100. Commodity 'Wood And Wood Products Except Furniture', published weight 1.08949 of the index basket. Value taken as published, no transformation. Section mapping rationale: sawn timber and plywood are formwork and temporary-works material, hence preliminaries.",
IN,PPI,PPI-WOOD,"Wholesale/Producer Price Index of Wood And Wood Products Except Furniture, India",2025-11,2022,100.0,INR,108.3,Formwork;Preliminaries,https://eaindustry.nic.in/download_data_2223.asp,false,"REAL DATA. Office of the Economic Adviser, DPIIT, Ministry of Commerce and Industry - PRODUCER price index (published alongside the WPI), base 2022-23 = 100. Commodity 'Wood And Wood Products Except Furniture', published weight 1.08949 of the index basket. Value taken as published, no transformation. Section mapping rationale: sawn timber and plywood are formwork and temporary-works material, hence preliminaries.",
IN,PPI,PPI-WOOD,"Wholesale/Producer Price Index of Wood And Wood Products Except Furniture, India",2025-12,2022,100.0,INR,107.6,Formwork;Preliminaries,https://eaindustry.nic.in/download_data_2223.asp,false,"REAL DATA. Office of the Economic Adviser, DPIIT, Ministry of Commerce and Industry - PRODUCER price index (published alongside the WPI), base 2022-23 = 100. Commodity 'Wood And Wood Products Except Furniture', published weight 1.08949 of the index basket. Value taken as published, no transformation. Section mapping rationale: sawn timber and plywood are formwork and temporary-works material, hence preliminaries.",
IN,PPI,PPI-WOOD,"Wholesale/Producer Price Index of Wood And Wood Products Except Furniture, India",2026-01,2022,100.0,INR,108.1,Formwork;Preliminaries,https://eaindustry.nic.in/download_data_2223.asp,false,"REAL DATA. Office of the Economic Adviser, DPIIT, Ministry of Commerce and Industry - PRODUCER price index (published alongside the WPI), base 2022-23 = 100. Commodity 'Wood And Wood Products Except Furniture', published weight 1.08949 of the index basket. Value taken as published, no transformation. Section mapping rationale: sawn timber and plywood are formwork and temporary-works material, hence preliminaries.",
IN,PPI,PPI-WOOD,"Wholesale/Producer Price Index of Wood And Wood Products Except Furniture, India",2026-02,2022,100.0,INR,108.3,Formwork;Preliminaries,https://eaindustry.nic.in/download_data_2223.asp,false,"REAL DATA. Office of the Economic Adviser, DPIIT, Ministry of Commerce and Industry - PRODUCER price index (published alongside the WPI), base 2022-23 = 100. Commodity 'Wood And Wood Products Except Furniture', published weight 1.08949 of the index basket. Value taken as published, no transformation. Section mapping rationale: sawn timber and plywood are formwork and temporary-works material, hence preliminaries.",
IN,PPI,PPI-WOOD,"Wholesale/Producer Price Index of Wood And Wood Products Except Furniture, India",2026-03,2022,100.0,INR,110.3,Formwork;Preliminaries,https://eaindustry.nic.in/download_data_2223.asp,false,"REAL DATA. Office of the Economic Adviser, DPIIT, Ministry of Commerce and Industry - PRODUCER price index (published alongside the WPI), base 2022-23 = 100. Commodity 'Wood And Wood Products Except Furniture', published weight 1.08949 of the index basket. Value taken as published, no transformation. Section mapping rationale: sawn timber and plywood are formwork and temporary-works material, hence preliminaries.",
IN,PPI,PPI-WOOD,"Wholesale/Producer Price Index of Wood And Wood Products Except Furniture, India",2026-04,2022,100.0,INR,113.3,Formwork;Preliminaries,https://eaindustry.nic.in/download_data_2223.asp,false,"REAL DATA. Office of the Economic Adviser, DPIIT, Ministry of Commerce and Industry - PRODUCER price index (published alongside the WPI), base 2022-23 = 100. Commodity 'Wood And Wood Products Except Furniture', published weight 1.08949 of the index basket. Value taken as published, no transformation. Section mapping rationale: sawn timber and plywood are formwork and temporary-works material, hence preliminaries.",
IN,PPI,PPI-WOOD,"Wholesale/Producer Price Index of Wood And Wood Products Except Furniture, India",2026-05,2022,100.0,INR,113.2,Formwork;Preliminaries,https://eaindustry.nic.in/download_data_2223.asp,false,"REAL DATA. Office of the Economic Adviser, DPIIT, Ministry of Commerce and Industry - PRODUCER price index (published alongside the WPI), base 2022-23 = 100. Commodity 'Wood And Wood Products Except Furniture', published weight 1.08949 of the index basket. Value taken as published, no transformation. Section mapping rationale: sawn timber and plywood are formwork and temporary-works material, hence preliminaries.",
IN,PPI,PPI-WOOD,"Wholesale/Producer Price Index of Wood And Wood Products Except Furniture, India",2026-06,2022,100.0,INR,114.8,Formwork;Preliminaries,https://eaindustry.nic.in/download_data_2223.asp,false,"REAL DATA. Office of the Economic Adviser, DPIIT, Ministry of Commerce and Industry - PRODUCER price index (published alongside the WPI), base 2022-23 = 100. Commodity 'Wood And Wood Products Except Furniture', published weight 1.08949 of the index basket. Value taken as published, no transformation. Section mapping rationale: sawn timber and plywood are formwork and temporary-works material, hence preliminaries.",
IN,PPI,PPI-WOOD,"Wholesale/Producer Price Index of Wood And Wood Products Except Furniture, India",2026-07,2022,100.0,INR,114.1,Formwork;Preliminaries,https://eaindustry.nic.in/download_data_2223.asp,false,"REAL DATA. Office of the Economic Adviser, DPIIT, Ministry of Commerce and Industry - PRODUCER price index (published alongside the WPI), base 2022-23 = 100. Commodity 'Wood And Wood Products Except Furniture', published weight 1.08949 of the index basket. Value taken as published, no transformation. Section mapping rationale: sawn timber and plywood are formwork and temporary-works material, hence preliminaries.",
IN,PPI,PPI-PLASTIC,"Wholesale/Producer Price Index of Plastic Products, India",2023-04,2022,100.0,INR,95.3,M&E Containment;Waterproofing,https://eaindustry.nic.in/download_data_2223.asp,false,"REAL DATA. Office of the Economic Adviser, DPIIT, Ministry of Commerce and Industry - PRODUCER price index (published alongside the WPI), base 2022-23 = 100. Commodity 'Plastic Products', published weight 1.83629 of the index basket. Value taken as published, no transformation. Section mapping rationale: uPVC conduit, trunking, pipe and sheet membrane are plastic products.",
IN,PPI,PPI-PLASTIC,"Wholesale/Producer Price Index of Plastic Products, India",2023-05,2022,100.0,INR,94.6,M&E Containment;Waterproofing,https://eaindustry.nic.in/download_data_2223.asp,false,"REAL DATA. Office of the Economic Adviser, DPIIT, Ministry of Commerce and Industry - PRODUCER price index (published alongside the WPI), base 2022-23 = 100. Commodity 'Plastic Products', published weight 1.83629 of the index basket. Value taken as published, no transformation. Section mapping rationale: uPVC conduit, trunking, pipe and sheet membrane are plastic products.",
IN,PPI,PPI-PLASTIC,"Wholesale/Producer Price Index of Plastic Products, India",2023-06,2022,100.0,INR,94.0,M&E Containment;Waterproofing,https://eaindustry.nic.in/download_data_2223.asp,false,"REAL DATA. Office of the Economic Adviser, DPIIT, Ministry of Commerce and Industry - PRODUCER price index (published alongside the WPI), base 2022-23 = 100. Commodity 'Plastic Products', published weight 1.83629 of the index basket. Value taken as published, no transformation. Section mapping rationale: uPVC conduit, trunking, pipe and sheet membrane are plastic products.",
IN,PPI,PPI-PLASTIC,"Wholesale/Producer Price Index of Plastic Products, India",2023-07,2022,100.0,INR,92.6,M&E Containment;Waterproofing,https://eaindustry.nic.in/download_data_2223.asp,false,"REAL DATA. Office of the Economic Adviser, DPIIT, Ministry of Commerce and Industry - PRODUCER price index (published alongside the WPI), base 2022-23 = 100. Commodity 'Plastic Products', published weight 1.83629 of the index basket. Value taken as published, no transformation. Section mapping rationale: uPVC conduit, trunking, pipe and sheet membrane are plastic products.",
IN,PPI,PPI-PLASTIC,"Wholesale/Producer Price Index of Plastic Products, India",2023-08,2022,100.0,INR,93.0,M&E Containment;Waterproofing,https://eaindustry.nic.in/download_data_2223.asp,false,"REAL DATA. Office of the Economic Adviser, DPIIT, Ministry of Commerce and Industry - PRODUCER price index (published alongside the WPI), base 2022-23 = 100. Commodity 'Plastic Products', published weight 1.83629 of the index basket. Value taken as published, no transformation. Section mapping rationale: uPVC conduit, trunking, pipe and sheet membrane are plastic products.",
IN,PPI,PPI-PLASTIC,"Wholesale/Producer Price Index of Plastic Products, India",2023-09,2022,100.0,INR,93.3,M&E Containment;Waterproofing,https://eaindustry.nic.in/download_data_2223.asp,false,"REAL DATA. Office of the Economic Adviser, DPIIT, Ministry of Commerce and Industry - PRODUCER price index (published alongside the WPI), base 2022-23 = 100. Commodity 'Plastic Products', published weight 1.83629 of the index basket. Value taken as published, no transformation. Section mapping rationale: uPVC conduit, trunking, pipe and sheet membrane are plastic products.",
IN,PPI,PPI-PLASTIC,"Wholesale/Producer Price Index of Plastic Products, India",2023-10,2022,100.0,INR,92.7,M&E Containment;Waterproofing,https://eaindustry.nic.in/download_data_2223.asp,false,"REAL DATA. Office of the Economic Adviser, DPIIT, Ministry of Commerce and Industry - PRODUCER price index (published alongside the WPI), base 2022-23 = 100. Commodity 'Plastic Products', published weight 1.83629 of the index basket. Value taken as published, no transformation. Section mapping rationale: uPVC conduit, trunking, pipe and sheet membrane are plastic products.",
IN,PPI,PPI-PLASTIC,"Wholesale/Producer Price Index of Plastic Products, India",2023-11,2022,100.0,INR,92.1,M&E Containment;Waterproofing,https://eaindustry.nic.in/download_data_2223.asp,false,"REAL DATA. Office of the Economic Adviser, DPIIT, Ministry of Commerce and Industry - PRODUCER price index (published alongside the WPI), base 2022-23 = 100. Commodity 'Plastic Products', published weight 1.83629 of the index basket. Value taken as published, no transformation. Section mapping rationale: uPVC conduit, trunking, pipe and sheet membrane are plastic products.",
IN,PPI,PPI-PLASTIC,"Wholesale/Producer Price Index of Plastic Products, India",2023-12,2022,100.0,INR,91.7,M&E Containment;Waterproofing,https://eaindustry.nic.in/download_data_2223.asp,false,"REAL DATA. Office of the Economic Adviser, DPIIT, Ministry of Commerce and Industry - PRODUCER price index (published alongside the WPI), base 2022-23 = 100. Commodity 'Plastic Products', published weight 1.83629 of the index basket. Value taken as published, no transformation. Section mapping rationale: uPVC conduit, trunking, pipe and sheet membrane are plastic products.",
IN,PPI,PPI-PLASTIC,"Wholesale/Producer Price Index of Plastic Products, India",2024-01,2022,100.0,INR,91.6,M&E Containment;Waterproofing,https://eaindustry.nic.in/download_data_2223.asp,false,"REAL DATA. Office of the Economic Adviser, DPIIT, Ministry of Commerce and Industry - PRODUCER price index (published alongside the WPI), base 2022-23 = 100. Commodity 'Plastic Products', published weight 1.83629 of the index basket. Value taken as published, no transformation. Section mapping rationale: uPVC conduit, trunking, pipe and sheet membrane are plastic products.",
IN,PPI,PPI-PLASTIC,"Wholesale/Producer Price Index of Plastic Products, India",2024-02,2022,100.0,INR,91.8,M&E Containment;Waterproofing,https://eaindustry.nic.in/download_data_2223.asp,false,"REAL DATA. Office of the Economic Adviser, DPIIT, Ministry of Commerce and Industry - PRODUCER price index (published alongside the WPI), base 2022-23 = 100. Commodity 'Plastic Products', published weight 1.83629 of the index basket. Value taken as published, no transformation. Section mapping rationale: uPVC conduit, trunking, pipe and sheet membrane are plastic products.",
IN,PPI,PPI-PLASTIC,"Wholesale/Producer Price Index of Plastic Products, India",2024-03,2022,100.0,INR,91.9,M&E Containment;Waterproofing,https://eaindustry.nic.in/download_data_2223.asp,false,"REAL DATA. Office of the Economic Adviser, DPIIT, Ministry of Commerce and Industry - PRODUCER price index (published alongside the WPI), base 2022-23 = 100. Commodity 'Plastic Products', published weight 1.83629 of the index basket. Value taken as published, no transformation. Section mapping rationale: uPVC conduit, trunking, pipe and sheet membrane are plastic products.",
IN,PPI,PPI-PLASTIC,"Wholesale/Producer Price Index of Plastic Products, India",2024-04,2022,100.0,INR,92.8,M&E Containment;Waterproofing,https://eaindustry.nic.in/download_data_2223.asp,false,"REAL DATA. Office of the Economic Adviser, DPIIT, Ministry of Commerce and Industry - PRODUCER price index (published alongside the WPI), base 2022-23 = 100. Commodity 'Plastic Products', published weight 1.83629 of the index basket. Value taken as published, no transformation. Section mapping rationale: uPVC conduit, trunking, pipe and sheet membrane are plastic products.",
IN,PPI,PPI-PLASTIC,"Wholesale/Producer Price Index of Plastic Products, India",2024-05,2022,100.0,INR,93.0,M&E Containment;Waterproofing,https://eaindustry.nic.in/download_data_2223.asp,false,"REAL DATA. Office of the Economic Adviser, DPIIT, Ministry of Commerce and Industry - PRODUCER price index (published alongside the WPI), base 2022-23 = 100. Commodity 'Plastic Products', published weight 1.83629 of the index basket. Value taken as published, no transformation. Section mapping rationale: uPVC conduit, trunking, pipe and sheet membrane are plastic products.",
IN,PPI,PPI-PLASTIC,"Wholesale/Producer Price Index of Plastic Products, India",2024-06,2022,100.0,INR,94.2,M&E Containment;Waterproofing,https://eaindustry.nic.in/download_data_2223.asp,false,"REAL DATA. Office of the Economic Adviser, DPIIT, Ministry of Commerce and Industry - PRODUCER price index (published alongside the WPI), base 2022-23 = 100. Commodity 'Plastic Products', published weight 1.83629 of the index basket. Value taken as published, no transformation. Section mapping rationale: uPVC conduit, trunking, pipe and sheet membrane are plastic products.",
IN,PPI,PPI-PLASTIC,"Wholesale/Producer Price Index of Plastic Products, India",2024-07,2022,100.0,INR,95.5,M&E Containment;Waterproofing,https://eaindustry.nic.in/download_data_2223.asp,false,"REAL DATA. Office of the Economic Adviser, DPIIT, Ministry of Commerce and Industry - PRODUCER price index (published alongside the WPI), base 2022-23 = 100. Commodity 'Plastic Products', published weight 1.83629 of the index basket. Value taken as published, no transformation. Section mapping rationale: uPVC conduit, trunking, pipe and sheet membrane are plastic products.",
IN,PPI,PPI-PLASTIC,"Wholesale/Producer Price Index of Plastic Products, India",2024-08,2022,100.0,INR,94.8,M&E Containment;Waterproofing,https://eaindustry.nic.in/download_data_2223.asp,false,"REAL DATA. Office of the Economic Adviser, DPIIT, Ministry of Commerce and Industry - PRODUCER price index (published alongside the WPI), base 2022-23 = 100. Commodity 'Plastic Products', published weight 1.83629 of the index basket. Value taken as published, no transformation. Section mapping rationale: uPVC conduit, trunking, pipe and sheet membrane are plastic products.",
IN,PPI,PPI-PLASTIC,"Wholesale/Producer Price Index of Plastic Products, India",2024-09,2022,100.0,INR,94.4,M&E Containment;Waterproofing,https://eaindustry.nic.in/download_data_2223.asp,false,"REAL DATA. Office of the Economic Adviser, DPIIT, Ministry of Commerce and Industry - PRODUCER price index (published alongside the WPI), base 2022-23 = 100. Commodity 'Plastic Products', published weight 1.83629 of the index basket. Value taken as published, no transformation. Section mapping rationale: uPVC conduit, trunking, pipe and sheet membrane are plastic products.",
IN,PPI,PPI-PLASTIC,"Wholesale/Producer Price Index of Plastic Products, India",2024-10,2022,100.0,INR,94.2,M&E Containment;Waterproofing,https://eaindustry.nic.in/download_data_2223.asp,false,"REAL DATA. Office of the Economic Adviser, DPIIT, Ministry of Commerce and Industry - PRODUCER price index (published alongside the WPI), base 2022-23 = 100. Commodity 'Plastic Products', published weight 1.83629 of the index basket. Value taken as published, no transformation. Section mapping rationale: uPVC conduit, trunking, pipe and sheet membrane are plastic products.",
IN,PPI,PPI-PLASTIC,"Wholesale/Producer Price Index of Plastic Products, India",2024-11,2022,100.0,INR,94.1,M&E Containment;Waterproofing,https://eaindustry.nic.in/download_data_2223.asp,false,"REAL DATA. Office of the Economic Adviser, DPIIT, Ministry of Commerce and Industry - PRODUCER price index (published alongside the WPI), base 2022-23 = 100. Commodity 'Plastic Products', published weight 1.83629 of the index basket. Value taken as published, no transformation. Section mapping rationale: uPVC conduit, trunking, pipe and sheet membrane are plastic products.",
IN,PPI,PPI-PLASTIC,"Wholesale/Producer Price Index of Plastic Products, India",2024-12,2022,100.0,INR,93.7,M&E Containment;Waterproofing,https://eaindustry.nic.in/download_data_2223.asp,false,"REAL DATA. Office of the Economic Adviser, DPIIT, Ministry of Commerce and Industry - PRODUCER price index (published alongside the WPI), base 2022-23 = 100. Commodity 'Plastic Products', published weight 1.83629 of the index basket. Value taken as published, no transformation. Section mapping rationale: uPVC conduit, trunking, pipe and sheet membrane are plastic products.",
IN,PPI,PPI-PLASTIC,"Wholesale/Producer Price Index of Plastic Products, India",2025-01,2022,100.0,INR,93.7,M&E Containment;Waterproofing,https://eaindustry.nic.in/download_data_2223.asp,false,"REAL DATA. Office of the Economic Adviser, DPIIT, Ministry of Commerce and Industry - PRODUCER price index (published alongside the WPI), base 2022-23 = 100. Commodity 'Plastic Products', published weight 1.83629 of the index basket. Value taken as published, no transformation. Section mapping rationale: uPVC conduit, trunking, pipe and sheet membrane are plastic products.",
IN,PPI,PPI-PLASTIC,"Wholesale/Producer Price Index of Plastic Products, India",2025-02,2022,100.0,INR,94.1,M&E Containment;Waterproofing,https://eaindustry.nic.in/download_data_2223.asp,false,"REAL DATA. Office of the Economic Adviser, DPIIT, Ministry of Commerce and Industry - PRODUCER price index (published alongside the WPI), base 2022-23 = 100. Commodity 'Plastic Products', published weight 1.83629 of the index basket. Value taken as published, no transformation. Section mapping rationale: uPVC conduit, trunking, pipe and sheet membrane are plastic products.",
IN,PPI,PPI-PLASTIC,"Wholesale/Producer Price Index of Plastic Products, India",2025-03,2022,100.0,INR,93.7,M&E Containment;Waterproofing,https://eaindustry.nic.in/download_data_2223.asp,false,"REAL DATA. Office of the Economic Adviser, DPIIT, Ministry of Commerce and Industry - PRODUCER price index (published alongside the WPI), base 2022-23 = 100. Commodity 'Plastic Products', published weight 1.83629 of the index basket. Value taken as published, no transformation. Section mapping rationale: uPVC conduit, trunking, pipe and sheet membrane are plastic products.",
IN,PPI,PPI-PLASTIC,"Wholesale/Producer Price Index of Plastic Products, India",2025-04,2022,100.0,INR,93.0,M&E Containment;Waterproofing,https://eaindustry.nic.in/download_data_2223.asp,false,"REAL DATA. Office of the Economic Adviser, DPIIT, Ministry of Commerce and Industry - PRODUCER price index (published alongside the WPI), base 2022-23 = 100. Commodity 'Plastic Products', published weight 1.83629 of the index basket. Value taken as published, no transformation. Section mapping rationale: uPVC conduit, trunking, pipe and sheet membrane are plastic products.",
IN,PPI,PPI-PLASTIC,"Wholesale/Producer Price Index of Plastic Products, India",2025-05,2022,100.0,INR,92.5,M&E Containment;Waterproofing,https://eaindustry.nic.in/download_data_2223.asp,false,"REAL DATA. Office of the Economic Adviser, DPIIT, Ministry of Commerce and Industry - PRODUCER price index (published alongside the WPI), base 2022-23 = 100. Commodity 'Plastic Products', published weight 1.83629 of the index basket. Value taken as published, no transformation. Section mapping rationale: uPVC conduit, trunking, pipe and sheet membrane are plastic products.",
IN,PPI,PPI-PLASTIC,"Wholesale/Producer Price Index of Plastic Products, India",2025-06,2022,100.0,INR,93.3,M&E Containment;Waterproofing,https://eaindustry.nic.in/download_data_2223.asp,false,"REAL DATA. Office of the Economic Adviser, DPIIT, Ministry of Commerce and Industry - PRODUCER price index (published alongside the WPI), base 2022-23 = 100. Commodity 'Plastic Products', published weight 1.83629 of the index basket. Value taken as published, no transformation. Section mapping rationale: uPVC conduit, trunking, pipe and sheet membrane are plastic products.",
IN,PPI,PPI-PLASTIC,"Wholesale/Producer Price Index of Plastic Products, India",2025-07,2022,100.0,INR,93.4,M&E Containment;Waterproofing,https://eaindustry.nic.in/download_data_2223.asp,false,"REAL DATA. Office of the Economic Adviser, DPIIT, Ministry of Commerce and Industry - PRODUCER price index (published alongside the WPI), base 2022-23 = 100. Commodity 'Plastic Products', published weight 1.83629 of the index basket. Value taken as published, no transformation. Section mapping rationale: uPVC conduit, trunking, pipe and sheet membrane are plastic products.",
IN,PPI,PPI-PLASTIC,"Wholesale/Producer Price Index of Plastic Products, India",2025-08,2022,100.0,INR,93.7,M&E Containment;Waterproofing,https://eaindustry.nic.in/download_data_2223.asp,false,"REAL DATA. Office of the Economic Adviser, DPIIT, Ministry of Commerce and Industry - PRODUCER price index (published alongside the WPI), base 2022-23 = 100. Commodity 'Plastic Products', published weight 1.83629 of the index basket. Value taken as published, no transformation. Section mapping rationale: uPVC conduit, trunking, pipe and sheet membrane are plastic products.",
IN,PPI,PPI-PLASTIC,"Wholesale/Producer Price Index of Plastic Products, India",2025-09,2022,100.0,INR,92.9,M&E Containment;Waterproofing,https://eaindustry.nic.in/download_data_2223.asp,false,"REAL DATA. Office of the Economic Adviser, DPIIT, Ministry of Commerce and Industry - PRODUCER price index (published alongside the WPI), base 2022-23 = 100. Commodity 'Plastic Products', published weight 1.83629 of the index basket. Value taken as published, no transformation. Section mapping rationale: uPVC conduit, trunking, pipe and sheet membrane are plastic products.",
IN,PPI,PPI-PLASTIC,"Wholesale/Producer Price Index of Plastic Products, India",2025-10,2022,100.0,INR,93.0,M&E Containment;Waterproofing,https://eaindustry.nic.in/download_data_2223.asp,false,"REAL DATA. Office of the Economic Adviser, DPIIT, Ministry of Commerce and Industry - PRODUCER price index (published alongside the WPI), base 2022-23 = 100. Commodity 'Plastic Products', published weight 1.83629 of the index basket. Value taken as published, no transformation. Section mapping rationale: uPVC conduit, trunking, pipe and sheet membrane are plastic products.",
IN,PPI,PPI-PLASTIC,"Wholesale/Producer Price Index of Plastic Products, India",2025-11,2022,100.0,INR,92.5,M&E Containment;Waterproofing,https://eaindustry.nic.in/download_data_2223.asp,false,"REAL DATA. Office of the Economic Adviser, DPIIT, Ministry of Commerce and Industry - PRODUCER price index (published alongside the WPI), base 2022-23 = 100. Commodity 'Plastic Products', published weight 1.83629 of the index basket. Value taken as published, no transformation. Section mapping rationale: uPVC conduit, trunking, pipe and sheet membrane are plastic products.",
IN,PPI,PPI-PLASTIC,"Wholesale/Producer Price Index of Plastic Products, India",2025-12,2022,100.0,INR,92.5,M&E Containment;Waterproofing,https://eaindustry.nic.in/download_data_2223.asp,false,"REAL DATA. Office of the Economic Adviser, DPIIT, Ministry of Commerce and Industry - PRODUCER price index (published alongside the WPI), base 2022-23 = 100. Commodity 'Plastic Products', published weight 1.83629 of the index basket. Value taken as published, no transformation. Section mapping rationale: uPVC conduit, trunking, pipe and sheet membrane are plastic products.",
IN,PPI,PPI-PLASTIC,"Wholesale/Producer Price Index of Plastic Products, India",2026-01,2022,100.0,INR,92.7,M&E Containment;Waterproofing,https://eaindustry.nic.in/download_data_2223.asp,false,"REAL DATA. Office of the Economic Adviser, DPIIT, Ministry of Commerce and Industry - PRODUCER price index (published alongside the WPI), base 2022-23 = 100. Commodity 'Plastic Products', published weight 1.83629 of the index basket. Value taken as published, no transformation. Section mapping rationale: uPVC conduit, trunking, pipe and sheet membrane are plastic products.",
IN,PPI,PPI-PLASTIC,"Wholesale/Producer Price Index of Plastic Products, India",2026-02,2022,100.0,INR,94.2,M&E Containment;Waterproofing,https://eaindustry.nic.in/download_data_2223.asp,false,"REAL DATA. Office of the Economic Adviser, DPIIT, Ministry of Commerce and Industry - PRODUCER price index (published alongside the WPI), base 2022-23 = 100. Commodity 'Plastic Products', published weight 1.83629 of the index basket. Value taken as published, no transformation. Section mapping rationale: uPVC conduit, trunking, pipe and sheet membrane are plastic products.",
IN,PPI,PPI-PLASTIC,"Wholesale/Producer Price Index of Plastic Products, India",2026-03,2022,100.0,INR,101.8,M&E Containment;Waterproofing,https://eaindustry.nic.in/download_data_2223.asp,false,"REAL DATA. Office of the Economic Adviser, DPIIT, Ministry of Commerce and Industry - PRODUCER price index (published alongside the WPI), base 2022-23 = 100. Commodity 'Plastic Products', published weight 1.83629 of the index basket. Value taken as published, no transformation. Section mapping rationale: uPVC conduit, trunking, pipe and sheet membrane are plastic products.",
IN,PPI,PPI-PLASTIC,"Wholesale/Producer Price Index of Plastic Products, India",2026-04,2022,100.0,INR,107.3,M&E Containment;Waterproofing,https://eaindustry.nic.in/download_data_2223.asp,false,"REAL DATA. Office of the Economic Adviser, DPIIT, Ministry of Commerce and Industry - PRODUCER price index (published alongside the WPI), base 2022-23 = 100. Commodity 'Plastic Products', published weight 1.83629 of the index basket. Value taken as published, no transformation. Section mapping rationale: uPVC conduit, trunking, pipe and sheet membrane are plastic products.",
IN,PPI,PPI-PLASTIC,"Wholesale/Producer Price Index of Plastic Products, India",2026-05,2022,100.0,INR,107.1,M&E Containment;Waterproofing,https://eaindustry.nic.in/download_data_2223.asp,false,"REAL DATA. Office of the Economic Adviser, DPIIT, Ministry of Commerce and Industry - PRODUCER price index (published alongside the WPI), base 2022-23 = 100. Commodity 'Plastic Products', published weight 1.83629 of the index basket. Value taken as published, no transformation. Section mapping rationale: uPVC conduit, trunking, pipe and sheet membrane are plastic products.",
IN,PPI,PPI-PLASTIC,"Wholesale/Producer Price Index of Plastic Products, India",2026-06,2022,100.0,INR,106.7,M&E Containment;Waterproofing,https://eaindustry.nic.in/download_data_2223.asp,false,"REAL DATA. Office of the Economic Adviser, DPIIT, Ministry of Commerce and Industry - PRODUCER price index (published alongside the WPI), base 2022-23 = 100. Commodity 'Plastic Products', published weight 1.83629 of the index basket. Value taken as published, no transformation. Section mapping rationale: uPVC conduit, trunking, pipe and sheet membrane are plastic products.",
IN,PPI,PPI-PLASTIC,"Wholesale/Producer Price Index of Plastic Products, India",2026-07,2022,100.0,INR,105.9,M&E Containment;Waterproofing,https://eaindustry.nic.in/download_data_2223.asp,false,"REAL DATA. Office of the Economic Adviser, DPIIT, Ministry of Commerce and Industry - PRODUCER price index (published alongside the WPI), base 2022-23 = 100. Commodity 'Plastic Products', published weight 1.83629 of the index basket. Value taken as published, no transformation. Section mapping rationale: uPVC conduit, trunking, pipe and sheet membrane are plastic products.",
IN,PPI,PPI-PAINT,"Wholesale/Producer Price Index of Paints, Varnishes And Lacquers, India",2023-04,2022,100.0,INR,93.8,Waterproofing,https://eaindustry.nic.in/download_data_2223.asp,false,"REAL DATA. Office of the Economic Adviser, DPIIT, Ministry of Commerce and Industry - PRODUCER price index (published alongside the WPI), base 2022-23 = 100. Commodity 'Paints, Varnishes And Lacquers', published weight 0.76978 of the index basket. Value taken as published, no transformation. Section mapping rationale: the same manufacturers supply brush- and spray-applied waterproof coatings.",
IN,PPI,PPI-PAINT,"Wholesale/Producer Price Index of Paints, Varnishes And Lacquers, India",2023-05,2022,100.0,INR,93.2,Waterproofing,https://eaindustry.nic.in/download_data_2223.asp,false,"REAL DATA. Office of the Economic Adviser, DPIIT, Ministry of Commerce and Industry - PRODUCER price index (published alongside the WPI), base 2022-23 = 100. Commodity 'Paints, Varnishes And Lacquers', published weight 0.76978 of the index basket. Value taken as published, no transformation. Section mapping rationale: the same manufacturers supply brush- and spray-applied waterproof coatings.",
IN,PPI,PPI-PAINT,"Wholesale/Producer Price Index of Paints, Varnishes And Lacquers, India",2023-06,2022,100.0,INR,92.0,Waterproofing,https://eaindustry.nic.in/download_data_2223.asp,false,"REAL DATA. Office of the Economic Adviser, DPIIT, Ministry of Commerce and Industry - PRODUCER price index (published alongside the WPI), base 2022-23 = 100. Commodity 'Paints, Varnishes And Lacquers', published weight 0.76978 of the index basket. Value taken as published, no transformation. Section mapping rationale: the same manufacturers supply brush- and spray-applied waterproof coatings.",
IN,PPI,PPI-PAINT,"Wholesale/Producer Price Index of Paints, Varnishes And Lacquers, India",2023-07,2022,100.0,INR,90.1,Waterproofing,https://eaindustry.nic.in/download_data_2223.asp,false,"REAL DATA. Office of the Economic Adviser, DPIIT, Ministry of Commerce and Industry - PRODUCER price index (published alongside the WPI), base 2022-23 = 100. Commodity 'Paints, Varnishes And Lacquers', published weight 0.76978 of the index basket. Value taken as published, no transformation. Section mapping rationale: the same manufacturers supply brush- and spray-applied waterproof coatings.",
IN,PPI,PPI-PAINT,"Wholesale/Producer Price Index of Paints, Varnishes And Lacquers, India",2023-08,2022,100.0,INR,91.2,Waterproofing,https://eaindustry.nic.in/download_data_2223.asp,false,"REAL DATA. Office of the Economic Adviser, DPIIT, Ministry of Commerce and Industry - PRODUCER price index (published alongside the WPI), base 2022-23 = 100. Commodity 'Paints, Varnishes And Lacquers', published weight 0.76978 of the index basket. Value taken as published, no transformation. Section mapping rationale: the same manufacturers supply brush- and spray-applied waterproof coatings.",
IN,PPI,PPI-PAINT,"Wholesale/Producer Price Index of Paints, Varnishes And Lacquers, India",2023-09,2022,100.0,INR,90.4,Waterproofing,https://eaindustry.nic.in/download_data_2223.asp,false,"REAL DATA. Office of the Economic Adviser, DPIIT, Ministry of Commerce and Industry - PRODUCER price index (published alongside the WPI), base 2022-23 = 100. Commodity 'Paints, Varnishes And Lacquers', published weight 0.76978 of the index basket. Value taken as published, no transformation. Section mapping rationale: the same manufacturers supply brush- and spray-applied waterproof coatings.",
IN,PPI,PPI-PAINT,"Wholesale/Producer Price Index of Paints, Varnishes And Lacquers, India",2023-10,2022,100.0,INR,90.5,Waterproofing,https://eaindustry.nic.in/download_data_2223.asp,false,"REAL DATA. Office of the Economic Adviser, DPIIT, Ministry of Commerce and Industry - PRODUCER price index (published alongside the WPI), base 2022-23 = 100. Commodity 'Paints, Varnishes And Lacquers', published weight 0.76978 of the index basket. Value taken as published, no transformation. Section mapping rationale: the same manufacturers supply brush- and spray-applied waterproof coatings.",
IN,PPI,PPI-PAINT,"Wholesale/Producer Price Index of Paints, Varnishes And Lacquers, India",2023-11,2022,100.0,INR,90.4,Waterproofing,https://eaindustry.nic.in/download_data_2223.asp,false,"REAL DATA. Office of the Economic Adviser, DPIIT, Ministry of Commerce and Industry - PRODUCER price index (published alongside the WPI), base 2022-23 = 100. Commodity 'Paints, Varnishes And Lacquers', published weight 0.76978 of the index basket. Value taken as published, no transformation. Section mapping rationale: the same manufacturers supply brush- and spray-applied waterproof coatings.",
IN,PPI,PPI-PAINT,"Wholesale/Producer Price Index of Paints, Varnishes And Lacquers, India",2023-12,2022,100.0,INR,89.4,Waterproofing,https://eaindustry.nic.in/download_data_2223.asp,false,"REAL DATA. Office of the Economic Adviser, DPIIT, Ministry of Commerce and Industry - PRODUCER price index (published alongside the WPI), base 2022-23 = 100. Commodity 'Paints, Varnishes And Lacquers', published weight 0.76978 of the index basket. Value taken as published, no transformation. Section mapping rationale: the same manufacturers supply brush- and spray-applied waterproof coatings.",
IN,PPI,PPI-PAINT,"Wholesale/Producer Price Index of Paints, Varnishes And Lacquers, India",2024-01,2022,100.0,INR,88.8,Waterproofing,https://eaindustry.nic.in/download_data_2223.asp,false,"REAL DATA. Office of the Economic Adviser, DPIIT, Ministry of Commerce and Industry - PRODUCER price index (published alongside the WPI), base 2022-23 = 100. Commodity 'Paints, Varnishes And Lacquers', published weight 0.76978 of the index basket. Value taken as published, no transformation. Section mapping rationale: the same manufacturers supply brush- and spray-applied waterproof coatings.",
IN,PPI,PPI-PAINT,"Wholesale/Producer Price Index of Paints, Varnishes And Lacquers, India",2024-02,2022,100.0,INR,88.8,Waterproofing,https://eaindustry.nic.in/download_data_2223.asp,false,"REAL DATA. Office of the Economic Adviser, DPIIT, Ministry of Commerce and Industry - PRODUCER price index (published alongside the WPI), base 2022-23 = 100. Commodity 'Paints, Varnishes And Lacquers', published weight 0.76978 of the index basket. Value taken as published, no transformation. Section mapping rationale: the same manufacturers supply brush- and spray-applied waterproof coatings.",
IN,PPI,PPI-PAINT,"Wholesale/Producer Price Index of Paints, Varnishes And Lacquers, India",2024-03,2022,100.0,INR,89.0,Waterproofing,https://eaindustry.nic.in/download_data_2223.asp,false,"REAL DATA. Office of the Economic Adviser, DPIIT, Ministry of Commerce and Industry - PRODUCER price index (published alongside the WPI), base 2022-23 = 100. Commodity 'Paints, Varnishes And Lacquers', published weight 0.76978 of the index basket. Value taken as published, no transformation. Section mapping rationale: the same manufacturers supply brush- and spray-applied waterproof coatings.",
IN,PPI,PPI-PAINT,"Wholesale/Producer Price Index of Paints, Varnishes And Lacquers, India",2024-04,2022,100.0,INR,88.0,Waterproofing,https://eaindustry.nic.in/download_data_2223.asp,false,"REAL DATA. Office of the Economic Adviser, DPIIT, Ministry of Commerce and Industry - PRODUCER price index (published alongside the WPI), base 2022-23 = 100. Commodity 'Paints, Varnishes And Lacquers', published weight 0.76978 of the index basket. Value taken as published, no transformation. Section mapping rationale: the same manufacturers supply brush- and spray-applied waterproof coatings.",
IN,PPI,PPI-PAINT,"Wholesale/Producer Price Index of Paints, Varnishes And Lacquers, India",2024-05,2022,100.0,INR,88.4,Waterproofing,https://eaindustry.nic.in/download_data_2223.asp,false,"REAL DATA. Office of the Economic Adviser, DPIIT, Ministry of Commerce and Industry - PRODUCER price index (published alongside the WPI), base 2022-23 = 100. Commodity 'Paints, Varnishes And Lacquers', published weight 0.76978 of the index basket. Value taken as published, no transformation. Section mapping rationale: the same manufacturers supply brush- and spray-applied waterproof coatings.",
IN,PPI,PPI-PAINT,"Wholesale/Producer Price Index of Paints, Varnishes And Lacquers, India",2024-06,2022,100.0,INR,88.1,Waterproofing,https://eaindustry.nic.in/download_data_2223.asp,false,"REAL DATA. Office of the Economic Adviser, DPIIT, Ministry of Commerce and Industry - PRODUCER price index (published alongside the WPI), base 2022-23 = 100. Commodity 'Paints, Varnishes And Lacquers', published weight 0.76978 of the index basket. Value taken as published, no transformation. Section mapping rationale: the same manufacturers supply brush- and spray-applied waterproof coatings.",
IN,PPI,PPI-PAINT,"Wholesale/Producer Price Index of Paints, Varnishes And Lacquers, India",2024-07,2022,100.0,INR,88.3,Waterproofing,https://eaindustry.nic.in/download_data_2223.asp,false,"REAL DATA. Office of the Economic Adviser, DPIIT, Ministry of Commerce and Industry - PRODUCER price index (published alongside the WPI), base 2022-23 = 100. Commodity 'Paints, Varnishes And Lacquers', published weight 0.76978 of the index basket. Value taken as published, no transformation. Section mapping rationale: the same manufacturers supply brush- and spray-applied waterproof coatings.",
IN,PPI,PPI-PAINT,"Wholesale/Producer Price Index of Paints, Varnishes And Lacquers, India",2024-08,2022,100.0,INR,89.0,Waterproofing,https://eaindustry.nic.in/download_data_2223.asp,false,"REAL DATA. Office of the Economic Adviser, DPIIT, Ministry of Commerce and Industry - PRODUCER price index (published alongside the WPI), base 2022-23 = 100. Commodity 'Paints, Varnishes And Lacquers', published weight 0.76978 of the index basket. Value taken as published, no transformation. Section mapping rationale: the same manufacturers supply brush- and spray-applied waterproof coatings.",
IN,PPI,PPI-PAINT,"Wholesale/Producer Price Index of Paints, Varnishes And Lacquers, India",2024-09,2022,100.0,INR,89.0,Waterproofing,https://eaindustry.nic.in/download_data_2223.asp,false,"REAL DATA. Office of the Economic Adviser, DPIIT, Ministry of Commerce and Industry - PRODUCER price index (published alongside the WPI), base 2022-23 = 100. Commodity 'Paints, Varnishes And Lacquers', published weight 0.76978 of the index basket. Value taken as published, no transformation. Section mapping rationale: the same manufacturers supply brush- and spray-applied waterproof coatings.",
IN,PPI,PPI-PAINT,"Wholesale/Producer Price Index of Paints, Varnishes And Lacquers, India",2024-10,2022,100.0,INR,89.4,Waterproofing,https://eaindustry.nic.in/download_data_2223.asp,false,"REAL DATA. Office of the Economic Adviser, DPIIT, Ministry of Commerce and Industry - PRODUCER price index (published alongside the WPI), base 2022-23 = 100. Commodity 'Paints, Varnishes And Lacquers', published weight 0.76978 of the index basket. Value taken as published, no transformation. Section mapping rationale: the same manufacturers supply brush- and spray-applied waterproof coatings.",
IN,PPI,PPI-PAINT,"Wholesale/Producer Price Index of Paints, Varnishes And Lacquers, India",2024-11,2022,100.0,INR,89.6,Waterproofing,https://eaindustry.nic.in/download_data_2223.asp,false,"REAL DATA. Office of the Economic Adviser, DPIIT, Ministry of Commerce and Industry - PRODUCER price index (published alongside the WPI), base 2022-23 = 100. Commodity 'Paints, Varnishes And Lacquers', published weight 0.76978 of the index basket. Value taken as published, no transformation. Section mapping rationale: the same manufacturers supply brush- and spray-applied waterproof coatings.",
IN,PPI,PPI-PAINT,"Wholesale/Producer Price Index of Paints, Varnishes And Lacquers, India",2024-12,2022,100.0,INR,89.6,Waterproofing,https://eaindustry.nic.in/download_data_2223.asp,false,"REAL DATA. Office of the Economic Adviser, DPIIT, Ministry of Commerce and Industry - PRODUCER price index (published alongside the WPI), base 2022-23 = 100. Commodity 'Paints, Varnishes And Lacquers', published weight 0.76978 of the index basket. Value taken as published, no transformation. Section mapping rationale: the same manufacturers supply brush- and spray-applied waterproof coatings.",
IN,PPI,PPI-PAINT,"Wholesale/Producer Price Index of Paints, Varnishes And Lacquers, India",2025-01,2022,100.0,INR,89.5,Waterproofing,https://eaindustry.nic.in/download_data_2223.asp,false,"REAL DATA. Office of the Economic Adviser, DPIIT, Ministry of Commerce and Industry - PRODUCER price index (published alongside the WPI), base 2022-23 = 100. Commodity 'Paints, Varnishes And Lacquers', published weight 0.76978 of the index basket. Value taken as published, no transformation. Section mapping rationale: the same manufacturers supply brush- and spray-applied waterproof coatings.",
IN,PPI,PPI-PAINT,"Wholesale/Producer Price Index of Paints, Varnishes And Lacquers, India",2025-02,2022,100.0,INR,89.1,Waterproofing,https://eaindustry.nic.in/download_data_2223.asp,false,"REAL DATA. Office of the Economic Adviser, DPIIT, Ministry of Commerce and Industry - PRODUCER price index (published alongside the WPI), base 2022-23 = 100. Commodity 'Paints, Varnishes And Lacquers', published weight 0.76978 of the index basket. Value taken as published, no transformation. Section mapping rationale: the same manufacturers supply brush- and spray-applied waterproof coatings.",
IN,PPI,PPI-PAINT,"Wholesale/Producer Price Index of Paints, Varnishes And Lacquers, India",2025-03,2022,100.0,INR,89.2,Waterproofing,https://eaindustry.nic.in/download_data_2223.asp,false,"REAL DATA. Office of the Economic Adviser, DPIIT, Ministry of Commerce and Industry - PRODUCER price index (published alongside the WPI), base 2022-23 = 100. Commodity 'Paints, Varnishes And Lacquers', published weight 0.76978 of the index basket. Value taken as published, no transformation. Section mapping rationale: the same manufacturers supply brush- and spray-applied waterproof coatings.",
IN,PPI,PPI-PAINT,"Wholesale/Producer Price Index of Paints, Varnishes And Lacquers, India",2025-04,2022,100.0,INR,89.0,Waterproofing,https://eaindustry.nic.in/download_data_2223.asp,false,"REAL DATA. Office of the Economic Adviser, DPIIT, Ministry of Commerce and Industry - PRODUCER price index (published alongside the WPI), base 2022-23 = 100. Commodity 'Paints, Varnishes And Lacquers', published weight 0.76978 of the index basket. Value taken as published, no transformation. Section mapping rationale: the same manufacturers supply brush- and spray-applied waterproof coatings.",
IN,PPI,PPI-PAINT,"Wholesale/Producer Price Index of Paints, Varnishes And Lacquers, India",2025-05,2022,100.0,INR,88.3,Waterproofing,https://eaindustry.nic.in/download_data_2223.asp,false,"REAL DATA. Office of the Economic Adviser, DPIIT, Ministry of Commerce and Industry - PRODUCER price index (published alongside the WPI), base 2022-23 = 100. Commodity 'Paints, Varnishes And Lacquers', published weight 0.76978 of the index basket. Value taken as published, no transformation. Section mapping rationale: the same manufacturers supply brush- and spray-applied waterproof coatings.",
IN,PPI,PPI-PAINT,"Wholesale/Producer Price Index of Paints, Varnishes And Lacquers, India",2025-06,2022,100.0,INR,88.3,Waterproofing,https://eaindustry.nic.in/download_data_2223.asp,false,"REAL DATA. Office of the Economic Adviser, DPIIT, Ministry of Commerce and Industry - PRODUCER price index (published alongside the WPI), base 2022-23 = 100. Commodity 'Paints, Varnishes And Lacquers', published weight 0.76978 of the index basket. Value taken as published, no transformation. Section mapping rationale: the same manufacturers supply brush- and spray-applied waterproof coatings.",
IN,PPI,PPI-PAINT,"Wholesale/Producer Price Index of Paints, Varnishes And Lacquers, India",2025-07,2022,100.0,INR,87.7,Waterproofing,https://eaindustry.nic.in/download_data_2223.asp,false,"REAL DATA. Office of the Economic Adviser, DPIIT, Ministry of Commerce and Industry - PRODUCER price index (published alongside the WPI), base 2022-23 = 100. Commodity 'Paints, Varnishes And Lacquers', published weight 0.76978 of the index basket. Value taken as published, no transformation. Section mapping rationale: the same manufacturers supply brush- and spray-applied waterproof coatings.",
IN,PPI,PPI-PAINT,"Wholesale/Producer Price Index of Paints, Varnishes And Lacquers, India",2025-08,2022,100.0,INR,88.1,Waterproofing,https://eaindustry.nic.in/download_data_2223.asp,false,"REAL DATA. Office of the Economic Adviser, DPIIT, Ministry of Commerce and Industry - PRODUCER price index (published alongside the WPI), base 2022-23 = 100. Commodity 'Paints, Varnishes And Lacquers', published weight 0.76978 of the index basket. Value taken as published, no transformation. Section mapping rationale: the same manufacturers supply brush- and spray-applied waterproof coatings.",
IN,PPI,PPI-PAINT,"Wholesale/Producer Price Index of Paints, Varnishes And Lacquers, India",2025-09,2022,100.0,INR,88.0,Waterproofing,https://eaindustry.nic.in/download_data_2223.asp,false,"REAL DATA. Office of the Economic Adviser, DPIIT, Ministry of Commerce and Industry - PRODUCER price index (published alongside the WPI), base 2022-23 = 100. Commodity 'Paints, Varnishes And Lacquers', published weight 0.76978 of the index basket. Value taken as published, no transformation. Section mapping rationale: the same manufacturers supply brush- and spray-applied waterproof coatings.",
IN,PPI,PPI-PAINT,"Wholesale/Producer Price Index of Paints, Varnishes And Lacquers, India",2025-10,2022,100.0,INR,87.5,Waterproofing,https://eaindustry.nic.in/download_data_2223.asp,false,"REAL DATA. Office of the Economic Adviser, DPIIT, Ministry of Commerce and Industry - PRODUCER price index (published alongside the WPI), base 2022-23 = 100. Commodity 'Paints, Varnishes And Lacquers', published weight 0.76978 of the index basket. Value taken as published, no transformation. Section mapping rationale: the same manufacturers supply brush- and spray-applied waterproof coatings.",
IN,PPI,PPI-PAINT,"Wholesale/Producer Price Index of Paints, Varnishes And Lacquers, India",2025-11,2022,100.0,INR,87.8,Waterproofing,https://eaindustry.nic.in/download_data_2223.asp,false,"REAL DATA. Office of the Economic Adviser, DPIIT, Ministry of Commerce and Industry - PRODUCER price index (published alongside the WPI), base 2022-23 = 100. Commodity 'Paints, Varnishes And Lacquers', published weight 0.76978 of the index basket. Value taken as published, no transformation. Section mapping rationale: the same manufacturers supply brush- and spray-applied waterproof coatings.",
IN,PPI,PPI-PAINT,"Wholesale/Producer Price Index of Paints, Varnishes And Lacquers, India",2025-12,2022,100.0,INR,87.8,Waterproofing,https://eaindustry.nic.in/download_data_2223.asp,false,"REAL DATA. Office of the Economic Adviser, DPIIT, Ministry of Commerce and Industry - PRODUCER price index (published alongside the WPI), base 2022-23 = 100. Commodity 'Paints, Varnishes And Lacquers', published weight 0.76978 of the index basket. Value taken as published, no transformation. Section mapping rationale: the same manufacturers supply brush- and spray-applied waterproof coatings.",
IN,PPI,PPI-PAINT,"Wholesale/Producer Price Index of Paints, Varnishes And Lacquers, India",2026-01,2022,100.0,INR,88.1,Waterproofing,https://eaindustry.nic.in/download_data_2223.asp,false,"REAL DATA. Office of the Economic Adviser, DPIIT, Ministry of Commerce and Industry - PRODUCER price index (published alongside the WPI), base 2022-23 = 100. Commodity 'Paints, Varnishes And Lacquers', published weight 0.76978 of the index basket. Value taken as published, no transformation. Section mapping rationale: the same manufacturers supply brush- and spray-applied waterproof coatings.",
IN,PPI,PPI-PAINT,"Wholesale/Producer Price Index of Paints, Varnishes And Lacquers, India",2026-02,2022,100.0,INR,88.2,Waterproofing,https://eaindustry.nic.in/download_data_2223.asp,false,"REAL DATA. Office of the Economic Adviser, DPIIT, Ministry of Commerce and Industry - PRODUCER price index (published alongside the WPI), base 2022-23 = 100. Commodity 'Paints, Varnishes And Lacquers', published weight 0.76978 of the index basket. Value taken as published, no transformation. Section mapping rationale: the same manufacturers supply brush- and spray-applied waterproof coatings.",
IN,PPI,PPI-PAINT,"Wholesale/Producer Price Index of Paints, Varnishes And Lacquers, India",2026-03,2022,100.0,INR,90.4,Waterproofing,https://eaindustry.nic.in/download_data_2223.asp,false,"REAL DATA. Office of the Economic Adviser, DPIIT, Ministry of Commerce and Industry - PRODUCER price index (published alongside the WPI), base 2022-23 = 100. Commodity 'Paints, Varnishes And Lacquers', published weight 0.76978 of the index basket. Value taken as published, no transformation. Section mapping rationale: the same manufacturers supply brush- and spray-applied waterproof coatings.",
IN,PPI,PPI-PAINT,"Wholesale/Producer Price Index of Paints, Varnishes And Lacquers, India",2026-04,2022,100.0,INR,95.0,Waterproofing,https://eaindustry.nic.in/download_data_2223.asp,false,"REAL DATA. Office of the Economic Adviser, DPIIT, Ministry of Commerce and Industry - PRODUCER price index (published alongside the WPI), base 2022-23 = 100. Commodity 'Paints, Varnishes And Lacquers', published weight 0.76978 of the index basket. Value taken as published, no transformation. Section mapping rationale: the same manufacturers supply brush- and spray-applied waterproof coatings.",
IN,PPI,PPI-PAINT,"Wholesale/Producer Price Index of Paints, Varnishes And Lacquers, India",2026-05,2022,100.0,INR,97.1,Waterproofing,https://eaindustry.nic.in/download_data_2223.asp,false,"REAL DATA. Office of the Economic Adviser, DPIIT, Ministry of Commerce and Industry - PRODUCER price index (published alongside the WPI), base 2022-23 = 100. Commodity 'Paints, Varnishes And Lacquers', published weight 0.76978 of the index basket. Value taken as published, no transformation. Section mapping rationale: the same manufacturers supply brush- and spray-applied waterproof coatings.",
IN,PPI,PPI-PAINT,"Wholesale/Producer Price Index of Paints, Varnishes And Lacquers, India",2026-06,2022,100.0,INR,97.7,Waterproofing,https://eaindustry.nic.in/download_data_2223.asp,false,"REAL DATA. Office of the Economic Adviser, DPIIT, Ministry of Commerce and Industry - PRODUCER price index (published alongside the WPI), base 2022-23 = 100. Commodity 'Paints, Varnishes And Lacquers', published weight 0.76978 of the index basket. Value taken as published, no transformation. Section mapping rationale: the same manufacturers supply brush- and spray-applied waterproof coatings.",
IN,PPI,PPI-PAINT,"Wholesale/Producer Price Index of Paints, Varnishes And Lacquers, India",2026-07,2022,100.0,INR,97.8,Waterproofing,https://eaindustry.nic.in/download_data_2223.asp,false,"REAL DATA. Office of the Economic Adviser, DPIIT, Ministry of Commerce and Industry - PRODUCER price index (published alongside the WPI), base 2022-23 = 100. Commodity 'Paints, Varnishes And Lacquers', published weight 0.76978 of the index basket. Value taken as published, no transformation. Section mapping rationale: the same manufacturers supply brush- and spray-applied waterproof coatings.",
IN,PPI,PPI-CABLE,"Wholesale/Producer Price Index of Electrical Cables, Wires, India",2023-04,2022,100.0,INR,103.3,M&E Containment,https://eaindustry.nic.in/download_data_2223.asp,false,"REAL DATA. Office of the Economic Adviser, DPIIT, Ministry of Commerce and Industry - PRODUCER price index (published alongside the WPI), base 2022-23 = 100. Commodity 'Electrical Cables, Wires', published weight 0.48862 of the index basket. Value taken as published, no transformation. Section mapping rationale: cable and wiring is the largest single M&E containment cost line.",
IN,PPI,PPI-CABLE,"Wholesale/Producer Price Index of Electrical Cables, Wires, India",2023-05,2022,100.0,INR,103.3,M&E Containment,https://eaindustry.nic.in/download_data_2223.asp,false,"REAL DATA. Office of the Economic Adviser, DPIIT, Ministry of Commerce and Industry - PRODUCER price index (published alongside the WPI), base 2022-23 = 100. Commodity 'Electrical Cables, Wires', published weight 0.48862 of the index basket. Value taken as published, no transformation. Section mapping rationale: cable and wiring is the largest single M&E containment cost line.",
IN,PPI,PPI-CABLE,"Wholesale/Producer Price Index of Electrical Cables, Wires, India",2023-06,2022,100.0,INR,102.3,M&E Containment,https://eaindustry.nic.in/download_data_2223.asp,false,"REAL DATA. Office of the Economic Adviser, DPIIT, Ministry of Commerce and Industry - PRODUCER price index (published alongside the WPI), base 2022-23 = 100. Commodity 'Electrical Cables, Wires', published weight 0.48862 of the index basket. Value taken as published, no transformation. Section mapping rationale: cable and wiring is the largest single M&E containment cost line.",
IN,PPI,PPI-CABLE,"Wholesale/Producer Price Index of Electrical Cables, Wires, India",2023-07,2022,100.0,INR,102.8,M&E Containment,https://eaindustry.nic.in/download_data_2223.asp,false,"REAL DATA. Office of the Economic Adviser, DPIIT, Ministry of Commerce and Industry - PRODUCER price index (published alongside the WPI), base 2022-23 = 100. Commodity 'Electrical Cables, Wires', published weight 0.48862 of the index basket. Value taken as published, no transformation. Section mapping rationale: cable and wiring is the largest single M&E containment cost line.",
IN,PPI,PPI-CABLE,"Wholesale/Producer Price Index of Electrical Cables, Wires, India",2023-08,2022,100.0,INR,103.1,M&E Containment,https://eaindustry.nic.in/download_data_2223.asp,false,"REAL DATA. Office of the Economic Adviser, DPIIT, Ministry of Commerce and Industry - PRODUCER price index (published alongside the WPI), base 2022-23 = 100. Commodity 'Electrical Cables, Wires', published weight 0.48862 of the index basket. Value taken as published, no transformation. Section mapping rationale: cable and wiring is the largest single M&E containment cost line.",
IN,PPI,PPI-CABLE,"Wholesale/Producer Price Index of Electrical Cables, Wires, India",2023-09,2022,100.0,INR,102.9,M&E Containment,https://eaindustry.nic.in/download_data_2223.asp,false,"REAL DATA. Office of the Economic Adviser, DPIIT, Ministry of Commerce and Industry - PRODUCER price index (published alongside the WPI), base 2022-23 = 100. Commodity 'Electrical Cables, Wires', published weight 0.48862 of the index basket. Value taken as published, no transformation. Section mapping rationale: cable and wiring is the largest single M&E containment cost line.",
IN,PPI,PPI-CABLE,"Wholesale/Producer Price Index of Electrical Cables, Wires, India",2023-10,2022,100.0,INR,102.3,M&E Containment,https://eaindustry.nic.in/download_data_2223.asp,false,"REAL DATA. Office of the Economic Adviser, DPIIT, Ministry of Commerce and Industry - PRODUCER price index (published alongside the WPI), base 2022-23 = 100. Commodity 'Electrical Cables, Wires', published weight 0.48862 of the index basket. Value taken as published, no transformation. Section mapping rationale: cable and wiring is the largest single M&E containment cost line.",
IN,PPI,PPI-CABLE,"Wholesale/Producer Price Index of Electrical Cables, Wires, India",2023-11,2022,100.0,INR,102.4,M&E Containment,https://eaindustry.nic.in/download_data_2223.asp,false,"REAL DATA. Office of the Economic Adviser, DPIIT, Ministry of Commerce and Industry - PRODUCER price index (published alongside the WPI), base 2022-23 = 100. Commodity 'Electrical Cables, Wires', published weight 0.48862 of the index basket. Value taken as published, no transformation. Section mapping rationale: cable and wiring is the largest single M&E containment cost line.",
IN,PPI,PPI-CABLE,"Wholesale/Producer Price Index of Electrical Cables, Wires, India",2023-12,2022,100.0,INR,102.7,M&E Containment,https://eaindustry.nic.in/download_data_2223.asp,false,"REAL DATA. Office of the Economic Adviser, DPIIT, Ministry of Commerce and Industry - PRODUCER price index (published alongside the WPI), base 2022-23 = 100. Commodity 'Electrical Cables, Wires', published weight 0.48862 of the index basket. Value taken as published, no transformation. Section mapping rationale: cable and wiring is the largest single M&E containment cost line.",
IN,PPI,PPI-CABLE,"Wholesale/Producer Price Index of Electrical Cables, Wires, India",2024-01,2022,100.0,INR,102.3,M&E Containment,https://eaindustry.nic.in/download_data_2223.asp,false,"REAL DATA. Office of the Economic Adviser, DPIIT, Ministry of Commerce and Industry - PRODUCER price index (published alongside the WPI), base 2022-23 = 100. Commodity 'Electrical Cables, Wires', published weight 0.48862 of the index basket. Value taken as published, no transformation. Section mapping rationale: cable and wiring is the largest single M&E containment cost line.",
IN,PPI,PPI-CABLE,"Wholesale/Producer Price Index of Electrical Cables, Wires, India",2024-02,2022,100.0,INR,102.6,M&E Containment,https://eaindustry.nic.in/download_data_2223.asp,false,"REAL DATA. Office of the Economic Adviser, DPIIT, Ministry of Commerce and Industry - PRODUCER price index (published alongside the WPI), base 2022-23 = 100. Commodity 'Electrical Cables, Wires', published weight 0.48862 of the index basket. Value taken as published, no transformation. Section mapping rationale: cable and wiring is the largest single M&E containment cost line.",
IN,PPI,PPI-CABLE,"Wholesale/Producer Price Index of Electrical Cables, Wires, India",2024-03,2022,100.0,INR,103.5,M&E Containment,https://eaindustry.nic.in/download_data_2223.asp,false,"REAL DATA. Office of the Economic Adviser, DPIIT, Ministry of Commerce and Industry - PRODUCER price index (published alongside the WPI), base 2022-23 = 100. Commodity 'Electrical Cables, Wires', published weight 0.48862 of the index basket. Value taken as published, no transformation. Section mapping rationale: cable and wiring is the largest single M&E containment cost line.",
IN,PPI,PPI-CABLE,"Wholesale/Producer Price Index of Electrical Cables, Wires, India",2024-04,2022,100.0,INR,105.1,M&E Containment,https://eaindustry.nic.in/download_data_2223.asp,false,"REAL DATA. Office of the Economic Adviser, DPIIT, Ministry of Commerce and Industry - PRODUCER price index (published alongside the WPI), base 2022-23 = 100. Commodity 'Electrical Cables, Wires', published weight 0.48862 of the index basket. Value taken as published, no transformation. Section mapping rationale: cable and wiring is the largest single M&E containment cost line.",
IN,PPI,PPI-CABLE,"Wholesale/Producer Price Index of Electrical Cables, Wires, India",2024-05,2022,100.0,INR,107.0,M&E Containment,https://eaindustry.nic.in/download_data_2223.asp,false,"REAL DATA. Office of the Economic Adviser, DPIIT, Ministry of Commerce and Industry - PRODUCER price index (published alongside the WPI), base 2022-23 = 100. Commodity 'Electrical Cables, Wires', published weight 0.48862 of the index basket. Value taken as published, no transformation. Section mapping rationale: cable and wiring is the largest single M&E containment cost line.",
IN,PPI,PPI-CABLE,"Wholesale/Producer Price Index of Electrical Cables, Wires, India",2024-06,2022,100.0,INR,109.2,M&E Containment,https://eaindustry.nic.in/download_data_2223.asp,false,"REAL DATA. Office of the Economic Adviser, DPIIT, Ministry of Commerce and Industry - PRODUCER price index (published alongside the WPI), base 2022-23 = 100. Commodity 'Electrical Cables, Wires', published weight 0.48862 of the index basket. Value taken as published, no transformation. Section mapping rationale: cable and wiring is the largest single M&E containment cost line.",
IN,PPI,PPI-CABLE,"Wholesale/Producer Price Index of Electrical Cables, Wires, India",2024-07,2022,100.0,INR,107.2,M&E Containment,https://eaindustry.nic.in/download_data_2223.asp,false,"REAL DATA. Office of the Economic Adviser, DPIIT, Ministry of Commerce and Industry - PRODUCER price index (published alongside the WPI), base 2022-23 = 100. Commodity 'Electrical Cables, Wires', published weight 0.48862 of the index basket. Value taken as published, no transformation. Section mapping rationale: cable and wiring is the largest single M&E containment cost line.",
IN,PPI,PPI-CABLE,"Wholesale/Producer Price Index of Electrical Cables, Wires, India",2024-08,2022,100.0,INR,106.1,M&E Containment,https://eaindustry.nic.in/download_data_2223.asp,false,"REAL DATA. Office of the Economic Adviser, DPIIT, Ministry of Commerce and Industry - PRODUCER price index (published alongside the WPI), base 2022-23 = 100. Commodity 'Electrical Cables, Wires', published weight 0.48862 of the index basket. Value taken as published, no transformation. Section mapping rationale: cable and wiring is the largest single M&E containment cost line.",
IN,PPI,PPI-CABLE,"Wholesale/Producer Price Index of Electrical Cables, Wires, India",2024-09,2022,100.0,INR,105.7,M&E Containment,https://eaindustry.nic.in/download_data_2223.asp,false,"REAL DATA. Office of the Economic Adviser, DPIIT, Ministry of Commerce and Industry - PRODUCER price index (published alongside the WPI), base 2022-23 = 100. Commodity 'Electrical Cables, Wires', published weight 0.48862 of the index basket. Value taken as published, no transformation. Section mapping rationale: cable and wiring is the largest single M&E containment cost line.",
IN,PPI,PPI-CABLE,"Wholesale/Producer Price Index of Electrical Cables, Wires, India",2024-10,2022,100.0,INR,107.1,M&E Containment,https://eaindustry.nic.in/download_data_2223.asp,false,"REAL DATA. Office of the Economic Adviser, DPIIT, Ministry of Commerce and Industry - PRODUCER price index (published alongside the WPI), base 2022-23 = 100. Commodity 'Electrical Cables, Wires', published weight 0.48862 of the index basket. Value taken as published, no transformation. Section mapping rationale: cable and wiring is the largest single M&E containment cost line.",
IN,PPI,PPI-CABLE,"Wholesale/Producer Price Index of Electrical Cables, Wires, India",2024-11,2022,100.0,INR,106.5,M&E Containment,https://eaindustry.nic.in/download_data_2223.asp,false,"REAL DATA. Office of the Economic Adviser, DPIIT, Ministry of Commerce and Industry - PRODUCER price index (published alongside the WPI), base 2022-23 = 100. Commodity 'Electrical Cables, Wires', published weight 0.48862 of the index basket. Value taken as published, no transformation. Section mapping rationale: cable and wiring is the largest single M&E containment cost line.",
IN,PPI,PPI-CABLE,"Wholesale/Producer Price Index of Electrical Cables, Wires, India",2024-12,2022,100.0,INR,108.1,M&E Containment,https://eaindustry.nic.in/download_data_2223.asp,false,"REAL DATA. Office of the Economic Adviser, DPIIT, Ministry of Commerce and Industry - PRODUCER price index (published alongside the WPI), base 2022-23 = 100. Commodity 'Electrical Cables, Wires', published weight 0.48862 of the index basket. Value taken as published, no transformation. Section mapping rationale: cable and wiring is the largest single M&E containment cost line.",
IN,PPI,PPI-CABLE,"Wholesale/Producer Price Index of Electrical Cables, Wires, India",2025-01,2022,100.0,INR,106.4,M&E Containment,https://eaindustry.nic.in/download_data_2223.asp,false,"REAL DATA. Office of the Economic Adviser, DPIIT, Ministry of Commerce and Industry - PRODUCER price index (published alongside the WPI), base 2022-23 = 100. Commodity 'Electrical Cables, Wires', published weight 0.48862 of the index basket. Value taken as published, no transformation. Section mapping rationale: cable and wiring is the largest single M&E containment cost line.",
IN,PPI,PPI-CABLE,"Wholesale/Producer Price Index of Electrical Cables, Wires, India",2025-02,2022,100.0,INR,108.6,M&E Containment,https://eaindustry.nic.in/download_data_2223.asp,false,"REAL DATA. Office of the Economic Adviser, DPIIT, Ministry of Commerce and Industry - PRODUCER price index (published alongside the WPI), base 2022-23 = 100. Commodity 'Electrical Cables, Wires', published weight 0.48862 of the index basket. Value taken as published, no transformation. Section mapping rationale: cable and wiring is the largest single M&E containment cost line.",
IN,PPI,PPI-CABLE,"Wholesale/Producer Price Index of Electrical Cables, Wires, India",2025-03,2022,100.0,INR,109.9,M&E Containment,https://eaindustry.nic.in/download_data_2223.asp,false,"REAL DATA. Office of the Economic Adviser, DPIIT, Ministry of Commerce and Industry - PRODUCER price index (published alongside the WPI), base 2022-23 = 100. Commodity 'Electrical Cables, Wires', published weight 0.48862 of the index basket. Value taken as published, no transformation. Section mapping rationale: cable and wiring is the largest single M&E containment cost line.",
IN,PPI,PPI-CABLE,"Wholesale/Producer Price Index of Electrical Cables, Wires, India",2025-04,2022,100.0,INR,110.4,M&E Containment,https://eaindustry.nic.in/download_data_2223.asp,false,"REAL DATA. Office of the Economic Adviser, DPIIT, Ministry of Commerce and Industry - PRODUCER price index (published alongside the WPI), base 2022-23 = 100. Commodity 'Electrical Cables, Wires', published weight 0.48862 of the index basket. Value taken as published, no transformation. Section mapping rationale: cable and wiring is the largest single M&E containment cost line.",
IN,PPI,PPI-CABLE,"Wholesale/Producer Price Index of Electrical Cables, Wires, India",2025-05,2022,100.0,INR,109.9,M&E Containment,https://eaindustry.nic.in/download_data_2223.asp,false,"REAL DATA. Office of the Economic Adviser, DPIIT, Ministry of Commerce and Industry - PRODUCER price index (published alongside the WPI), base 2022-23 = 100. Commodity 'Electrical Cables, Wires', published weight 0.48862 of the index basket. Value taken as published, no transformation. Section mapping rationale: cable and wiring is the largest single M&E containment cost line.",
IN,PPI,PPI-CABLE,"Wholesale/Producer Price Index of Electrical Cables, Wires, India",2025-06,2022,100.0,INR,111.1,M&E Containment,https://eaindustry.nic.in/download_data_2223.asp,false,"REAL DATA. Office of the Economic Adviser, DPIIT, Ministry of Commerce and Industry - PRODUCER price index (published alongside the WPI), base 2022-23 = 100. Commodity 'Electrical Cables, Wires', published weight 0.48862 of the index basket. Value taken as published, no transformation. Section mapping rationale: cable and wiring is the largest single M&E containment cost line.",
IN,PPI,PPI-CABLE,"Wholesale/Producer Price Index of Electrical Cables, Wires, India",2025-07,2022,100.0,INR,111.7,M&E Containment,https://eaindustry.nic.in/download_data_2223.asp,false,"REAL DATA. Office of the Economic Adviser, DPIIT, Ministry of Commerce and Industry - PRODUCER price index (published alongside the WPI), base 2022-23 = 100. Commodity 'Electrical Cables, Wires', published weight 0.48862 of the index basket. Value taken as published, no transformation. Section mapping rationale: cable and wiring is the largest single M&E containment cost line.",
IN,PPI,PPI-CABLE,"Wholesale/Producer Price Index of Electrical Cables, Wires, India",2025-08,2022,100.0,INR,114.2,M&E Containment,https://eaindustry.nic.in/download_data_2223.asp,false,"REAL DATA. Office of the Economic Adviser, DPIIT, Ministry of Commerce and Industry - PRODUCER price index (published alongside the WPI), base 2022-23 = 100. Commodity 'Electrical Cables, Wires', published weight 0.48862 of the index basket. Value taken as published, no transformation. Section mapping rationale: cable and wiring is the largest single M&E containment cost line.",
IN,PPI,PPI-CABLE,"Wholesale/Producer Price Index of Electrical Cables, Wires, India",2025-09,2022,100.0,INR,113.3,M&E Containment,https://eaindustry.nic.in/download_data_2223.asp,false,"REAL DATA. Office of the Economic Adviser, DPIIT, Ministry of Commerce and Industry - PRODUCER price index (published alongside the WPI), base 2022-23 = 100. Commodity 'Electrical Cables, Wires', published weight 0.48862 of the index basket. Value taken as published, no transformation. Section mapping rationale: cable and wiring is the largest single M&E containment cost line.",
IN,PPI,PPI-CABLE,"Wholesale/Producer Price Index of Electrical Cables, Wires, India",2025-10,2022,100.0,INR,115.9,M&E Containment,https://eaindustry.nic.in/download_data_2223.asp,false,"REAL DATA. Office of the Economic Adviser, DPIIT, Ministry of Commerce and Industry - PRODUCER price index (published alongside the WPI), base 2022-23 = 100. Commodity 'Electrical Cables, Wires', published weight 0.48862 of the index basket. Value taken as published, no transformation. Section mapping rationale: cable and wiring is the largest single M&E containment cost line.",
IN,PPI,PPI-CABLE,"Wholesale/Producer Price Index of Electrical Cables, Wires, India",2025-11,2022,100.0,INR,116.7,M&E Containment,https://eaindustry.nic.in/download_data_2223.asp,false,"REAL DATA. Office of the Economic Adviser, DPIIT, Ministry of Commerce and Industry - PRODUCER price index (published alongside the WPI), base 2022-23 = 100. Commodity 'Electrical Cables, Wires', published weight 0.48862 of the index basket. Value taken as published, no transformation. Section mapping rationale: cable and wiring is the largest single M&E containment cost line.",
IN,PPI,PPI-CABLE,"Wholesale/Producer Price Index of Electrical Cables, Wires, India",2025-12,2022,100.0,INR,118.6,M&E Containment,https://eaindustry.nic.in/download_data_2223.asp,false,"REAL DATA. Office of the Economic Adviser, DPIIT, Ministry of Commerce and Industry - PRODUCER price index (published alongside the WPI), base 2022-23 = 100. Commodity 'Electrical Cables, Wires', published weight 0.48862 of the index basket. Value taken as published, no transformation. Section mapping rationale: cable and wiring is the largest single M&E containment cost line.",
IN,PPI,PPI-CABLE,"Wholesale/Producer Price Index of Electrical Cables, Wires, India",2026-01,2022,100.0,INR,121.6,M&E Containment,https://eaindustry.nic.in/download_data_2223.asp,false,"REAL DATA. Office of the Economic Adviser, DPIIT, Ministry of Commerce and Industry - PRODUCER price index (published alongside the WPI), base 2022-23 = 100. Commodity 'Electrical Cables, Wires', published weight 0.48862 of the index basket. Value taken as published, no transformation. Section mapping rationale: cable and wiring is the largest single M&E containment cost line.",
IN,PPI,PPI-CABLE,"Wholesale/Producer Price Index of Electrical Cables, Wires, India",2026-02,2022,100.0,INR,125.8,M&E Containment,https://eaindustry.nic.in/download_data_2223.asp,false,"REAL DATA. Office of the Economic Adviser, DPIIT, Ministry of Commerce and Industry - PRODUCER price index (published alongside the WPI), base 2022-23 = 100. Commodity 'Electrical Cables, Wires', published weight 0.48862 of the index basket. Value taken as published, no transformation. Section mapping rationale: cable and wiring is the largest single M&E containment cost line.",
IN,PPI,PPI-CABLE,"Wholesale/Producer Price Index of Electrical Cables, Wires, India",2026-03,2022,100.0,INR,126.6,M&E Containment,https://eaindustry.nic.in/download_data_2223.asp,false,"REAL DATA. Office of the Economic Adviser, DPIIT, Ministry of Commerce and Industry - PRODUCER price index (published alongside the WPI), base 2022-23 = 100. Commodity 'Electrical Cables, Wires', published weight 0.48862 of the index basket. Value taken as published, no transformation. Section mapping rationale: cable and wiring is the largest single M&E containment cost line.",
IN,PPI,PPI-CABLE,"Wholesale/Producer Price Index of Electrical Cables, Wires, India",2026-04,2022,100.0,INR,130.0,M&E Containment,https://eaindustry.nic.in/download_data_2223.asp,false,"REAL DATA. Office of the Economic Adviser, DPIIT, Ministry of Commerce and Industry - PRODUCER price index (published alongside the WPI), base 2022-23 = 100. Commodity 'Electrical Cables, Wires', published weight 0.48862 of the index basket. Value taken as published, no transformation. Section mapping rationale: cable and wiring is the largest single M&E containment cost line.",
IN,PPI,PPI-CABLE,"Wholesale/Producer Price Index of Electrical Cables, Wires, India",2026-05,2022,100.0,INR,134.1,M&E Containment,https://eaindustry.nic.in/download_data_2223.asp,false,"REAL DATA. Office of the Economic Adviser, DPIIT, Ministry of Commerce and Industry - PRODUCER price index (published alongside the WPI), base 2022-23 = 100. Commodity 'Electrical Cables, Wires', published weight 0.48862 of the index basket. Value taken as published, no transformation. Section mapping rationale: cable and wiring is the largest single M&E containment cost line.",
IN,PPI,PPI-CABLE,"Wholesale/Producer Price Index of Electrical Cables, Wires, India",2026-06,2022,100.0,INR,134.8,M&E Containment,https://eaindustry.nic.in/download_data_2223.asp,false,"REAL DATA. Office of the Economic Adviser, DPIIT, Ministry of Commerce and Industry - PRODUCER price index (published alongside the WPI), base 2022-23 = 100. Commodity 'Electrical Cables, Wires', published weight 0.48862 of the index basket. Value taken as published, no transformation. Section mapping rationale: cable and wiring is the largest single M&E containment cost line.",
IN,PPI,PPI-CABLE,"Wholesale/Producer Price Index of Electrical Cables, Wires, India",2026-07,2022,100.0,INR,136.1,M&E Containment,https://eaindustry.nic.in/download_data_2223.asp,false,"REAL DATA. Office of the Economic Adviser, DPIIT, Ministry of Commerce and Industry - PRODUCER price index (published alongside the WPI), base 2022-23 = 100. Commodity 'Electrical Cables, Wires', published weight 0.48862 of the index basket. Value taken as published, no transformation. Section mapping rationale: cable and wiring is the largest single M&E containment cost line.",
IN,PPI,PPI-ELEC,"Wholesale/Producer Price Index of Electricity, India",2023-04,2022,100.0,INR,96.8,Preliminaries;M&E Containment,https://eaindustry.nic.in/download_data_2223.asp,false,"REAL DATA. Office of the Economic Adviser, DPIIT, Ministry of Commerce and Industry - PRODUCER price index (published alongside the WPI), base 2022-23 = 100. Commodity 'Electricity', published weight 4.48719 of the index basket. Value taken as published, no transformation. Section mapping rationale: site power is a preliminaries cost, and electricity is a utility input to M&E works.",
IN,PPI,PPI-ELEC,"Wholesale/Producer Price Index of Electricity, India",2023-05,2022,100.0,INR,94.0,Preliminaries;M&E Containment,https://eaindustry.nic.in/download_data_2223.asp,false,"REAL DATA. Office of the Economic Adviser, DPIIT, Ministry of Commerce and Industry - PRODUCER price index (published alongside the WPI), base 2022-23 = 100. Commodity 'Electricity', published weight 4.48719 of the index basket. Value taken as published, no transformation. Section mapping rationale: site power is a preliminaries cost, and electricity is a utility input to M&E works.",
IN,PPI,PPI-ELEC,"Wholesale/Producer Price Index of Electricity, India",2023-06,2022,100.0,INR,94.9,Preliminaries;M&E Containment,https://eaindustry.nic.in/download_data_2223.asp,false,"REAL DATA. Office of the Economic Adviser, DPIIT, Ministry of Commerce and Industry - PRODUCER price index (published alongside the WPI), base 2022-23 = 100. Commodity 'Electricity', published weight 4.48719 of the index basket. Value taken as published, no transformation. Section mapping rationale: site power is a preliminaries cost, and electricity is a utility input to M&E works.",
IN,PPI,PPI-ELEC,"Wholesale/Producer Price Index of Electricity, India",2023-07,2022,100.0,INR,95.6,Preliminaries;M&E Containment,https://eaindustry.nic.in/download_data_2223.asp,false,"REAL DATA. Office of the Economic Adviser, DPIIT, Ministry of Commerce and Industry - PRODUCER price index (published alongside the WPI), base 2022-23 = 100. Commodity 'Electricity', published weight 4.48719 of the index basket. Value taken as published, no transformation. Section mapping rationale: site power is a preliminaries cost, and electricity is a utility input to M&E works.",
IN,PPI,PPI-ELEC,"Wholesale/Producer Price Index of Electricity, India",2023-08,2022,100.0,INR,94.1,Preliminaries;M&E Containment,https://eaindustry.nic.in/download_data_2223.asp,false,"REAL DATA. Office of the Economic Adviser, DPIIT, Ministry of Commerce and Industry - PRODUCER price index (published alongside the WPI), base 2022-23 = 100. Commodity 'Electricity', published weight 4.48719 of the index basket. Value taken as published, no transformation. Section mapping rationale: site power is a preliminaries cost, and electricity is a utility input to M&E works.",
IN,PPI,PPI-ELEC,"Wholesale/Producer Price Index of Electricity, India",2023-09,2022,100.0,INR,93.9,Preliminaries;M&E Containment,https://eaindustry.nic.in/download_data_2223.asp,false,"REAL DATA. Office of the Economic Adviser, DPIIT, Ministry of Commerce and Industry - PRODUCER price index (published alongside the WPI), base 2022-23 = 100. Commodity 'Electricity', published weight 4.48719 of the index basket. Value taken as published, no transformation. Section mapping rationale: site power is a preliminaries cost, and electricity is a utility input to M&E works.",
IN,PPI,PPI-ELEC,"Wholesale/Producer Price Index of Electricity, India",2023-10,2022,100.0,INR,95.0,Preliminaries;M&E Containment,https://eaindustry.nic.in/download_data_2223.asp,false,"REAL DATA. Office of the Economic Adviser, DPIIT, Ministry of Commerce and Industry - PRODUCER price index (published alongside the WPI), base 2022-23 = 100. Commodity 'Electricity', published weight 4.48719 of the index basket. Value taken as published, no transformation. Section mapping rationale: site power is a preliminaries cost, and electricity is a utility input to M&E works.",
IN,PPI,PPI-ELEC,"Wholesale/Producer Price Index of Electricity, India",2023-11,2022,100.0,INR,95.2,Preliminaries;M&E Containment,https://eaindustry.nic.in/download_data_2223.asp,false,"REAL DATA. Office of the Economic Adviser, DPIIT, Ministry of Commerce and Industry - PRODUCER price index (published alongside the WPI), base 2022-23 = 100. Commodity 'Electricity', published weight 4.48719 of the index basket. Value taken as published, no transformation. Section mapping rationale: site power is a preliminaries cost, and electricity is a utility input to M&E works.",
IN,PPI,PPI-ELEC,"Wholesale/Producer Price Index of Electricity, India",2023-12,2022,100.0,INR,96.9,Preliminaries;M&E Containment,https://eaindustry.nic.in/download_data_2223.asp,false,"REAL DATA. Office of the Economic Adviser, DPIIT, Ministry of Commerce and Industry - PRODUCER price index (published alongside the WPI), base 2022-23 = 100. Commodity 'Electricity', published weight 4.48719 of the index basket. Value taken as published, no transformation. Section mapping rationale: site power is a preliminaries cost, and electricity is a utility input to M&E works.",
IN,PPI,PPI-ELEC,"Wholesale/Producer Price Index of Electricity, India",2024-01,2022,100.0,INR,98.9,Preliminaries;M&E Containment,https://eaindustry.nic.in/download_data_2223.asp,false,"REAL DATA. Office of the Economic Adviser, DPIIT, Ministry of Commerce and Industry - PRODUCER price index (published alongside the WPI), base 2022-23 = 100. Commodity 'Electricity', published weight 4.48719 of the index basket. Value taken as published, no transformation. Section mapping rationale: site power is a preliminaries cost, and electricity is a utility input to M&E works.",
IN,PPI,PPI-ELEC,"Wholesale/Producer Price Index of Electricity, India",2024-02,2022,100.0,INR,97.9,Preliminaries;M&E Containment,https://eaindustry.nic.in/download_data_2223.asp,false,"REAL DATA. Office of the Economic Adviser, DPIIT, Ministry of Commerce and Industry - PRODUCER price index (published alongside the WPI), base 2022-23 = 100. Commodity 'Electricity', published weight 4.48719 of the index basket. Value taken as published, no transformation. Section mapping rationale: site power is a preliminaries cost, and electricity is a utility input to M&E works.",
IN,PPI,PPI-ELEC,"Wholesale/Producer Price Index of Electricity, India",2024-03,2022,100.0,INR,96.2,Preliminaries;M&E Containment,https://eaindustry.nic.in/download_data_2223.asp,false,"REAL DATA. Office of the Economic Adviser, DPIIT, Ministry of Commerce and Industry - PRODUCER price index (published alongside the WPI), base 2022-23 = 100. Commodity 'Electricity', published weight 4.48719 of the index basket. Value taken as published, no transformation. Section mapping rationale: site power is a preliminaries cost, and electricity is a utility input to M&E works.",
IN,PPI,PPI-ELEC,"Wholesale/Producer Price Index of Electricity, India",2024-04,2022,100.0,INR,92.9,Preliminaries;M&E Containment,https://eaindustry.nic.in/download_data_2223.asp,false,"REAL DATA. Office of the Economic Adviser, DPIIT, Ministry of Commerce and Industry - PRODUCER price index (published alongside the WPI), base 2022-23 = 100. Commodity 'Electricity', published weight 4.48719 of the index basket. Value taken as published, no transformation. Section mapping rationale: site power is a preliminaries cost, and electricity is a utility input to M&E works.",
IN,PPI,PPI-ELEC,"Wholesale/Producer Price Index of Electricity, India",2024-05,2022,100.0,INR,92.5,Preliminaries;M&E Containment,https://eaindustry.nic.in/download_data_2223.asp,false,"REAL DATA. Office of the Economic Adviser, DPIIT, Ministry of Commerce and Industry - PRODUCER price index (published alongside the WPI), base 2022-23 = 100. Commodity 'Electricity', published weight 4.48719 of the index basket. Value taken as published, no transformation. Section mapping rationale: site power is a preliminaries cost, and electricity is a utility input to M&E works.",
IN,PPI,PPI-ELEC,"Wholesale/Producer Price Index of Electricity, India",2024-06,2022,100.0,INR,90.7,Preliminaries;M&E Containment,https://eaindustry.nic.in/download_data_2223.asp,false,"REAL DATA. Office of the Economic Adviser, DPIIT, Ministry of Commerce and Industry - PRODUCER price index (published alongside the WPI), base 2022-23 = 100. Commodity 'Electricity', published weight 4.48719 of the index basket. Value taken as published, no transformation. Section mapping rationale: site power is a preliminaries cost, and electricity is a utility input to M&E works.",
IN,PPI,PPI-ELEC,"Wholesale/Producer Price Index of Electricity, India",2024-07,2022,100.0,INR,92.9,Preliminaries;M&E Containment,https://eaindustry.nic.in/download_data_2223.asp,false,"REAL DATA. Office of the Economic Adviser, DPIIT, Ministry of Commerce and Industry - PRODUCER price index (published alongside the WPI), base 2022-23 = 100. Commodity 'Electricity', published weight 4.48719 of the index basket. Value taken as published, no transformation. Section mapping rationale: site power is a preliminaries cost, and electricity is a utility input to M&E works.",
IN,PPI,PPI-ELEC,"Wholesale/Producer Price Index of Electricity, India",2024-08,2022,100.0,INR,92.8,Preliminaries;M&E Containment,https://eaindustry.nic.in/download_data_2223.asp,false,"REAL DATA. Office of the Economic Adviser, DPIIT, Ministry of Commerce and Industry - PRODUCER price index (published alongside the WPI), base 2022-23 = 100. Commodity 'Electricity', published weight 4.48719 of the index basket. Value taken as published, no transformation. Section mapping rationale: site power is a preliminaries cost, and electricity is a utility input to M&E works.",
IN,PPI,PPI-ELEC,"Wholesale/Producer Price Index of Electricity, India",2024-09,2022,100.0,INR,93.4,Preliminaries;M&E Containment,https://eaindustry.nic.in/download_data_2223.asp,false,"REAL DATA. Office of the Economic Adviser, DPIIT, Ministry of Commerce and Industry - PRODUCER price index (published alongside the WPI), base 2022-23 = 100. Commodity 'Electricity', published weight 4.48719 of the index basket. Value taken as published, no transformation. Section mapping rationale: site power is a preliminaries cost, and electricity is a utility input to M&E works.",
IN,PPI,PPI-ELEC,"Wholesale/Producer Price Index of Electricity, India",2024-10,2022,100.0,INR,96.2,Preliminaries;M&E Containment,https://eaindustry.nic.in/download_data_2223.asp,false,"REAL DATA. Office of the Economic Adviser, DPIIT, Ministry of Commerce and Industry - PRODUCER price index (published alongside the WPI), base 2022-23 = 100. Commodity 'Electricity', published weight 4.48719 of the index basket. Value taken as published, no transformation. Section mapping rationale: site power is a preliminaries cost, and electricity is a utility input to M&E works.",
IN,PPI,PPI-ELEC,"Wholesale/Producer Price Index of Electricity, India",2024-11,2022,100.0,INR,97.3,Preliminaries;M&E Containment,https://eaindustry.nic.in/download_data_2223.asp,false,"REAL DATA. Office of the Economic Adviser, DPIIT, Ministry of Commerce and Industry - PRODUCER price index (published alongside the WPI), base 2022-23 = 100. Commodity 'Electricity', published weight 4.48719 of the index basket. Value taken as published, no transformation. Section mapping rationale: site power is a preliminaries cost, and electricity is a utility input to M&E works.",
IN,PPI,PPI-ELEC,"Wholesale/Producer Price Index of Electricity, India",2024-12,2022,100.0,INR,98.3,Preliminaries;M&E Containment,https://eaindustry.nic.in/download_data_2223.asp,false,"REAL DATA. Office of the Economic Adviser, DPIIT, Ministry of Commerce and Industry - PRODUCER price index (published alongside the WPI), base 2022-23 = 100. Commodity 'Electricity', published weight 4.48719 of the index basket. Value taken as published, no transformation. Section mapping rationale: site power is a preliminaries cost, and electricity is a utility input to M&E works.",
IN,PPI,PPI-ELEC,"Wholesale/Producer Price Index of Electricity, India",2025-01,2022,100.0,INR,96.7,Preliminaries;M&E Containment,https://eaindustry.nic.in/download_data_2223.asp,false,"REAL DATA. Office of the Economic Adviser, DPIIT, Ministry of Commerce and Industry - PRODUCER price index (published alongside the WPI), base 2022-23 = 100. Commodity 'Electricity', published weight 4.48719 of the index basket. Value taken as published, no transformation. Section mapping rationale: site power is a preliminaries cost, and electricity is a utility input to M&E works.",
IN,PPI,PPI-ELEC,"Wholesale/Producer Price Index of Electricity, India",2025-02,2022,100.0,INR,96.2,Preliminaries;M&E Containment,https://eaindustry.nic.in/download_data_2223.asp,false,"REAL DATA. Office of the Economic Adviser, DPIIT, Ministry of Commerce and Industry - PRODUCER price index (published alongside the WPI), base 2022-23 = 100. Commodity 'Electricity', published weight 4.48719 of the index basket. Value taken as published, no transformation. Section mapping rationale: site power is a preliminaries cost, and electricity is a utility input to M&E works.",
IN,PPI,PPI-ELEC,"Wholesale/Producer Price Index of Electricity, India",2025-03,2022,100.0,INR,93.0,Preliminaries;M&E Containment,https://eaindustry.nic.in/download_data_2223.asp,false,"REAL DATA. Office of the Economic Adviser, DPIIT, Ministry of Commerce and Industry - PRODUCER price index (published alongside the WPI), base 2022-23 = 100. Commodity 'Electricity', published weight 4.48719 of the index basket. Value taken as published, no transformation. Section mapping rationale: site power is a preliminaries cost, and electricity is a utility input to M&E works.",
IN,PPI,PPI-ELEC,"Wholesale/Producer Price Index of Electricity, India",2025-04,2022,100.0,INR,93.2,Preliminaries;M&E Containment,https://eaindustry.nic.in/download_data_2223.asp,false,"REAL DATA. Office of the Economic Adviser, DPIIT, Ministry of Commerce and Industry - PRODUCER price index (published alongside the WPI), base 2022-23 = 100. Commodity 'Electricity', published weight 4.48719 of the index basket. Value taken as published, no transformation. Section mapping rationale: site power is a preliminaries cost, and electricity is a utility input to M&E works.",
IN,PPI,PPI-ELEC,"Wholesale/Producer Price Index of Electricity, India",2025-05,2022,100.0,INR,92.0,Preliminaries;M&E Containment,https://eaindustry.nic.in/download_data_2223.asp,false,"REAL DATA. Office of the Economic Adviser, DPIIT, Ministry of Commerce and Industry - PRODUCER price index (published alongside the WPI), base 2022-23 = 100. Commodity 'Electricity', published weight 4.48719 of the index basket. Value taken as published, no transformation. Section mapping rationale: site power is a preliminaries cost, and electricity is a utility input to M&E works.",
IN,PPI,PPI-ELEC,"Wholesale/Producer Price Index of Electricity, India",2025-06,2022,100.0,INR,92.6,Preliminaries;M&E Containment,https://eaindustry.nic.in/download_data_2223.asp,false,"REAL DATA. Office of the Economic Adviser, DPIIT, Ministry of Commerce and Industry - PRODUCER price index (published alongside the WPI), base 2022-23 = 100. Commodity 'Electricity', published weight 4.48719 of the index basket. Value taken as published, no transformation. Section mapping rationale: site power is a preliminaries cost, and electricity is a utility input to M&E works.",
IN,PPI,PPI-ELEC,"Wholesale/Producer Price Index of Electricity, India",2025-07,2022,100.0,INR,91.4,Preliminaries;M&E Containment,https://eaindustry.nic.in/download_data_2223.asp,false,"REAL DATA. Office of the Economic Adviser, DPIIT, Ministry of Commerce and Industry - PRODUCER price index (published alongside the WPI), base 2022-23 = 100. Commodity 'Electricity', published weight 4.48719 of the index basket. Value taken as published, no transformation. Section mapping rationale: site power is a preliminaries cost, and electricity is a utility input to M&E works.",
IN,PPI,PPI-ELEC,"Wholesale/Producer Price Index of Electricity, India",2025-08,2022,100.0,INR,92.5,Preliminaries;M&E Containment,https://eaindustry.nic.in/download_data_2223.asp,false,"REAL DATA. Office of the Economic Adviser, DPIIT, Ministry of Commerce and Industry - PRODUCER price index (published alongside the WPI), base 2022-23 = 100. Commodity 'Electricity', published weight 4.48719 of the index basket. Value taken as published, no transformation. Section mapping rationale: site power is a preliminaries cost, and electricity is a utility input to M&E works.",
IN,PPI,PPI-ELEC,"Wholesale/Producer Price Index of Electricity, India",2025-09,2022,100.0,INR,92.3,Preliminaries;M&E Containment,https://eaindustry.nic.in/download_data_2223.asp,false,"REAL DATA. Office of the Economic Adviser, DPIIT, Ministry of Commerce and Industry - PRODUCER price index (published alongside the WPI), base 2022-23 = 100. Commodity 'Electricity', published weight 4.48719 of the index basket. Value taken as published, no transformation. Section mapping rationale: site power is a preliminaries cost, and electricity is a utility input to M&E works.",
IN,PPI,PPI-ELEC,"Wholesale/Producer Price Index of Electricity, India",2025-10,2022,100.0,INR,89.2,Preliminaries;M&E Containment,https://eaindustry.nic.in/download_data_2223.asp,false,"REAL DATA. Office of the Economic Adviser, DPIIT, Ministry of Commerce and Industry - PRODUCER price index (published alongside the WPI), base 2022-23 = 100. Commodity 'Electricity', published weight 4.48719 of the index basket. Value taken as published, no transformation. Section mapping rationale: site power is a preliminaries cost, and electricity is a utility input to M&E works.",
IN,PPI,PPI-ELEC,"Wholesale/Producer Price Index of Electricity, India",2025-11,2022,100.0,INR,94.1,Preliminaries;M&E Containment,https://eaindustry.nic.in/download_data_2223.asp,false,"REAL DATA. Office of the Economic Adviser, DPIIT, Ministry of Commerce and Industry - PRODUCER price index (published alongside the WPI), base 2022-23 = 100. Commodity 'Electricity', published weight 4.48719 of the index basket. Value taken as published, no transformation. Section mapping rationale: site power is a preliminaries cost, and electricity is a utility input to M&E works.",
IN,PPI,PPI-ELEC,"Wholesale/Producer Price Index of Electricity, India",2025-12,2022,100.0,INR,95.5,Preliminaries;M&E Containment,https://eaindustry.nic.in/download_data_2223.asp,false,"REAL DATA. Office of the Economic Adviser, DPIIT, Ministry of Commerce and Industry - PRODUCER price index (published alongside the WPI), base 2022-23 = 100. Commodity 'Electricity', published weight 4.48719 of the index basket. Value taken as published, no transformation. Section mapping rationale: site power is a preliminaries cost, and electricity is a utility input to M&E works.",
IN,PPI,PPI-ELEC,"Wholesale/Producer Price Index of Electricity, India",2026-01,2022,100.0,INR,94.5,Preliminaries;M&E Containment,https://eaindustry.nic.in/download_data_2223.asp,false,"REAL DATA. Office of the Economic Adviser, DPIIT, Ministry of Commerce and Industry - PRODUCER price index (published alongside the WPI), base 2022-23 = 100. Commodity 'Electricity', published weight 4.48719 of the index basket. Value taken as published, no transformation. Section mapping rationale: site power is a preliminaries cost, and electricity is a utility input to M&E works.",
IN,PPI,PPI-ELEC,"Wholesale/Producer Price Index of Electricity, India",2026-02,2022,100.0,INR,94.5,Preliminaries;M&E Containment,https://eaindustry.nic.in/download_data_2223.asp,false,"REAL DATA. Office of the Economic Adviser, DPIIT, Ministry of Commerce and Industry - PRODUCER price index (published alongside the WPI), base 2022-23 = 100. Commodity 'Electricity', published weight 4.48719 of the index basket. Value taken as published, no transformation. Section mapping rationale: site power is a preliminaries cost, and electricity is a utility input to M&E works.",
IN,PPI,PPI-ELEC,"Wholesale/Producer Price Index of Electricity, India",2026-03,2022,100.0,INR,91.1,Preliminaries;M&E Containment,https://eaindustry.nic.in/download_data_2223.asp,false,"REAL DATA. Office of the Economic Adviser, DPIIT, Ministry of Commerce and Industry - PRODUCER price index (published alongside the WPI), base 2022-23 = 100. Commodity 'Electricity', published weight 4.48719 of the index basket. Value taken as published, no transformation. Section mapping rationale: site power is a preliminaries cost, and electricity is a utility input to M&E works.",
IN,PPI,PPI-ELEC,"Wholesale/Producer Price Index of Electricity, India",2026-04,2022,100.0,INR,90.8,Preliminaries;M&E Containment,https://eaindustry.nic.in/download_data_2223.asp,false,"REAL DATA. Office of the Economic Adviser, DPIIT, Ministry of Commerce and Industry - PRODUCER price index (published alongside the WPI), base 2022-23 = 100. Commodity 'Electricity', published weight 4.48719 of the index basket. Value taken as published, no transformation. Section mapping rationale: site power is a preliminaries cost, and electricity is a utility input to M&E works.",
IN,PPI,PPI-ELEC,"Wholesale/Producer Price Index of Electricity, India",2026-05,2022,100.0,INR,91.6,Preliminaries;M&E Containment,https://eaindustry.nic.in/download_data_2223.asp,false,"REAL DATA. Office of the Economic Adviser, DPIIT, Ministry of Commerce and Industry - PRODUCER price index (published alongside the WPI), base 2022-23 = 100. Commodity 'Electricity', published weight 4.48719 of the index basket. Value taken as published, no transformation. Section mapping rationale: site power is a preliminaries cost, and electricity is a utility input to M&E works.",
IN,PPI,PPI-ELEC,"Wholesale/Producer Price Index of Electricity, India",2026-06,2022,100.0,INR,92.0,Preliminaries;M&E Containment,https://eaindustry.nic.in/download_data_2223.asp,false,"REAL DATA. Office of the Economic Adviser, DPIIT, Ministry of Commerce and Industry - PRODUCER price index (published alongside the WPI), base 2022-23 = 100. Commodity 'Electricity', published weight 4.48719 of the index basket. Value taken as published, no transformation. Section mapping rationale: site power is a preliminaries cost, and electricity is a utility input to M&E works.",
IN,PPI,PPI-ELEC,"Wholesale/Producer Price Index of Electricity, India",2026-07,2022,100.0,INR,92.4,Preliminaries;M&E Containment,https://eaindustry.nic.in/download_data_2223.asp,false,"REAL DATA. Office of the Economic Adviser, DPIIT, Ministry of Commerce and Industry - PRODUCER price index (published alongside the WPI), base 2022-23 = 100. Commodity 'Electricity', published weight 4.48719 of the index basket. Value taken as published, no transformation. Section mapping rationale: site power is a preliminaries cost, and electricity is a utility input to M&E works.",
IN,PPI,PPI-PETRO,"Wholesale/Producer Price Index of Petroleum Products, India",2023-04,2022,100.0,INR,92.0,Excavation;Waterproofing;External Works,https://eaindustry.nic.in/download_data_2223.asp,false,"REAL DATA. Office of the Economic Adviser, DPIIT, Ministry of Commerce and Industry - PRODUCER price index (published alongside the WPI), base 2022-23 = 100. Commodity 'Petroleum Products', published weight 7.03205 of the index basket. Value taken as published, no transformation. Section mapping rationale: diesel is the direct running cost of excavation plant; bitumen is the membrane and asphalt binder in waterproofing and external works.",
IN,PPI,PPI-PETRO,"Wholesale/Producer Price Index of Petroleum Products, India",2023-05,2022,100.0,INR,89.9,Excavation;Waterproofing;External Works,https://eaindustry.nic.in/download_data_2223.asp,false,"REAL DATA. Office of the Economic Adviser, DPIIT, Ministry of Commerce and Industry - PRODUCER price index (published alongside the WPI), base 2022-23 = 100. Commodity 'Petroleum Products', published weight 7.03205 of the index basket. Value taken as published, no transformation. Section mapping rationale: diesel is the direct running cost of excavation plant; bitumen is the membrane and asphalt binder in waterproofing and external works.",
IN,PPI,PPI-PETRO,"Wholesale/Producer Price Index of Petroleum Products, India",2023-06,2022,100.0,INR,88.0,Excavation;Waterproofing;External Works,https://eaindustry.nic.in/download_data_2223.asp,false,"REAL DATA. Office of the Economic Adviser, DPIIT, Ministry of Commerce and Industry - PRODUCER price index (published alongside the WPI), base 2022-23 = 100. Commodity 'Petroleum Products', published weight 7.03205 of the index basket. Value taken as published, no transformation. Section mapping rationale: diesel is the direct running cost of excavation plant; bitumen is the membrane and asphalt binder in waterproofing and external works.",
IN,PPI,PPI-PETRO,"Wholesale/Producer Price Index of Petroleum Products, India",2023-07,2022,100.0,INR,87.5,Excavation;Waterproofing;External Works,https://eaindustry.nic.in/download_data_2223.asp,false,"REAL DATA. Office of the Economic Adviser, DPIIT, Ministry of Commerce and Industry - PRODUCER price index (published alongside the WPI), base 2022-23 = 100. Commodity 'Petroleum Products', published weight 7.03205 of the index basket. Value taken as published, no transformation. Section mapping rationale: diesel is the direct running cost of excavation plant; bitumen is the membrane and asphalt binder in waterproofing and external works.",
IN,PPI,PPI-PETRO,"Wholesale/Producer Price Index of Petroleum Products, India",2023-08,2022,100.0,INR,90.1,Excavation;Waterproofing;External Works,https://eaindustry.nic.in/download_data_2223.asp,false,"REAL DATA. Office of the Economic Adviser, DPIIT, Ministry of Commerce and Industry - PRODUCER price index (published alongside the WPI), base 2022-23 = 100. Commodity 'Petroleum Products', published weight 7.03205 of the index basket. Value taken as published, no transformation. Section mapping rationale: diesel is the direct running cost of excavation plant; bitumen is the membrane and asphalt binder in waterproofing and external works.",
IN,PPI,PPI-PETRO,"Wholesale/Producer Price Index of Petroleum Products, India",2023-09,2022,100.0,INR,93.2,Excavation;Waterproofing;External Works,https://eaindustry.nic.in/download_data_2223.asp,false,"REAL DATA. Office of the Economic Adviser, DPIIT, Ministry of Commerce and Industry - PRODUCER price index (published alongside the WPI), base 2022-23 = 100. Commodity 'Petroleum Products', published weight 7.03205 of the index basket. Value taken as published, no transformation. Section mapping rationale: diesel is the direct running cost of excavation plant; bitumen is the membrane and asphalt binder in waterproofing and external works.",
IN,PPI,PPI-PETRO,"Wholesale/Producer Price Index of Petroleum Products, India",2023-10,2022,100.0,INR,94.4,Excavation;Waterproofing;External Works,https://eaindustry.nic.in/download_data_2223.asp,false,"REAL DATA. Office of the Economic Adviser, DPIIT, Ministry of Commerce and Industry - PRODUCER price index (published alongside the WPI), base 2022-23 = 100. Commodity 'Petroleum Products', published weight 7.03205 of the index basket. Value taken as published, no transformation. Section mapping rationale: diesel is the direct running cost of excavation plant; bitumen is the membrane and asphalt binder in waterproofing and external works.",
IN,PPI,PPI-PETRO,"Wholesale/Producer Price Index of Petroleum Products, India",2023-11,2022,100.0,INR,93.0,Excavation;Waterproofing;External Works,https://eaindustry.nic.in/download_data_2223.asp,false,"REAL DATA. Office of the Economic Adviser, DPIIT, Ministry of Commerce and Industry - PRODUCER price index (published alongside the WPI), base 2022-23 = 100. Commodity 'Petroleum Products', published weight 7.03205 of the index basket. Value taken as published, no transformation. Section mapping rationale: diesel is the direct running cost of excavation plant; bitumen is the membrane and asphalt binder in waterproofing and external works.",
IN,PPI,PPI-PETRO,"Wholesale/Producer Price Index of Petroleum Products, India",2023-12,2022,100.0,INR,91.6,Excavation;Waterproofing;External Works,https://eaindustry.nic.in/download_data_2223.asp,false,"REAL DATA. Office of the Economic Adviser, DPIIT, Ministry of Commerce and Industry - PRODUCER price index (published alongside the WPI), base 2022-23 = 100. Commodity 'Petroleum Products', published weight 7.03205 of the index basket. Value taken as published, no transformation. Section mapping rationale: diesel is the direct running cost of excavation plant; bitumen is the membrane and asphalt binder in waterproofing and external works.",
IN,PPI,PPI-PETRO,"Wholesale/Producer Price Index of Petroleum Products, India",2024-01,2022,100.0,INR,91.1,Excavation;Waterproofing;External Works,https://eaindustry.nic.in/download_data_2223.asp,false,"REAL DATA. Office of the Economic Adviser, DPIIT, Ministry of Commerce and Industry - PRODUCER price index (published alongside the WPI), base 2022-23 = 100. Commodity 'Petroleum Products', published weight 7.03205 of the index basket. Value taken as published, no transformation. Section mapping rationale: diesel is the direct running cost of excavation plant; bitumen is the membrane and asphalt binder in waterproofing and external works.",
IN,PPI,PPI-PETRO,"Wholesale/Producer Price Index of Petroleum Products, India",2024-02,2022,100.0,INR,91.3,Excavation;Waterproofing;External Works,https://eaindustry.nic.in/download_data_2223.asp,false,"REAL DATA. Office of the Economic Adviser, DPIIT, Ministry of Commerce and Industry - PRODUCER price index (published alongside the WPI), base 2022-23 = 100. Commodity 'Petroleum Products', published weight 7.03205 of the index basket. Value taken as published, no transformation. Section mapping rationale: diesel is the direct running cost of excavation plant; bitumen is the membrane and asphalt binder in waterproofing and external works.",
IN,PPI,PPI-PETRO,"Wholesale/Producer Price Index of Petroleum Products, India",2024-03,2022,100.0,INR,91.4,Excavation;Waterproofing;External Works,https://eaindustry.nic.in/download_data_2223.asp,false,"REAL DATA. Office of the Economic Adviser, DPIIT, Ministry of Commerce and Industry - PRODUCER price index (published alongside the WPI), base 2022-23 = 100. Commodity 'Petroleum Products', published weight 7.03205 of the index basket. Value taken as published, no transformation. Section mapping rationale: diesel is the direct running cost of excavation plant; bitumen is the membrane and asphalt binder in waterproofing and external works.",
IN,PPI,PPI-PETRO,"Wholesale/Producer Price Index of Petroleum Products, India",2024-04,2022,100.0,INR,90.9,Excavation;Waterproofing;External Works,https://eaindustry.nic.in/download_data_2223.asp,false,"REAL DATA. Office of the Economic Adviser, DPIIT, Ministry of Commerce and Industry - PRODUCER price index (published alongside the WPI), base 2022-23 = 100. Commodity 'Petroleum Products', published weight 7.03205 of the index basket. Value taken as published, no transformation. Section mapping rationale: diesel is the direct running cost of excavation plant; bitumen is the membrane and asphalt binder in waterproofing and external works.",
IN,PPI,PPI-PETRO,"Wholesale/Producer Price Index of Petroleum Products, India",2024-05,2022,100.0,INR,90.7,Excavation;Waterproofing;External Works,https://eaindustry.nic.in/download_data_2223.asp,false,"REAL DATA. Office of the Economic Adviser, DPIIT, Ministry of Commerce and Industry - PRODUCER price index (published alongside the WPI), base 2022-23 = 100. Commodity 'Petroleum Products', published weight 7.03205 of the index basket. Value taken as published, no transformation. Section mapping rationale: diesel is the direct running cost of excavation plant; bitumen is the membrane and asphalt binder in waterproofing and external works.",
IN,PPI,PPI-PETRO,"Wholesale/Producer Price Index of Petroleum Products, India",2024-06,2022,100.0,INR,88.6,Excavation;Waterproofing;External Works,https://eaindustry.nic.in/download_data_2223.asp,false,"REAL DATA. Office of the Economic Adviser, DPIIT, Ministry of Commerce and Industry - PRODUCER price index (published alongside the WPI), base 2022-23 = 100. Commodity 'Petroleum Products', published weight 7.03205 of the index basket. Value taken as published, no transformation. Section mapping rationale: diesel is the direct running cost of excavation plant; bitumen is the membrane and asphalt binder in waterproofing and external works.",
IN,PPI,PPI-PETRO,"Wholesale/Producer Price Index of Petroleum Products, India",2024-07,2022,100.0,INR,89.5,Excavation;Waterproofing;External Works,https://eaindustry.nic.in/download_data_2223.asp,false,"REAL DATA. Office of the Economic Adviser, DPIIT, Ministry of Commerce and Industry - PRODUCER price index (published alongside the WPI), base 2022-23 = 100. Commodity 'Petroleum Products', published weight 7.03205 of the index basket. Value taken as published, no transformation. Section mapping rationale: diesel is the direct running cost of excavation plant; bitumen is the membrane and asphalt binder in waterproofing and external works.",
IN,PPI,PPI-PETRO,"Wholesale/Producer Price Index of Petroleum Products, India",2024-08,2022,100.0,INR,89.3,Excavation;Waterproofing;External Works,https://eaindustry.nic.in/download_data_2223.asp,false,"REAL DATA. Office of the Economic Adviser, DPIIT, Ministry of Commerce and Industry - PRODUCER price index (published alongside the WPI), base 2022-23 = 100. Commodity 'Petroleum Products', published weight 7.03205 of the index basket. Value taken as published, no transformation. Section mapping rationale: diesel is the direct running cost of excavation plant; bitumen is the membrane and asphalt binder in waterproofing and external works.",
IN,PPI,PPI-PETRO,"Wholesale/Producer Price Index of Petroleum Products, India",2024-09,2022,100.0,INR,88.0,Excavation;Waterproofing;External Works,https://eaindustry.nic.in/download_data_2223.asp,false,"REAL DATA. Office of the Economic Adviser, DPIIT, Ministry of Commerce and Industry - PRODUCER price index (published alongside the WPI), base 2022-23 = 100. Commodity 'Petroleum Products', published weight 7.03205 of the index basket. Value taken as published, no transformation. Section mapping rationale: diesel is the direct running cost of excavation plant; bitumen is the membrane and asphalt binder in waterproofing and external works.",
IN,PPI,PPI-PETRO,"Wholesale/Producer Price Index of Petroleum Products, India",2024-10,2022,100.0,INR,87.2,Excavation;Waterproofing;External Works,https://eaindustry.nic.in/download_data_2223.asp,false,"REAL DATA. Office of the Economic Adviser, DPIIT, Ministry of Commerce and Industry - PRODUCER price index (published alongside the WPI), base 2022-23 = 100. Commodity 'Petroleum Products', published weight 7.03205 of the index basket. Value taken as published, no transformation. Section mapping rationale: diesel is the direct running cost of excavation plant; bitumen is the membrane and asphalt binder in waterproofing and external works.",
IN,PPI,PPI-PETRO,"Wholesale/Producer Price Index of Petroleum Products, India",2024-11,2022,100.0,INR,87.7,Excavation;Waterproofing;External Works,https://eaindustry.nic.in/download_data_2223.asp,false,"REAL DATA. Office of the Economic Adviser, DPIIT, Ministry of Commerce and Industry - PRODUCER price index (published alongside the WPI), base 2022-23 = 100. Commodity 'Petroleum Products', published weight 7.03205 of the index basket. Value taken as published, no transformation. Section mapping rationale: diesel is the direct running cost of excavation plant; bitumen is the membrane and asphalt binder in waterproofing and external works.",
IN,PPI,PPI-PETRO,"Wholesale/Producer Price Index of Petroleum Products, India",2024-12,2022,100.0,INR,87.8,Excavation;Waterproofing;External Works,https://eaindustry.nic.in/download_data_2223.asp,false,"REAL DATA. Office of the Economic Adviser, DPIIT, Ministry of Commerce and Industry - PRODUCER price index (published alongside the WPI), base 2022-23 = 100. Commodity 'Petroleum Products', published weight 7.03205 of the index basket. Value taken as published, no transformation. Section mapping rationale: diesel is the direct running cost of excavation plant; bitumen is the membrane and asphalt binder in waterproofing and external works.",
IN,PPI,PPI-PETRO,"Wholesale/Producer Price Index of Petroleum Products, India",2025-01,2022,100.0,INR,88.3,Excavation;Waterproofing;External Works,https://eaindustry.nic.in/download_data_2223.asp,false,"REAL DATA. Office of the Economic Adviser, DPIIT, Ministry of Commerce and Industry - PRODUCER price index (published alongside the WPI), base 2022-23 = 100. Commodity 'Petroleum Products', published weight 7.03205 of the index basket. Value taken as published, no transformation. Section mapping rationale: diesel is the direct running cost of excavation plant; bitumen is the membrane and asphalt binder in waterproofing and external works.",
IN,PPI,PPI-PETRO,"Wholesale/Producer Price Index of Petroleum Products, India",2025-02,2022,100.0,INR,89.8,Excavation;Waterproofing;External Works,https://eaindustry.nic.in/download_data_2223.asp,false,"REAL DATA. Office of the Economic Adviser, DPIIT, Ministry of Commerce and Industry - PRODUCER price index (published alongside the WPI), base 2022-23 = 100. Commodity 'Petroleum Products', published weight 7.03205 of the index basket. Value taken as published, no transformation. Section mapping rationale: diesel is the direct running cost of excavation plant; bitumen is the membrane and asphalt binder in waterproofing and external works.",
IN,PPI,PPI-PETRO,"Wholesale/Producer Price Index of Petroleum Products, India",2025-03,2022,100.0,INR,89.2,Excavation;Waterproofing;External Works,https://eaindustry.nic.in/download_data_2223.asp,false,"REAL DATA. Office of the Economic Adviser, DPIIT, Ministry of Commerce and Industry - PRODUCER price index (published alongside the WPI), base 2022-23 = 100. Commodity 'Petroleum Products', published weight 7.03205 of the index basket. Value taken as published, no transformation. Section mapping rationale: diesel is the direct running cost of excavation plant; bitumen is the membrane and asphalt binder in waterproofing and external works.",
IN,PPI,PPI-PETRO,"Wholesale/Producer Price Index of Petroleum Products, India",2025-04,2022,100.0,INR,86.5,Excavation;Waterproofing;External Works,https://eaindustry.nic.in/download_data_2223.asp,false,"REAL DATA. Office of the Economic Adviser, DPIIT, Ministry of Commerce and Industry - PRODUCER price index (published alongside the WPI), base 2022-23 = 100. Commodity 'Petroleum Products', published weight 7.03205 of the index basket. Value taken as published, no transformation. Section mapping rationale: diesel is the direct running cost of excavation plant; bitumen is the membrane and asphalt binder in waterproofing and external works.",
IN,PPI,PPI-PETRO,"Wholesale/Producer Price Index of Petroleum Products, India",2025-05,2022,100.0,INR,84.0,Excavation;Waterproofing;External Works,https://eaindustry.nic.in/download_data_2223.asp,false,"REAL DATA. Office of the Economic Adviser, DPIIT, Ministry of Commerce and Industry - PRODUCER price index (published alongside the WPI), base 2022-23 = 100. Commodity 'Petroleum Products', published weight 7.03205 of the index basket. Value taken as published, no transformation. Section mapping rationale: diesel is the direct running cost of excavation plant; bitumen is the membrane and asphalt binder in waterproofing and external works.",
IN,PPI,PPI-PETRO,"Wholesale/Producer Price Index of Petroleum Products, India",2025-06,2022,100.0,INR,83.9,Excavation;Waterproofing;External Works,https://eaindustry.nic.in/download_data_2223.asp,false,"REAL DATA. Office of the Economic Adviser, DPIIT, Ministry of Commerce and Industry - PRODUCER price index (published alongside the WPI), base 2022-23 = 100. Commodity 'Petroleum Products', published weight 7.03205 of the index basket. Value taken as published, no transformation. Section mapping rationale: diesel is the direct running cost of excavation plant; bitumen is the membrane and asphalt binder in waterproofing and external works.",
IN,PPI,PPI-PETRO,"Wholesale/Producer Price Index of Petroleum Products, India",2025-07,2022,100.0,INR,85.5,Excavation;Waterproofing;External Works,https://eaindustry.nic.in/download_data_2223.asp,false,"REAL DATA. Office of the Economic Adviser, DPIIT, Ministry of Commerce and Industry - PRODUCER price index (published alongside the WPI), base 2022-23 = 100. Commodity 'Petroleum Products', published weight 7.03205 of the index basket. Value taken as published, no transformation. Section mapping rationale: diesel is the direct running cost of excavation plant; bitumen is the membrane and asphalt binder in waterproofing and external works.",
IN,PPI,PPI-PETRO,"Wholesale/Producer Price Index of Petroleum Products, India",2025-08,2022,100.0,INR,85.5,Excavation;Waterproofing;External Works,https://eaindustry.nic.in/download_data_2223.asp,false,"REAL DATA. Office of the Economic Adviser, DPIIT, Ministry of Commerce and Industry - PRODUCER price index (published alongside the WPI), base 2022-23 = 100. Commodity 'Petroleum Products', published weight 7.03205 of the index basket. Value taken as published, no transformation. Section mapping rationale: diesel is the direct running cost of excavation plant; bitumen is the membrane and asphalt binder in waterproofing and external works.",
IN,PPI,PPI-PETRO,"Wholesale/Producer Price Index of Petroleum Products, India",2025-09,2022,100.0,INR,85.2,Excavation;Waterproofing;External Works,https://eaindustry.nic.in/download_data_2223.asp,false,"REAL DATA. Office of the Economic Adviser, DPIIT, Ministry of Commerce and Industry - PRODUCER price index (published alongside the WPI), base 2022-23 = 100. Commodity 'Petroleum Products', published weight 7.03205 of the index basket. Value taken as published, no transformation. Section mapping rationale: diesel is the direct running cost of excavation plant; bitumen is the membrane and asphalt binder in waterproofing and external works.",
IN,PPI,PPI-PETRO,"Wholesale/Producer Price Index of Petroleum Products, India",2025-10,2022,100.0,INR,85.8,Excavation;Waterproofing;External Works,https://eaindustry.nic.in/download_data_2223.asp,false,"REAL DATA. Office of the Economic Adviser, DPIIT, Ministry of Commerce and Industry - PRODUCER price index (published alongside the WPI), base 2022-23 = 100. Commodity 'Petroleum Products', published weight 7.03205 of the index basket. Value taken as published, no transformation. Section mapping rationale: diesel is the direct running cost of excavation plant; bitumen is the membrane and asphalt binder in waterproofing and external works.",
IN,PPI,PPI-PETRO,"Wholesale/Producer Price Index of Petroleum Products, India",2025-11,2022,100.0,INR,85.6,Excavation;Waterproofing;External Works,https://eaindustry.nic.in/download_data_2223.asp,false,"REAL DATA. Office of the Economic Adviser, DPIIT, Ministry of Commerce and Industry - PRODUCER price index (published alongside the WPI), base 2022-23 = 100. Commodity 'Petroleum Products', published weight 7.03205 of the index basket. Value taken as published, no transformation. Section mapping rationale: diesel is the direct running cost of excavation plant; bitumen is the membrane and asphalt binder in waterproofing and external works.",
IN,PPI,PPI-PETRO,"Wholesale/Producer Price Index of Petroleum Products, India",2025-12,2022,100.0,INR,86.0,Excavation;Waterproofing;External Works,https://eaindustry.nic.in/download_data_2223.asp,false,"REAL DATA. Office of the Economic Adviser, DPIIT, Ministry of Commerce and Industry - PRODUCER price index (published alongside the WPI), base 2022-23 = 100. Commodity 'Petroleum Products', published weight 7.03205 of the index basket. Value taken as published, no transformation. Section mapping rationale: diesel is the direct running cost of excavation plant; bitumen is the membrane and asphalt binder in waterproofing and external works.",
IN,PPI,PPI-PETRO,"Wholesale/Producer Price Index of Petroleum Products, India",2026-01,2022,100.0,INR,84.6,Excavation;Waterproofing;External Works,https://eaindustry.nic.in/download_data_2223.asp,false,"REAL DATA. Office of the Economic Adviser, DPIIT, Ministry of Commerce and Industry - PRODUCER price index (published alongside the WPI), base 2022-23 = 100. Commodity 'Petroleum Products', published weight 7.03205 of the index basket. Value taken as published, no transformation. Section mapping rationale: diesel is the direct running cost of excavation plant; bitumen is the membrane and asphalt binder in waterproofing and external works.",
IN,PPI,PPI-PETRO,"Wholesale/Producer Price Index of Petroleum Products, India",2026-02,2022,100.0,INR,85.8,Excavation;Waterproofing;External Works,https://eaindustry.nic.in/download_data_2223.asp,false,"REAL DATA. Office of the Economic Adviser, DPIIT, Ministry of Commerce and Industry - PRODUCER price index (published alongside the WPI), base 2022-23 = 100. Commodity 'Petroleum Products', published weight 7.03205 of the index basket. Value taken as published, no transformation. Section mapping rationale: diesel is the direct running cost of excavation plant; bitumen is the membrane and asphalt binder in waterproofing and external works.",
IN,PPI,PPI-PETRO,"Wholesale/Producer Price Index of Petroleum Products, India",2026-03,2022,100.0,INR,92.9,Excavation;Waterproofing;External Works,https://eaindustry.nic.in/download_data_2223.asp,false,"REAL DATA. Office of the Economic Adviser, DPIIT, Ministry of Commerce and Industry - PRODUCER price index (published alongside the WPI), base 2022-23 = 100. Commodity 'Petroleum Products', published weight 7.03205 of the index basket. Value taken as published, no transformation. Section mapping rationale: diesel is the direct running cost of excavation plant; bitumen is the membrane and asphalt binder in waterproofing and external works.",
IN,PPI,PPI-PETRO,"Wholesale/Producer Price Index of Petroleum Products, India",2026-04,2022,100.0,INR,121.7,Excavation;Waterproofing;External Works,https://eaindustry.nic.in/download_data_2223.asp,false,"REAL DATA. Office of the Economic Adviser, DPIIT, Ministry of Commerce and Industry - PRODUCER price index (published alongside the WPI), base 2022-23 = 100. Commodity 'Petroleum Products', published weight 7.03205 of the index basket. Value taken as published, no transformation. Section mapping rationale: diesel is the direct running cost of excavation plant; bitumen is the membrane and asphalt binder in waterproofing and external works.",
IN,PPI,PPI-PETRO,"Wholesale/Producer Price Index of Petroleum Products, India",2026-05,2022,100.0,INR,125.8,Excavation;Waterproofing;External Works,https://eaindustry.nic.in/download_data_2223.asp,false,"REAL DATA. Office of the Economic Adviser, DPIIT, Ministry of Commerce and Industry - PRODUCER price index (published alongside the WPI), base 2022-23 = 100. Commodity 'Petroleum Products', published weight 7.03205 of the index basket. Value taken as published, no transformation. Section mapping rationale: diesel is the direct running cost of excavation plant; bitumen is the membrane and asphalt binder in waterproofing and external works.",
IN,PPI,PPI-PETRO,"Wholesale/Producer Price Index of Petroleum Products, India",2026-06,2022,100.0,INR,122.9,Excavation;Waterproofing;External Works,https://eaindustry.nic.in/download_data_2223.asp,false,"REAL DATA. Office of the Economic Adviser, DPIIT, Ministry of Commerce and Industry - PRODUCER price index (published alongside the WPI), base 2022-23 = 100. Commodity 'Petroleum Products', published weight 7.03205 of the index basket. Value taken as published, no transformation. Section mapping rationale: diesel is the direct running cost of excavation plant; bitumen is the membrane and asphalt binder in waterproofing and external works.",
IN,PPI,PPI-PETRO,"Wholesale/Producer Price Index of Petroleum Products, India",2026-07,2022,100.0,INR,113.2,Excavation;Waterproofing;External Works,https://eaindustry.nic.in/download_data_2223.asp,false,"REAL DATA. Office of the Economic Adviser, DPIIT, Ministry of Commerce and Industry - PRODUCER price index (published alongside the WPI), base 2022-23 = 100. Commodity 'Petroleum Products', published weight 7.03205 of the index basket. Value taken as published, no transformation. Section mapping rationale: diesel is the direct running cost of excavation plant; bitumen is the membrane and asphalt binder in waterproofing and external works.",
IN,PPI,PPI-AGG,"Wholesale/Producer Price Index of Other Non Metallic Minerals, India",2023-04,2022,100.0,INR,97.8,Concrete;Masonry;Plaster,https://eaindustry.nic.in/download_data_2223.asp,false,"REAL DATA. Office of the Economic Adviser, DPIIT, Ministry of Commerce and Industry - PRODUCER price index (published alongside the WPI), base 2022-23 = 100. Commodity 'Other Non Metallic Minerals', published weight 1.08834 of the index basket. Value taken as published, no transformation. Section mapping rationale: this is the mining-side basket for sand, gravel and crushed stone - the aggregate that concrete, blockwork and render are mostly made of.",
IN,PPI,PPI-AGG,"Wholesale/Producer Price Index of Other Non Metallic Minerals, India",2023-05,2022,100.0,INR,98.1,Concrete;Masonry;Plaster,https://eaindustry.nic.in/download_data_2223.asp,false,"REAL DATA. Office of the Economic Adviser, DPIIT, Ministry of Commerce and Industry - PRODUCER price index (published alongside the WPI), base 2022-23 = 100. Commodity 'Other Non Metallic Minerals', published weight 1.08834 of the index basket. Value taken as published, no transformation. Section mapping rationale: this is the mining-side basket for sand, gravel and crushed stone - the aggregate that concrete, blockwork and render are mostly made of.",
IN,PPI,PPI-AGG,"Wholesale/Producer Price Index of Other Non Metallic Minerals, India",2023-06,2022,100.0,INR,98.4,Concrete;Masonry;Plaster,https://eaindustry.nic.in/download_data_2223.asp,false,"REAL DATA. Office of the Economic Adviser, DPIIT, Ministry of Commerce and Industry - PRODUCER price index (published alongside the WPI), base 2022-23 = 100. Commodity 'Other Non Metallic Minerals', published weight 1.08834 of the index basket. Value taken as published, no transformation. Section mapping rationale: this is the mining-side basket for sand, gravel and crushed stone - the aggregate that concrete, blockwork and render are mostly made of.",
IN,PPI,PPI-AGG,"Wholesale/Producer Price Index of Other Non Metallic Minerals, India",2023-07,2022,100.0,INR,109.2,Concrete;Masonry;Plaster,https://eaindustry.nic.in/download_data_2223.asp,false,"REAL DATA. Office of the Economic Adviser, DPIIT, Ministry of Commerce and Industry - PRODUCER price index (published alongside the WPI), base 2022-23 = 100. Commodity 'Other Non Metallic Minerals', published weight 1.08834 of the index basket. Value taken as published, no transformation. Section mapping rationale: this is the mining-side basket for sand, gravel and crushed stone - the aggregate that concrete, blockwork and render are mostly made of.",
IN,PPI,PPI-AGG,"Wholesale/Producer Price Index of Other Non Metallic Minerals, India",2023-08,2022,100.0,INR,109.7,Concrete;Masonry;Plaster,https://eaindustry.nic.in/download_data_2223.asp,false,"REAL DATA. Office of the Economic Adviser, DPIIT, Ministry of Commerce and Industry - PRODUCER price index (published alongside the WPI), base 2022-23 = 100. Commodity 'Other Non Metallic Minerals', published weight 1.08834 of the index basket. Value taken as published, no transformation. Section mapping rationale: this is the mining-side basket for sand, gravel and crushed stone - the aggregate that concrete, blockwork and render are mostly made of.",
IN,PPI,PPI-AGG,"Wholesale/Producer Price Index of Other Non Metallic Minerals, India",2023-09,2022,100.0,INR,108.3,Concrete;Masonry;Plaster,https://eaindustry.nic.in/download_data_2223.asp,false,"REAL DATA. Office of the Economic Adviser, DPIIT, Ministry of Commerce and Industry - PRODUCER price index (published alongside the WPI), base 2022-23 = 100. Commodity 'Other Non Metallic Minerals', published weight 1.08834 of the index basket. Value taken as published, no transformation. Section mapping rationale: this is the mining-side basket for sand, gravel and crushed stone - the aggregate that concrete, blockwork and render are mostly made of.",
IN,PPI,PPI-AGG,"Wholesale/Producer Price Index of Other Non Metallic Minerals, India",2023-10,2022,100.0,INR,103.4,Concrete;Masonry;Plaster,https://eaindustry.nic.in/download_data_2223.asp,false,"REAL DATA. Office of the Economic Adviser, DPIIT, Ministry of Commerce and Industry - PRODUCER price index (published alongside the WPI), base 2022-23 = 100. Commodity 'Other Non Metallic Minerals', published weight 1.08834 of the index basket. Value taken as published, no transformation. Section mapping rationale: this is the mining-side basket for sand, gravel and crushed stone - the aggregate that concrete, blockwork and render are mostly made of.",
IN,PPI,PPI-AGG,"Wholesale/Producer Price Index of Other Non Metallic Minerals, India",2023-11,2022,100.0,INR,104.0,Concrete;Masonry;Plaster,https://eaindustry.nic.in/download_data_2223.asp,false,"REAL DATA. Office of the Economic Adviser, DPIIT, Ministry of Commerce and Industry - PRODUCER price index (published alongside the WPI), base 2022-23 = 100. Commodity 'Other Non Metallic Minerals', published weight 1.08834 of the index basket. Value taken as published, no transformation. Section mapping rationale: this is the mining-side basket for sand, gravel and crushed stone - the aggregate that concrete, blockwork and render are mostly made of.",
IN,PPI,PPI-AGG,"Wholesale/Producer Price Index of Other Non Metallic Minerals, India",2023-12,2022,100.0,INR,104.7,Concrete;Masonry;Plaster,https://eaindustry.nic.in/download_data_2223.asp,false,"REAL DATA. Office of the Economic Adviser, DPIIT, Ministry of Commerce and Industry - PRODUCER price index (published alongside the WPI), base 2022-23 = 100. Commodity 'Other Non Metallic Minerals', published weight 1.08834 of the index basket. Value taken as published, no transformation. Section mapping rationale: this is the mining-side basket for sand, gravel and crushed stone - the aggregate that concrete, blockwork and render are mostly made of.",
IN,PPI,PPI-AGG,"Wholesale/Producer Price Index of Other Non Metallic Minerals, India",2024-01,2022,100.0,INR,104.9,Concrete;Masonry;Plaster,https://eaindustry.nic.in/download_data_2223.asp,false,"REAL DATA. Office of the Economic Adviser, DPIIT, Ministry of Commerce and Industry - PRODUCER price index (published alongside the WPI), base 2022-23 = 100. Commodity 'Other Non Metallic Minerals', published weight 1.08834 of the index basket. Value taken as published, no transformation. Section mapping rationale: this is the mining-side basket for sand, gravel and crushed stone - the aggregate that concrete, blockwork and render are mostly made of.",
IN,PPI,PPI-AGG,"Wholesale/Producer Price Index of Other Non Metallic Minerals, India",2024-02,2022,100.0,INR,108.5,Concrete;Masonry;Plaster,https://eaindustry.nic.in/download_data_2223.asp,false,"REAL DATA. Office of the Economic Adviser, DPIIT, Ministry of Commerce and Industry - PRODUCER price index (published alongside the WPI), base 2022-23 = 100. Commodity 'Other Non Metallic Minerals', published weight 1.08834 of the index basket. Value taken as published, no transformation. Section mapping rationale: this is the mining-side basket for sand, gravel and crushed stone - the aggregate that concrete, blockwork and render are mostly made of.",
IN,PPI,PPI-AGG,"Wholesale/Producer Price Index of Other Non Metallic Minerals, India",2024-03,2022,100.0,INR,106.8,Concrete;Masonry;Plaster,https://eaindustry.nic.in/download_data_2223.asp,false,"REAL DATA. Office of the Economic Adviser, DPIIT, Ministry of Commerce and Industry - PRODUCER price index (published alongside the WPI), base 2022-23 = 100. Commodity 'Other Non Metallic Minerals', published weight 1.08834 of the index basket. Value taken as published, no transformation. Section mapping rationale: this is the mining-side basket for sand, gravel and crushed stone - the aggregate that concrete, blockwork and render are mostly made of.",
IN,PPI,PPI-AGG,"Wholesale/Producer Price Index of Other Non Metallic Minerals, India",2024-04,2022,100.0,INR,107.2,Concrete;Masonry;Plaster,https://eaindustry.nic.in/download_data_2223.asp,false,"REAL DATA. Office of the Economic Adviser, DPIIT, Ministry of Commerce and Industry - PRODUCER price index (published alongside the WPI), base 2022-23 = 100. Commodity 'Other Non Metallic Minerals', published weight 1.08834 of the index basket. Value taken as published, no transformation. Section mapping rationale: this is the mining-side basket for sand, gravel and crushed stone - the aggregate that concrete, blockwork and render are mostly made of.",
IN,PPI,PPI-AGG,"Wholesale/Producer Price Index of Other Non Metallic Minerals, India",2024-05,2022,100.0,INR,109.4,Concrete;Masonry;Plaster,https://eaindustry.nic.in/download_data_2223.asp,false,"REAL DATA. Office of the Economic Adviser, DPIIT, Ministry of Commerce and Industry - PRODUCER price index (published alongside the WPI), base 2022-23 = 100. Commodity 'Other Non Metallic Minerals', published weight 1.08834 of the index basket. Value taken as published, no transformation. Section mapping rationale: this is the mining-side basket for sand, gravel and crushed stone - the aggregate that concrete, blockwork and render are mostly made of.",
IN,PPI,PPI-AGG,"Wholesale/Producer Price Index of Other Non Metallic Minerals, India",2024-06,2022,100.0,INR,109.4,Concrete;Masonry;Plaster,https://eaindustry.nic.in/download_data_2223.asp,false,"REAL DATA. Office of the Economic Adviser, DPIIT, Ministry of Commerce and Industry - PRODUCER price index (published alongside the WPI), base 2022-23 = 100. Commodity 'Other Non Metallic Minerals', published weight 1.08834 of the index basket. Value taken as published, no transformation. Section mapping rationale: this is the mining-side basket for sand, gravel and crushed stone - the aggregate that concrete, blockwork and render are mostly made of.",
IN,PPI,PPI-AGG,"Wholesale/Producer Price Index of Other Non Metallic Minerals, India",2024-07,2022,100.0,INR,114.1,Concrete;Masonry;Plaster,https://eaindustry.nic.in/download_data_2223.asp,false,"REAL DATA. Office of the Economic Adviser, DPIIT, Ministry of Commerce and Industry - PRODUCER price index (published alongside the WPI), base 2022-23 = 100. Commodity 'Other Non Metallic Minerals', published weight 1.08834 of the index basket. Value taken as published, no transformation. Section mapping rationale: this is the mining-side basket for sand, gravel and crushed stone - the aggregate that concrete, blockwork and render are mostly made of.",
IN,PPI,PPI-AGG,"Wholesale/Producer Price Index of Other Non Metallic Minerals, India",2024-08,2022,100.0,INR,114.2,Concrete;Masonry;Plaster,https://eaindustry.nic.in/download_data_2223.asp,false,"REAL DATA. Office of the Economic Adviser, DPIIT, Ministry of Commerce and Industry - PRODUCER price index (published alongside the WPI), base 2022-23 = 100. Commodity 'Other Non Metallic Minerals', published weight 1.08834 of the index basket. Value taken as published, no transformation. Section mapping rationale: this is the mining-side basket for sand, gravel and crushed stone - the aggregate that concrete, blockwork and render are mostly made of.",
IN,PPI,PPI-AGG,"Wholesale/Producer Price Index of Other Non Metallic Minerals, India",2024-09,2022,100.0,INR,113.7,Concrete;Masonry;Plaster,https://eaindustry.nic.in/download_data_2223.asp,false,"REAL DATA. Office of the Economic Adviser, DPIIT, Ministry of Commerce and Industry - PRODUCER price index (published alongside the WPI), base 2022-23 = 100. Commodity 'Other Non Metallic Minerals', published weight 1.08834 of the index basket. Value taken as published, no transformation. Section mapping rationale: this is the mining-side basket for sand, gravel and crushed stone - the aggregate that concrete, blockwork and render are mostly made of.",
IN,PPI,PPI-AGG,"Wholesale/Producer Price Index of Other Non Metallic Minerals, India",2024-10,2022,100.0,INR,112.9,Concrete;Masonry;Plaster,https://eaindustry.nic.in/download_data_2223.asp,false,"REAL DATA. Office of the Economic Adviser, DPIIT, Ministry of Commerce and Industry - PRODUCER price index (published alongside the WPI), base 2022-23 = 100. Commodity 'Other Non Metallic Minerals', published weight 1.08834 of the index basket. Value taken as published, no transformation. Section mapping rationale: this is the mining-side basket for sand, gravel and crushed stone - the aggregate that concrete, blockwork and render are mostly made of.",
IN,PPI,PPI-AGG,"Wholesale/Producer Price Index of Other Non Metallic Minerals, India",2024-11,2022,100.0,INR,113.0,Concrete;Masonry;Plaster,https://eaindustry.nic.in/download_data_2223.asp,false,"REAL DATA. Office of the Economic Adviser, DPIIT, Ministry of Commerce and Industry - PRODUCER price index (published alongside the WPI), base 2022-23 = 100. Commodity 'Other Non Metallic Minerals', published weight 1.08834 of the index basket. Value taken as published, no transformation. Section mapping rationale: this is the mining-side basket for sand, gravel and crushed stone - the aggregate that concrete, blockwork and render are mostly made of.",
IN,PPI,PPI-AGG,"Wholesale/Producer Price Index of Other Non Metallic Minerals, India",2024-12,2022,100.0,INR,104.9,Concrete;Masonry;Plaster,https://eaindustry.nic.in/download_data_2223.asp,false,"REAL DATA. Office of the Economic Adviser, DPIIT, Ministry of Commerce and Industry - PRODUCER price index (published alongside the WPI), base 2022-23 = 100. Commodity 'Other Non Metallic Minerals', published weight 1.08834 of the index basket. Value taken as published, no transformation. Section mapping rationale: this is the mining-side basket for sand, gravel and crushed stone - the aggregate that concrete, blockwork and render are mostly made of.",
IN,PPI,PPI-AGG,"Wholesale/Producer Price Index of Other Non Metallic Minerals, India",2025-01,2022,100.0,INR,104.5,Concrete;Masonry;Plaster,https://eaindustry.nic.in/download_data_2223.asp,false,"REAL DATA. Office of the Economic Adviser, DPIIT, Ministry of Commerce and Industry - PRODUCER price index (published alongside the WPI), base 2022-23 = 100. Commodity 'Other Non Metallic Minerals', published weight 1.08834 of the index basket. Value taken as published, no transformation. Section mapping rationale: this is the mining-side basket for sand, gravel and crushed stone - the aggregate that concrete, blockwork and render are mostly made of.",
IN,PPI,PPI-AGG,"Wholesale/Producer Price Index of Other Non Metallic Minerals, India",2025-02,2022,100.0,INR,103.4,Concrete;Masonry;Plaster,https://eaindustry.nic.in/download_data_2223.asp,false,"REAL DATA. Office of the Economic Adviser, DPIIT, Ministry of Commerce and Industry - PRODUCER price index (published alongside the WPI), base 2022-23 = 100. Commodity 'Other Non Metallic Minerals', published weight 1.08834 of the index basket. Value taken as published, no transformation. Section mapping rationale: this is the mining-side basket for sand, gravel and crushed stone - the aggregate that concrete, blockwork and render are mostly made of.",
IN,PPI,PPI-AGG,"Wholesale/Producer Price Index of Other Non Metallic Minerals, India",2025-03,2022,100.0,INR,103.3,Concrete;Masonry;Plaster,https://eaindustry.nic.in/download_data_2223.asp,false,"REAL DATA. Office of the Economic Adviser, DPIIT, Ministry of Commerce and Industry - PRODUCER price index (published alongside the WPI), base 2022-23 = 100. Commodity 'Other Non Metallic Minerals', published weight 1.08834 of the index basket. Value taken as published, no transformation. Section mapping rationale: this is the mining-side basket for sand, gravel and crushed stone - the aggregate that concrete, blockwork and render are mostly made of.",
IN,PPI,PPI-AGG,"Wholesale/Producer Price Index of Other Non Metallic Minerals, India",2025-04,2022,100.0,INR,102.1,Concrete;Masonry;Plaster,https://eaindustry.nic.in/download_data_2223.asp,false,"REAL DATA. Office of the Economic Adviser, DPIIT, Ministry of Commerce and Industry - PRODUCER price index (published alongside the WPI), base 2022-23 = 100. Commodity 'Other Non Metallic Minerals', published weight 1.08834 of the index basket. Value taken as published, no transformation. Section mapping rationale: this is the mining-side basket for sand, gravel and crushed stone - the aggregate that concrete, blockwork and render are mostly made of.",
IN,PPI,PPI-AGG,"Wholesale/Producer Price Index of Other Non Metallic Minerals, India",2025-05,2022,100.0,INR,100.7,Concrete;Masonry;Plaster,https://eaindustry.nic.in/download_data_2223.asp,false,"REAL DATA. Office of the Economic Adviser, DPIIT, Ministry of Commerce and Industry - PRODUCER price index (published alongside the WPI), base 2022-23 = 100. Commodity 'Other Non Metallic Minerals', published weight 1.08834 of the index basket. Value taken as published, no transformation. Section mapping rationale: this is the mining-side basket for sand, gravel and crushed stone - the aggregate that concrete, blockwork and render are mostly made of.",
IN,PPI,PPI-AGG,"Wholesale/Producer Price Index of Other Non Metallic Minerals, India",2025-06,2022,100.0,INR,102.7,Concrete;Masonry;Plaster,https://eaindustry.nic.in/download_data_2223.asp,false,"REAL DATA. Office of the Economic Adviser, DPIIT, Ministry of Commerce and Industry - PRODUCER price index (published alongside the WPI), base 2022-23 = 100. Commodity 'Other Non Metallic Minerals', published weight 1.08834 of the index basket. Value taken as published, no transformation. Section mapping rationale: this is the mining-side basket for sand, gravel and crushed stone - the aggregate that concrete, blockwork and render are mostly made of.",
IN,PPI,PPI-AGG,"Wholesale/Producer Price Index of Other Non Metallic Minerals, India",2025-07,2022,100.0,INR,105.6,Concrete;Masonry;Plaster,https://eaindustry.nic.in/download_data_2223.asp,false,"REAL DATA. Office of the Economic Adviser, DPIIT, Ministry of Commerce and Industry - PRODUCER price index (published alongside the WPI), base 2022-23 = 100. Commodity 'Other Non Metallic Minerals', published weight 1.08834 of the index basket. Value taken as published, no transformation. Section mapping rationale: this is the mining-side basket for sand, gravel and crushed stone - the aggregate that concrete, blockwork and render are mostly made of.",
IN,PPI,PPI-AGG,"Wholesale/Producer Price Index of Other Non Metallic Minerals, India",2025-08,2022,100.0,INR,106.0,Concrete;Masonry;Plaster,https://eaindustry.nic.in/download_data_2223.asp,false,"REAL DATA. Office of the Economic Adviser, DPIIT, Ministry of Commerce and Industry - PRODUCER price index (published alongside the WPI), base 2022-23 = 100. Commodity 'Other Non Metallic Minerals', published weight 1.08834 of the index basket. Value taken as published, no transformation. Section mapping rationale: this is the mining-side basket for sand, gravel and crushed stone - the aggregate that concrete, blockwork and render are mostly made of.",
IN,PPI,PPI-AGG,"Wholesale/Producer Price Index of Other Non Metallic Minerals, India",2025-09,2022,100.0,INR,106.3,Concrete;Masonry;Plaster,https://eaindustry.nic.in/download_data_2223.asp,false,"REAL DATA. Office of the Economic Adviser, DPIIT, Ministry of Commerce and Industry - PRODUCER price index (published alongside the WPI), base 2022-23 = 100. Commodity 'Other Non Metallic Minerals', published weight 1.08834 of the index basket. Value taken as published, no transformation. Section mapping rationale: this is the mining-side basket for sand, gravel and crushed stone - the aggregate that concrete, blockwork and render are mostly made of.",
IN,PPI,PPI-AGG,"Wholesale/Producer Price Index of Other Non Metallic Minerals, India",2025-10,2022,100.0,INR,105.0,Concrete;Masonry;Plaster,https://eaindustry.nic.in/download_data_2223.asp,false,"REAL DATA. Office of the Economic Adviser, DPIIT, Ministry of Commerce and Industry - PRODUCER price index (published alongside the WPI), base 2022-23 = 100. Commodity 'Other Non Metallic Minerals', published weight 1.08834 of the index basket. Value taken as published, no transformation. Section mapping rationale: this is the mining-side basket for sand, gravel and crushed stone - the aggregate that concrete, blockwork and render are mostly made of.",
IN,PPI,PPI-AGG,"Wholesale/Producer Price Index of Other Non Metallic Minerals, India",2025-11,2022,100.0,INR,104.4,Concrete;Masonry;Plaster,https://eaindustry.nic.in/download_data_2223.asp,false,"REAL DATA. Office of the Economic Adviser, DPIIT, Ministry of Commerce and Industry - PRODUCER price index (published alongside the WPI), base 2022-23 = 100. Commodity 'Other Non Metallic Minerals', published weight 1.08834 of the index basket. Value taken as published, no transformation. Section mapping rationale: this is the mining-side basket for sand, gravel and crushed stone - the aggregate that concrete, blockwork and render are mostly made of.",
IN,PPI,PPI-AGG,"Wholesale/Producer Price Index of Other Non Metallic Minerals, India",2025-12,2022,100.0,INR,104.6,Concrete;Masonry;Plaster,https://eaindustry.nic.in/download_data_2223.asp,false,"REAL DATA. Office of the Economic Adviser, DPIIT, Ministry of Commerce and Industry - PRODUCER price index (published alongside the WPI), base 2022-23 = 100. Commodity 'Other Non Metallic Minerals', published weight 1.08834 of the index basket. Value taken as published, no transformation. Section mapping rationale: this is the mining-side basket for sand, gravel and crushed stone - the aggregate that concrete, blockwork and render are mostly made of.",
IN,PPI,PPI-AGG,"Wholesale/Producer Price Index of Other Non Metallic Minerals, India",2026-01,2022,100.0,INR,101.2,Concrete;Masonry;Plaster,https://eaindustry.nic.in/download_data_2223.asp,false,"REAL DATA. Office of the Economic Adviser, DPIIT, Ministry of Commerce and Industry - PRODUCER price index (published alongside the WPI), base 2022-23 = 100. Commodity 'Other Non Metallic Minerals', published weight 1.08834 of the index basket. Value taken as published, no transformation. Section mapping rationale: this is the mining-side basket for sand, gravel and crushed stone - the aggregate that concrete, blockwork and render are mostly made of.",
IN,PPI,PPI-AGG,"Wholesale/Producer Price Index of Other Non Metallic Minerals, India",2026-02,2022,100.0,INR,101.3,Concrete;Masonry;Plaster,https://eaindustry.nic.in/download_data_2223.asp,false,"REAL DATA. Office of the Economic Adviser, DPIIT, Ministry of Commerce and Industry - PRODUCER price index (published alongside the WPI), base 2022-23 = 100. Commodity 'Other Non Metallic Minerals', published weight 1.08834 of the index basket. Value taken as published, no transformation. Section mapping rationale: this is the mining-side basket for sand, gravel and crushed stone - the aggregate that concrete, blockwork and render are mostly made of.",
IN,PPI,PPI-AGG,"Wholesale/Producer Price Index of Other Non Metallic Minerals, India",2026-03,2022,100.0,INR,99.0,Concrete;Masonry;Plaster,https://eaindustry.nic.in/download_data_2223.asp,false,"REAL DATA. Office of the Economic Adviser, DPIIT, Ministry of Commerce and Industry - PRODUCER price index (published alongside the WPI), base 2022-23 = 100. Commodity 'Other Non Metallic Minerals', published weight 1.08834 of the index basket. Value taken as published, no transformation. Section mapping rationale: this is the mining-side basket for sand, gravel and crushed stone - the aggregate that concrete, blockwork and render are mostly made of.",
IN,PPI,PPI-AGG,"Wholesale/Producer Price Index of Other Non Metallic Minerals, India",2026-04,2022,100.0,INR,108.5,Concrete;Masonry;Plaster,https://eaindustry.nic.in/download_data_2223.asp,false,"REAL DATA. Office of the Economic Adviser, DPIIT, Ministry of Commerce and Industry - PRODUCER price index (published alongside the WPI), base 2022-23 = 100. Commodity 'Other Non Metallic Minerals', published weight 1.08834 of the index basket. Value taken as published, no transformation. Section mapping rationale: this is the mining-side basket for sand, gravel and crushed stone - the aggregate that concrete, blockwork and render are mostly made of.",
IN,PPI,PPI-AGG,"Wholesale/Producer Price Index of Other Non Metallic Minerals, India",2026-05,2022,100.0,INR,107.0,Concrete;Masonry;Plaster,https://eaindustry.nic.in/download_data_2223.asp,false,"REAL DATA. Office of the Economic Adviser, DPIIT, Ministry of Commerce and Industry - PRODUCER price index (published alongside the WPI), base 2022-23 = 100. Commodity 'Other Non Metallic Minerals', published weight 1.08834 of the index basket. Value taken as published, no transformation. Section mapping rationale: this is the mining-side basket for sand, gravel and crushed stone - the aggregate that concrete, blockwork and render are mostly made of.",
IN,PPI,PPI-AGG,"Wholesale/Producer Price Index of Other Non Metallic Minerals, India",2026-06,2022,100.0,INR,112.6,Concrete;Masonry;Plaster,https://eaindustry.nic.in/download_data_2223.asp,false,"REAL DATA. Office of the Economic Adviser, DPIIT, Ministry of Commerce and Industry - PRODUCER price index (published alongside the WPI), base 2022-23 = 100. Commodity 'Other Non Metallic Minerals', published weight 1.08834 of the index basket. Value taken as published, no transformation. Section mapping rationale: this is the mining-side basket for sand, gravel and crushed stone - the aggregate that concrete, blockwork and render are mostly made of.",
IN,PPI,PPI-AGG,"Wholesale/Producer Price Index of Other Non Metallic Minerals, India",2026-07,2022,100.0,INR,108.7,Concrete;Masonry;Plaster,https://eaindustry.nic.in/download_data_2223.asp,false,"REAL DATA. Office of the Economic Adviser, DPIIT, Ministry of Commerce and Industry - PRODUCER price index (published alongside the WPI), base 2022-23 = 100. Commodity 'Other Non Metallic Minerals', published weight 1.08834 of the index basket. Value taken as published, no transformation. Section mapping rationale: this is the mining-side basket for sand, gravel and crushed stone - the aggregate that concrete, blockwork and render are mostly made of.",
IN,PPI,PPI-LIME,"Wholesale/Producer Price Index of Limestone, India",2023-04,2022,100.0,INR,102.5,Concrete;Masonry,https://eaindustry.nic.in/download_data_2223.asp,false,"REAL DATA. Office of the Economic Adviser, DPIIT, Ministry of Commerce and Industry - PRODUCER price index (published alongside the WPI), base 2022-23 = 100. Commodity 'Limestone', published weight 0.14374 of the index basket. Value taken as published, no transformation. Section mapping rationale: limestone is the kiln feed for cement and the raw mineral behind lime mortar.",
IN,PPI,PPI-LIME,"Wholesale/Producer Price Index of Limestone, India",2023-05,2022,100.0,INR,101.9,Concrete;Masonry,https://eaindustry.nic.in/download_data_2223.asp,false,"REAL DATA. Office of the Economic Adviser, DPIIT, Ministry of Commerce and Industry - PRODUCER price index (published alongside the WPI), base 2022-23 = 100. Commodity 'Limestone', published weight 0.14374 of the index basket. Value taken as published, no transformation. Section mapping rationale: limestone is the kiln feed for cement and the raw mineral behind lime mortar.",
IN,PPI,PPI-LIME,"Wholesale/Producer Price Index of Limestone, India",2023-06,2022,100.0,INR,98.3,Concrete;Masonry,https://eaindustry.nic.in/download_data_2223.asp,false,"REAL DATA. Office of the Economic Adviser, DPIIT, Ministry of Commerce and Industry - PRODUCER price index (published alongside the WPI), base 2022-23 = 100. Commodity 'Limestone', published weight 0.14374 of the index basket. Value taken as published, no transformation. Section mapping rationale: limestone is the kiln feed for cement and the raw mineral behind lime mortar.",
IN,PPI,PPI-LIME,"Wholesale/Producer Price Index of Limestone, India",2023-07,2022,100.0,INR,100.4,Concrete;Masonry,https://eaindustry.nic.in/download_data_2223.asp,false,"REAL DATA. Office of the Economic Adviser, DPIIT, Ministry of Commerce and Industry - PRODUCER price index (published alongside the WPI), base 2022-23 = 100. Commodity 'Limestone', published weight 0.14374 of the index basket. Value taken as published, no transformation. Section mapping rationale: limestone is the kiln feed for cement and the raw mineral behind lime mortar.",
IN,PPI,PPI-LIME,"Wholesale/Producer Price Index of Limestone, India",2023-08,2022,100.0,INR,101.6,Concrete;Masonry,https://eaindustry.nic.in/download_data_2223.asp,false,"REAL DATA. Office of the Economic Adviser, DPIIT, Ministry of Commerce and Industry - PRODUCER price index (published alongside the WPI), base 2022-23 = 100. Commodity 'Limestone', published weight 0.14374 of the index basket. Value taken as published, no transformation. Section mapping rationale: limestone is the kiln feed for cement and the raw mineral behind lime mortar.",
IN,PPI,PPI-LIME,"Wholesale/Producer Price Index of Limestone, India",2023-09,2022,100.0,INR,97.1,Concrete;Masonry,https://eaindustry.nic.in/download_data_2223.asp,false,"REAL DATA. Office of the Economic Adviser, DPIIT, Ministry of Commerce and Industry - PRODUCER price index (published alongside the WPI), base 2022-23 = 100. Commodity 'Limestone', published weight 0.14374 of the index basket. Value taken as published, no transformation. Section mapping rationale: limestone is the kiln feed for cement and the raw mineral behind lime mortar.",
IN,PPI,PPI-LIME,"Wholesale/Producer Price Index of Limestone, India",2023-10,2022,100.0,INR,99.7,Concrete;Masonry,https://eaindustry.nic.in/download_data_2223.asp,false,"REAL DATA. Office of the Economic Adviser, DPIIT, Ministry of Commerce and Industry - PRODUCER price index (published alongside the WPI), base 2022-23 = 100. Commodity 'Limestone', published weight 0.14374 of the index basket. Value taken as published, no transformation. Section mapping rationale: limestone is the kiln feed for cement and the raw mineral behind lime mortar.",
IN,PPI,PPI-LIME,"Wholesale/Producer Price Index of Limestone, India",2023-11,2022,100.0,INR,97.6,Concrete;Masonry,https://eaindustry.nic.in/download_data_2223.asp,false,"REAL DATA. Office of the Economic Adviser, DPIIT, Ministry of Commerce and Industry - PRODUCER price index (published alongside the WPI), base 2022-23 = 100. Commodity 'Limestone', published weight 0.14374 of the index basket. Value taken as published, no transformation. Section mapping rationale: limestone is the kiln feed for cement and the raw mineral behind lime mortar.",
IN,PPI,PPI-LIME,"Wholesale/Producer Price Index of Limestone, India",2023-12,2022,100.0,INR,99.9,Concrete;Masonry,https://eaindustry.nic.in/download_data_2223.asp,false,"REAL DATA. Office of the Economic Adviser, DPIIT, Ministry of Commerce and Industry - PRODUCER price index (published alongside the WPI), base 2022-23 = 100. Commodity 'Limestone', published weight 0.14374 of the index basket. Value taken as published, no transformation. Section mapping rationale: limestone is the kiln feed for cement and the raw mineral behind lime mortar.",
IN,PPI,PPI-LIME,"Wholesale/Producer Price Index of Limestone, India",2024-01,2022,100.0,INR,102.0,Concrete;Masonry,https://eaindustry.nic.in/download_data_2223.asp,false,"REAL DATA. Office of the Economic Adviser, DPIIT, Ministry of Commerce and Industry - PRODUCER price index (published alongside the WPI), base 2022-23 = 100. Commodity 'Limestone', published weight 0.14374 of the index basket. Value taken as published, no transformation. Section mapping rationale: limestone is the kiln feed for cement and the raw mineral behind lime mortar.",
IN,PPI,PPI-LIME,"Wholesale/Producer Price Index of Limestone, India",2024-02,2022,100.0,INR,100.9,Concrete;Masonry,https://eaindustry.nic.in/download_data_2223.asp,false,"REAL DATA. Office of the Economic Adviser, DPIIT, Ministry of Commerce and Industry - PRODUCER price index (published alongside the WPI), base 2022-23 = 100. Commodity 'Limestone', published weight 0.14374 of the index basket. Value taken as published, no transformation. Section mapping rationale: limestone is the kiln feed for cement and the raw mineral behind lime mortar.",
IN,PPI,PPI-LIME,"Wholesale/Producer Price Index of Limestone, India",2024-03,2022,100.0,INR,103.6,Concrete;Masonry,https://eaindustry.nic.in/download_data_2223.asp,false,"REAL DATA. Office of the Economic Adviser, DPIIT, Ministry of Commerce and Industry - PRODUCER price index (published alongside the WPI), base 2022-23 = 100. Commodity 'Limestone', published weight 0.14374 of the index basket. Value taken as published, no transformation. Section mapping rationale: limestone is the kiln feed for cement and the raw mineral behind lime mortar.",
IN,PPI,PPI-LIME,"Wholesale/Producer Price Index of Limestone, India",2024-04,2022,100.0,INR,104.6,Concrete;Masonry,https://eaindustry.nic.in/download_data_2223.asp,false,"REAL DATA. Office of the Economic Adviser, DPIIT, Ministry of Commerce and Industry - PRODUCER price index (published alongside the WPI), base 2022-23 = 100. Commodity 'Limestone', published weight 0.14374 of the index basket. Value taken as published, no transformation. Section mapping rationale: limestone is the kiln feed for cement and the raw mineral behind lime mortar.",
IN,PPI,PPI-LIME,"Wholesale/Producer Price Index of Limestone, India",2024-05,2022,100.0,INR,102.0,Concrete;Masonry,https://eaindustry.nic.in/download_data_2223.asp,false,"REAL DATA. Office of the Economic Adviser, DPIIT, Ministry of Commerce and Industry - PRODUCER price index (published alongside the WPI), base 2022-23 = 100. Commodity 'Limestone', published weight 0.14374 of the index basket. Value taken as published, no transformation. Section mapping rationale: limestone is the kiln feed for cement and the raw mineral behind lime mortar.",
IN,PPI,PPI-LIME,"Wholesale/Producer Price Index of Limestone, India",2024-06,2022,100.0,INR,100.5,Concrete;Masonry,https://eaindustry.nic.in/download_data_2223.asp,false,"REAL DATA. Office of the Economic Adviser, DPIIT, Ministry of Commerce and Industry - PRODUCER price index (published alongside the WPI), base 2022-23 = 100. Commodity 'Limestone', published weight 0.14374 of the index basket. Value taken as published, no transformation. Section mapping rationale: limestone is the kiln feed for cement and the raw mineral behind lime mortar.",
IN,PPI,PPI-LIME,"Wholesale/Producer Price Index of Limestone, India",2024-07,2022,100.0,INR,104.3,Concrete;Masonry,https://eaindustry.nic.in/download_data_2223.asp,false,"REAL DATA. Office of the Economic Adviser, DPIIT, Ministry of Commerce and Industry - PRODUCER price index (published alongside the WPI), base 2022-23 = 100. Commodity 'Limestone', published weight 0.14374 of the index basket. Value taken as published, no transformation. Section mapping rationale: limestone is the kiln feed for cement and the raw mineral behind lime mortar.",
IN,PPI,PPI-LIME,"Wholesale/Producer Price Index of Limestone, India",2024-08,2022,100.0,INR,100.8,Concrete;Masonry,https://eaindustry.nic.in/download_data_2223.asp,false,"REAL DATA. Office of the Economic Adviser, DPIIT, Ministry of Commerce and Industry - PRODUCER price index (published alongside the WPI), base 2022-23 = 100. Commodity 'Limestone', published weight 0.14374 of the index basket. Value taken as published, no transformation. Section mapping rationale: limestone is the kiln feed for cement and the raw mineral behind lime mortar.",
IN,PPI,PPI-LIME,"Wholesale/Producer Price Index of Limestone, India",2024-09,2022,100.0,INR,103.6,Concrete;Masonry,https://eaindustry.nic.in/download_data_2223.asp,false,"REAL DATA. Office of the Economic Adviser, DPIIT, Ministry of Commerce and Industry - PRODUCER price index (published alongside the WPI), base 2022-23 = 100. Commodity 'Limestone', published weight 0.14374 of the index basket. Value taken as published, no transformation. Section mapping rationale: limestone is the kiln feed for cement and the raw mineral behind lime mortar.",
IN,PPI,PPI-LIME,"Wholesale/Producer Price Index of Limestone, India",2024-10,2022,100.0,INR,98.7,Concrete;Masonry,https://eaindustry.nic.in/download_data_2223.asp,false,"REAL DATA. Office of the Economic Adviser, DPIIT, Ministry of Commerce and Industry - PRODUCER price index (published alongside the WPI), base 2022-23 = 100. Commodity 'Limestone', published weight 0.14374 of the index basket. Value taken as published, no transformation. Section mapping rationale: limestone is the kiln feed for cement and the raw mineral behind lime mortar.",
IN,PPI,PPI-LIME,"Wholesale/Producer Price Index of Limestone, India",2024-11,2022,100.0,INR,101.2,Concrete;Masonry,https://eaindustry.nic.in/download_data_2223.asp,false,"REAL DATA. Office of the Economic Adviser, DPIIT, Ministry of Commerce and Industry - PRODUCER price index (published alongside the WPI), base 2022-23 = 100. Commodity 'Limestone', published weight 0.14374 of the index basket. Value taken as published, no transformation. Section mapping rationale: limestone is the kiln feed for cement and the raw mineral behind lime mortar.",
IN,PPI,PPI-LIME,"Wholesale/Producer Price Index of Limestone, India",2024-12,2022,100.0,INR,102.1,Concrete;Masonry,https://eaindustry.nic.in/download_data_2223.asp,false,"REAL DATA. Office of the Economic Adviser, DPIIT, Ministry of Commerce and Industry - PRODUCER price index (published alongside the WPI), base 2022-23 = 100. Commodity 'Limestone', published weight 0.14374 of the index basket. Value taken as published, no transformation. Section mapping rationale: limestone is the kiln feed for cement and the raw mineral behind lime mortar.",
IN,PPI,PPI-LIME,"Wholesale/Producer Price Index of Limestone, India",2025-01,2022,100.0,INR,104.8,Concrete;Masonry,https://eaindustry.nic.in/download_data_2223.asp,false,"REAL DATA. Office of the Economic Adviser, DPIIT, Ministry of Commerce and Industry - PRODUCER price index (published alongside the WPI), base 2022-23 = 100. Commodity 'Limestone', published weight 0.14374 of the index basket. Value taken as published, no transformation. Section mapping rationale: limestone is the kiln feed for cement and the raw mineral behind lime mortar.",
IN,PPI,PPI-LIME,"Wholesale/Producer Price Index of Limestone, India",2025-02,2022,100.0,INR,106.5,Concrete;Masonry,https://eaindustry.nic.in/download_data_2223.asp,false,"REAL DATA. Office of the Economic Adviser, DPIIT, Ministry of Commerce and Industry - PRODUCER price index (published alongside the WPI), base 2022-23 = 100. Commodity 'Limestone', published weight 0.14374 of the index basket. Value taken as published, no transformation. Section mapping rationale: limestone is the kiln feed for cement and the raw mineral behind lime mortar.",
IN,PPI,PPI-LIME,"Wholesale/Producer Price Index of Limestone, India",2025-03,2022,100.0,INR,111.3,Concrete;Masonry,https://eaindustry.nic.in/download_data_2223.asp,false,"REAL DATA. Office of the Economic Adviser, DPIIT, Ministry of Commerce and Industry - PRODUCER price index (published alongside the WPI), base 2022-23 = 100. Commodity 'Limestone', published weight 0.14374 of the index basket. Value taken as published, no transformation. Section mapping rationale: limestone is the kiln feed for cement and the raw mineral behind lime mortar.",
IN,PPI,PPI-LIME,"Wholesale/Producer Price Index of Limestone, India",2025-04,2022,100.0,INR,108.0,Concrete;Masonry,https://eaindustry.nic.in/download_data_2223.asp,false,"REAL DATA. Office of the Economic Adviser, DPIIT, Ministry of Commerce and Industry - PRODUCER price index (published alongside the WPI), base 2022-23 = 100. Commodity 'Limestone', published weight 0.14374 of the index basket. Value taken as published, no transformation. Section mapping rationale: limestone is the kiln feed for cement and the raw mineral behind lime mortar.",
IN,PPI,PPI-LIME,"Wholesale/Producer Price Index of Limestone, India",2025-05,2022,100.0,INR,110.7,Concrete;Masonry,https://eaindustry.nic.in/download_data_2223.asp,false,"REAL DATA. Office of the Economic Adviser, DPIIT, Ministry of Commerce and Industry - PRODUCER price index (published alongside the WPI), base 2022-23 = 100. Commodity 'Limestone', published weight 0.14374 of the index basket. Value taken as published, no transformation. Section mapping rationale: limestone is the kiln feed for cement and the raw mineral behind lime mortar.",
IN,PPI,PPI-LIME,"Wholesale/Producer Price Index of Limestone, India",2025-06,2022,100.0,INR,113.8,Concrete;Masonry,https://eaindustry.nic.in/download_data_2223.asp,false,"REAL DATA. Office of the Economic Adviser, DPIIT, Ministry of Commerce and Industry - PRODUCER price index (published alongside the WPI), base 2022-23 = 100. Commodity 'Limestone', published weight 0.14374 of the index basket. Value taken as published, no transformation. Section mapping rationale: limestone is the kiln feed for cement and the raw mineral behind lime mortar.",
IN,PPI,PPI-LIME,"Wholesale/Producer Price Index of Limestone, India",2025-07,2022,100.0,INR,115.4,Concrete;Masonry,https://eaindustry.nic.in/download_data_2223.asp,false,"REAL DATA. Office of the Economic Adviser, DPIIT, Ministry of Commerce and Industry - PRODUCER price index (published alongside the WPI), base 2022-23 = 100. Commodity 'Limestone', published weight 0.14374 of the index basket. Value taken as published, no transformation. Section mapping rationale: limestone is the kiln feed for cement and the raw mineral behind lime mortar.",
IN,PPI,PPI-LIME,"Wholesale/Producer Price Index of Limestone, India",2025-08,2022,100.0,INR,116.1,Concrete;Masonry,https://eaindustry.nic.in/download_data_2223.asp,false,"REAL DATA. Office of the Economic Adviser, DPIIT, Ministry of Commerce and Industry - PRODUCER price index (published alongside the WPI), base 2022-23 = 100. Commodity 'Limestone', published weight 0.14374 of the index basket. Value taken as published, no transformation. Section mapping rationale: limestone is the kiln feed for cement and the raw mineral behind lime mortar.",
IN,PPI,PPI-LIME,"Wholesale/Producer Price Index of Limestone, India",2025-09,2022,100.0,INR,115.3,Concrete;Masonry,https://eaindustry.nic.in/download_data_2223.asp,false,"REAL DATA. Office of the Economic Adviser, DPIIT, Ministry of Commerce and Industry - PRODUCER price index (published alongside the WPI), base 2022-23 = 100. Commodity 'Limestone', published weight 0.14374 of the index basket. Value taken as published, no transformation. Section mapping rationale: limestone is the kiln feed for cement and the raw mineral behind lime mortar.",
IN,PPI,PPI-LIME,"Wholesale/Producer Price Index of Limestone, India",2025-10,2022,100.0,INR,115.1,Concrete;Masonry,https://eaindustry.nic.in/download_data_2223.asp,false,"REAL DATA. Office of the Economic Adviser, DPIIT, Ministry of Commerce and Industry - PRODUCER price index (published alongside the WPI), base 2022-23 = 100. Commodity 'Limestone', published weight 0.14374 of the index basket. Value taken as published, no transformation. Section mapping rationale: limestone is the kiln feed for cement and the raw mineral behind lime mortar.",
IN,PPI,PPI-LIME,"Wholesale/Producer Price Index of Limestone, India",2025-11,2022,100.0,INR,116.8,Concrete;Masonry,https://eaindustry.nic.in/download_data_2223.asp,false,"REAL DATA. Office of the Economic Adviser, DPIIT, Ministry of Commerce and Industry - PRODUCER price index (published alongside the WPI), base 2022-23 = 100. Commodity 'Limestone', published weight 0.14374 of the index basket. Value taken as published, no transformation. Section mapping rationale: limestone is the kiln feed for cement and the raw mineral behind lime mortar.",
IN,PPI,PPI-LIME,"Wholesale/Producer Price Index of Limestone, India",2025-12,2022,100.0,INR,118.7,Concrete;Masonry,https://eaindustry.nic.in/download_data_2223.asp,false,"REAL DATA. Office of the Economic Adviser, DPIIT, Ministry of Commerce and Industry - PRODUCER price index (published alongside the WPI), base 2022-23 = 100. Commodity 'Limestone', published weight 0.14374 of the index basket. Value taken as published, no transformation. Section mapping rationale: limestone is the kiln feed for cement and the raw mineral behind lime mortar.",
IN,PPI,PPI-LIME,"Wholesale/Producer Price Index of Limestone, India",2026-01,2022,100.0,INR,118.2,Concrete;Masonry,https://eaindustry.nic.in/download_data_2223.asp,false,"REAL DATA. Office of the Economic Adviser, DPIIT, Ministry of Commerce and Industry - PRODUCER price index (published alongside the WPI), base 2022-23 = 100. Commodity 'Limestone', published weight 0.14374 of the index basket. Value taken as published, no transformation. Section mapping rationale: limestone is the kiln feed for cement and the raw mineral behind lime mortar.",
IN,PPI,PPI-LIME,"Wholesale/Producer Price Index of Limestone, India",2026-02,2022,100.0,INR,117.5,Concrete;Masonry,https://eaindustry.nic.in/download_data_2223.asp,false,"REAL DATA. Office of the Economic Adviser, DPIIT, Ministry of Commerce and Industry - PRODUCER price index (published alongside the WPI), base 2022-23 = 100. Commodity 'Limestone', published weight 0.14374 of the index basket. Value taken as published, no transformation. Section mapping rationale: limestone is the kiln feed for cement and the raw mineral behind lime mortar.",
IN,PPI,PPI-LIME,"Wholesale/Producer Price Index of Limestone, India",2026-03,2022,100.0,INR,111.7,Concrete;Masonry,https://eaindustry.nic.in/download_data_2223.asp,false,"REAL DATA. Office of the Economic Adviser, DPIIT, Ministry of Commerce and Industry - PRODUCER price index (published alongside the WPI), base 2022-23 = 100. Commodity 'Limestone', published weight 0.14374 of the index basket. Value taken as published, no transformation. Section mapping rationale: limestone is the kiln feed for cement and the raw mineral behind lime mortar.",
IN,PPI,PPI-LIME,"Wholesale/Producer Price Index of Limestone, India",2026-04,2022,100.0,INR,120.6,Concrete;Masonry,https://eaindustry.nic.in/download_data_2223.asp,false,"REAL DATA. Office of the Economic Adviser, DPIIT, Ministry of Commerce and Industry - PRODUCER price index (published alongside the WPI), base 2022-23 = 100. Commodity 'Limestone', published weight 0.14374 of the index basket. Value taken as published, no transformation. Section mapping rationale: limestone is the kiln feed for cement and the raw mineral behind lime mortar.",
IN,PPI,PPI-LIME,"Wholesale/Producer Price Index of Limestone, India",2026-05,2022,100.0,INR,120.0,Concrete;Masonry,https://eaindustry.nic.in/download_data_2223.asp,false,"REAL DATA. Office of the Economic Adviser, DPIIT, Ministry of Commerce and Industry - PRODUCER price index (published alongside the WPI), base 2022-23 = 100. Commodity 'Limestone', published weight 0.14374 of the index basket. Value taken as published, no transformation. Section mapping rationale: limestone is the kiln feed for cement and the raw mineral behind lime mortar.",
IN,PPI,PPI-LIME,"Wholesale/Producer Price Index of Limestone, India",2026-06,2022,100.0,INR,117.3,Concrete;Masonry,https://eaindustry.nic.in/download_data_2223.asp,false,"REAL DATA. Office of the Economic Adviser, DPIIT, Ministry of Commerce and Industry - PRODUCER price index (published alongside the WPI), base 2022-23 = 100. Commodity 'Limestone', published weight 0.14374 of the index basket. Value taken as published, no transformation. Section mapping rationale: limestone is the kiln feed for cement and the raw mineral behind lime mortar.",
IN,PPI,PPI-LIME,"Wholesale/Producer Price Index of Limestone, India",2026-07,2022,100.0,INR,127.6,Concrete;Masonry,https://eaindustry.nic.in/download_data_2223.asp,false,"REAL DATA. Office of the Economic Adviser, DPIIT, Ministry of Commerce and Industry - PRODUCER price index (published alongside the WPI), base 2022-23 = 100. Commodity 'Limestone', published weight 0.14374 of the index basket. Value taken as published, no transformation. Section mapping rationale: limestone is the kiln feed for cement and the raw mineral behind lime mortar.",
IN,PPI,PPI-ELECIND,"Wholesale/Producer Price Index of Electrical Industrial Machinery, India",2023-04,2022,100.0,INR,99.7,M&E Containment,https://eaindustry.nic.in/download_data_2223.asp,false,"REAL DATA. Office of the Economic Adviser, DPIIT, Ministry of Commerce and Industry - PRODUCER price index (published alongside the WPI), base 2022-23 = 100. Commodity 'Electrical Industrial Machinery', published weight 1.18549 of the index basket. Value taken as published, no transformation. Section mapping rationale: motors, switchgear and distribution boards sit in this basket, not in cables.",
IN,PPI,PPI-ELECIND,"Wholesale/Producer Price Index of Electrical Industrial Machinery, India",2023-05,2022,100.0,INR,99.6,M&E Containment,https://eaindustry.nic.in/download_data_2223.asp,false,"REAL DATA. Office of the Economic Adviser, DPIIT, Ministry of Commerce and Industry - PRODUCER price index (published alongside the WPI), base 2022-23 = 100. Commodity 'Electrical Industrial Machinery', published weight 1.18549 of the index basket. Value taken as published, no transformation. Section mapping rationale: motors, switchgear and distribution boards sit in this basket, not in cables.",
IN,PPI,PPI-ELECIND,"Wholesale/Producer Price Index of Electrical Industrial Machinery, India",2023-06,2022,100.0,INR,98.6,M&E Containment,https://eaindustry.nic.in/download_data_2223.asp,false,"REAL DATA. Office of the Economic Adviser, DPIIT, Ministry of Commerce and Industry - PRODUCER price index (published alongside the WPI), base 2022-23 = 100. Commodity 'Electrical Industrial Machinery', published weight 1.18549 of the index basket. Value taken as published, no transformation. Section mapping rationale: motors, switchgear and distribution boards sit in this basket, not in cables.",
IN,PPI,PPI-ELECIND,"Wholesale/Producer Price Index of Electrical Industrial Machinery, India",2023-07,2022,100.0,INR,98.5,M&E Containment,https://eaindustry.nic.in/download_data_2223.asp,false,"REAL DATA. Office of the Economic Adviser, DPIIT, Ministry of Commerce and Industry - PRODUCER price index (published alongside the WPI), base 2022-23 = 100. Commodity 'Electrical Industrial Machinery', published weight 1.18549 of the index basket. Value taken as published, no transformation. Section mapping rationale: motors, switchgear and distribution boards sit in this basket, not in cables.",
IN,PPI,PPI-ELECIND,"Wholesale/Producer Price Index of Electrical Industrial Machinery, India",2023-08,2022,100.0,INR,98.2,M&E Containment,https://eaindustry.nic.in/download_data_2223.asp,false,"REAL DATA. Office of the Economic Adviser, DPIIT, Ministry of Commerce and Industry - PRODUCER price index (published alongside the WPI), base 2022-23 = 100. Commodity 'Electrical Industrial Machinery', published weight 1.18549 of the index basket. Value taken as published, no transformation. Section mapping rationale: motors, switchgear and distribution boards sit in this basket, not in cables.",
IN,PPI,PPI-ELECIND,"Wholesale/Producer Price Index of Electrical Industrial Machinery, India",2023-09,2022,100.0,INR,96.7,M&E Containment,https://eaindustry.nic.in/download_data_2223.asp,false,"REAL DATA. Office of the Economic Adviser, DPIIT, Ministry of Commerce and Industry - PRODUCER price index (published alongside the WPI), base 2022-23 = 100. Commodity 'Electrical Industrial Machinery', published weight 1.18549 of the index basket. Value taken as published, no transformation. Section mapping rationale: motors, switchgear and distribution boards sit in this basket, not in cables.",
IN,PPI,PPI-ELECIND,"Wholesale/Producer Price Index of Electrical Industrial Machinery, India",2023-10,2022,100.0,INR,96.5,M&E Containment,https://eaindustry.nic.in/download_data_2223.asp,false,"REAL DATA. Office of the Economic Adviser, DPIIT, Ministry of Commerce and Industry - PRODUCER price index (published alongside the WPI), base 2022-23 = 100. Commodity 'Electrical Industrial Machinery', published weight 1.18549 of the index basket. Value taken as published, no transformation. Section mapping rationale: motors, switchgear and distribution boards sit in this basket, not in cables.",
IN,PPI,PPI-ELECIND,"Wholesale/Producer Price Index of Electrical Industrial Machinery, India",2023-11,2022,100.0,INR,97.2,M&E Containment,https://eaindustry.nic.in/download_data_2223.asp,false,"REAL DATA. Office of the Economic Adviser, DPIIT, Ministry of Commerce and Industry - PRODUCER price index (published alongside the WPI), base 2022-23 = 100. Commodity 'Electrical Industrial Machinery', published weight 1.18549 of the index basket. Value taken as published, no transformation. Section mapping rationale: motors, switchgear and distribution boards sit in this basket, not in cables.",
IN,PPI,PPI-ELECIND,"Wholesale/Producer Price Index of Electrical Industrial Machinery, India",2023-12,2022,100.0,INR,97.2,M&E Containment,https://eaindustry.nic.in/download_data_2223.asp,false,"REAL DATA. Office of the Economic Adviser, DPIIT, Ministry of Commerce and Industry - PRODUCER price index (published alongside the WPI), base 2022-23 = 100. Commodity 'Electrical Industrial Machinery', published weight 1.18549 of the index basket. Value taken as published, no transformation. Section mapping rationale: motors, switchgear and distribution boards sit in this basket, not in cables.",
IN,PPI,PPI-ELECIND,"Wholesale/Producer Price Index of Electrical Industrial Machinery, India",2024-01,2022,100.0,INR,96.9,M&E Containment,https://eaindustry.nic.in/download_data_2223.asp,false,"REAL DATA. Office of the Economic Adviser, DPIIT, Ministry of Commerce and Industry - PRODUCER price index (published alongside the WPI), base 2022-23 = 100. Commodity 'Electrical Industrial Machinery', published weight 1.18549 of the index basket. Value taken as published, no transformation. Section mapping rationale: motors, switchgear and distribution boards sit in this basket, not in cables.",
IN,PPI,PPI-ELECIND,"Wholesale/Producer Price Index of Electrical Industrial Machinery, India",2024-02,2022,100.0,INR,96.9,M&E Containment,https://eaindustry.nic.in/download_data_2223.asp,false,"REAL DATA. Office of the Economic Adviser, DPIIT, Ministry of Commerce and Industry - PRODUCER price index (published alongside the WPI), base 2022-23 = 100. Commodity 'Electrical Industrial Machinery', published weight 1.18549 of the index basket. Value taken as published, no transformation. Section mapping rationale: motors, switchgear and distribution boards sit in this basket, not in cables.",
IN,PPI,PPI-ELECIND,"Wholesale/Producer Price Index of Electrical Industrial Machinery, India",2024-03,2022,100.0,INR,98.3,M&E Containment,https://eaindustry.nic.in/download_data_2223.asp,false,"REAL DATA. Office of the Economic Adviser, DPIIT, Ministry of Commerce and Industry - PRODUCER price index (published alongside the WPI), base 2022-23 = 100. Commodity 'Electrical Industrial Machinery', published weight 1.18549 of the index basket. Value taken as published, no transformation. Section mapping rationale: motors, switchgear and distribution boards sit in this basket, not in cables.",
IN,PPI,PPI-ELECIND,"Wholesale/Producer Price Index of Electrical Industrial Machinery, India",2024-04,2022,100.0,INR,98.4,M&E Containment,https://eaindustry.nic.in/download_data_2223.asp,false,"REAL DATA. Office of the Economic Adviser, DPIIT, Ministry of Commerce and Industry - PRODUCER price index (published alongside the WPI), base 2022-23 = 100. Commodity 'Electrical Industrial Machinery', published weight 1.18549 of the index basket. Value taken as published, no transformation. Section mapping rationale: motors, switchgear and distribution boards sit in this basket, not in cables.",
IN,PPI,PPI-ELECIND,"Wholesale/Producer Price Index of Electrical Industrial Machinery, India",2024-05,2022,100.0,INR,98.3,M&E Containment,https://eaindustry.nic.in/download_data_2223.asp,false,"REAL DATA. Office of the Economic Adviser, DPIIT, Ministry of Commerce and Industry - PRODUCER price index (published alongside the WPI), base 2022-23 = 100. Commodity 'Electrical Industrial Machinery', published weight 1.18549 of the index basket. Value taken as published, no transformation. Section mapping rationale: motors, switchgear and distribution boards sit in this basket, not in cables.",
IN,PPI,PPI-ELECIND,"Wholesale/Producer Price Index of Electrical Industrial Machinery, India",2024-06,2022,100.0,INR,98.5,M&E Containment,https://eaindustry.nic.in/download_data_2223.asp,false,"REAL DATA. Office of the Economic Adviser, DPIIT, Ministry of Commerce and Industry - PRODUCER price index (published alongside the WPI), base 2022-23 = 100. Commodity 'Electrical Industrial Machinery', published weight 1.18549 of the index basket. Value taken as published, no transformation. Section mapping rationale: motors, switchgear and distribution boards sit in this basket, not in cables.",
IN,PPI,PPI-ELECIND,"Wholesale/Producer Price Index of Electrical Industrial Machinery, India",2024-07,2022,100.0,INR,98.9,M&E Containment,https://eaindustry.nic.in/download_data_2223.asp,false,"REAL DATA. Office of the Economic Adviser, DPIIT, Ministry of Commerce and Industry - PRODUCER price index (published alongside the WPI), base 2022-23 = 100. Commodity 'Electrical Industrial Machinery', published weight 1.18549 of the index basket. Value taken as published, no transformation. Section mapping rationale: motors, switchgear and distribution boards sit in this basket, not in cables.",
IN,PPI,PPI-ELECIND,"Wholesale/Producer Price Index of Electrical Industrial Machinery, India",2024-08,2022,100.0,INR,98.8,M&E Containment,https://eaindustry.nic.in/download_data_2223.asp,false,"REAL DATA. Office of the Economic Adviser, DPIIT, Ministry of Commerce and Industry - PRODUCER price index (published alongside the WPI), base 2022-23 = 100. Commodity 'Electrical Industrial Machinery', published weight 1.18549 of the index basket. Value taken as published, no transformation. Section mapping rationale: motors, switchgear and distribution boards sit in this basket, not in cables.",
IN,PPI,PPI-ELECIND,"Wholesale/Producer Price Index of Electrical Industrial Machinery, India",2024-09,2022,100.0,INR,98.6,M&E Containment,https://eaindustry.nic.in/download_data_2223.asp,false,"REAL DATA. Office of the Economic Adviser, DPIIT, Ministry of Commerce and Industry - PRODUCER price index (published alongside the WPI), base 2022-23 = 100. Commodity 'Electrical Industrial Machinery', published weight 1.18549 of the index basket. Value taken as published, no transformation. Section mapping rationale: motors, switchgear and distribution boards sit in this basket, not in cables.",
IN,PPI,PPI-ELECIND,"Wholesale/Producer Price Index of Electrical Industrial Machinery, India",2024-10,2022,100.0,INR,98.7,M&E Containment,https://eaindustry.nic.in/download_data_2223.asp,false,"REAL DATA. Office of the Economic Adviser, DPIIT, Ministry of Commerce and Industry - PRODUCER price index (published alongside the WPI), base 2022-23 = 100. Commodity 'Electrical Industrial Machinery', published weight 1.18549 of the index basket. Value taken as published, no transformation. Section mapping rationale: motors, switchgear and distribution boards sit in this basket, not in cables.",
IN,PPI,PPI-ELECIND,"Wholesale/Producer Price Index of Electrical Industrial Machinery, India",2024-11,2022,100.0,INR,98.5,M&E Containment,https://eaindustry.nic.in/download_data_2223.asp,false,"REAL DATA. Office of the Economic Adviser, DPIIT, Ministry of Commerce and Industry - PRODUCER price index (published alongside the WPI), base 2022-23 = 100. Commodity 'Electrical Industrial Machinery', published weight 1.18549 of the index basket. Value taken as published, no transformation. Section mapping rationale: motors, switchgear and distribution boards sit in this basket, not in cables.",
IN,PPI,PPI-ELECIND,"Wholesale/Producer Price Index of Electrical Industrial Machinery, India",2024-12,2022,100.0,INR,98.6,M&E Containment,https://eaindustry.nic.in/download_data_2223.asp,false,"REAL DATA. Office of the Economic Adviser, DPIIT, Ministry of Commerce and Industry - PRODUCER price index (published alongside the WPI), base 2022-23 = 100. Commodity 'Electrical Industrial Machinery', published weight 1.18549 of the index basket. Value taken as published, no transformation. Section mapping rationale: motors, switchgear and distribution boards sit in this basket, not in cables.",
IN,PPI,PPI-ELECIND,"Wholesale/Producer Price Index of Electrical Industrial Machinery, India",2025-01,2022,100.0,INR,98.9,M&E Containment,https://eaindustry.nic.in/download_data_2223.asp,false,"REAL DATA. Office of the Economic Adviser, DPIIT, Ministry of Commerce and Industry - PRODUCER price index (published alongside the WPI), base 2022-23 = 100. Commodity 'Electrical Industrial Machinery', published weight 1.18549 of the index basket. Value taken as published, no transformation. Section mapping rationale: motors, switchgear and distribution boards sit in this basket, not in cables.",
IN,PPI,PPI-ELECIND,"Wholesale/Producer Price Index of Electrical Industrial Machinery, India",2025-02,2022,100.0,INR,99.1,M&E Containment,https://eaindustry.nic.in/download_data_2223.asp,false,"REAL DATA. Office of the Economic Adviser, DPIIT, Ministry of Commerce and Industry - PRODUCER price index (published alongside the WPI), base 2022-23 = 100. Commodity 'Electrical Industrial Machinery', published weight 1.18549 of the index basket. Value taken as published, no transformation. Section mapping rationale: motors, switchgear and distribution boards sit in this basket, not in cables.",
IN,PPI,PPI-ELECIND,"Wholesale/Producer Price Index of Electrical Industrial Machinery, India",2025-03,2022,100.0,INR,99.4,M&E Containment,https://eaindustry.nic.in/download_data_2223.asp,false,"REAL DATA. Office of the Economic Adviser, DPIIT, Ministry of Commerce and Industry - PRODUCER price index (published alongside the WPI), base 2022-23 = 100. Commodity 'Electrical Industrial Machinery', published weight 1.18549 of the index basket. Value taken as published, no transformation. Section mapping rationale: motors, switchgear and distribution boards sit in this basket, not in cables.",
IN,PPI,PPI-ELECIND,"Wholesale/Producer Price Index of Electrical Industrial Machinery, India",2025-04,2022,100.0,INR,99.9,M&E Containment,https://eaindustry.nic.in/download_data_2223.asp,false,"REAL DATA. Office of the Economic Adviser, DPIIT, Ministry of Commerce and Industry - PRODUCER price index (published alongside the WPI), base 2022-23 = 100. Commodity 'Electrical Industrial Machinery', published weight 1.18549 of the index basket. Value taken as published, no transformation. Section mapping rationale: motors, switchgear and distribution boards sit in this basket, not in cables.",
IN,PPI,PPI-ELECIND,"Wholesale/Producer Price Index of Electrical Industrial Machinery, India",2025-05,2022,100.0,INR,99.8,M&E Containment,https://eaindustry.nic.in/download_data_2223.asp,false,"REAL DATA. Office of the Economic Adviser, DPIIT, Ministry of Commerce and Industry - PRODUCER price index (published alongside the WPI), base 2022-23 = 100. Commodity 'Electrical Industrial Machinery', published weight 1.18549 of the index basket. Value taken as published, no transformation. Section mapping rationale: motors, switchgear and distribution boards sit in this basket, not in cables.",
IN,PPI,PPI-ELECIND,"Wholesale/Producer Price Index of Electrical Industrial Machinery, India",2025-06,2022,100.0,INR,100.0,M&E Containment,https://eaindustry.nic.in/download_data_2223.asp,false,"REAL DATA. Office of the Economic Adviser, DPIIT, Ministry of Commerce and Industry - PRODUCER price index (published alongside the WPI), base 2022-23 = 100. Commodity 'Electrical Industrial Machinery', published weight 1.18549 of the index basket. Value taken as published, no transformation. Section mapping rationale: motors, switchgear and distribution boards sit in this basket, not in cables.",
IN,PPI,PPI-ELECIND,"Wholesale/Producer Price Index of Electrical Industrial Machinery, India",2025-07,2022,100.0,INR,100.2,M&E Containment,https://eaindustry.nic.in/download_data_2223.asp,false,"REAL DATA. Office of the Economic Adviser, DPIIT, Ministry of Commerce and Industry - PRODUCER price index (published alongside the WPI), base 2022-23 = 100. Commodity 'Electrical Industrial Machinery', published weight 1.18549 of the index basket. Value taken as published, no transformation. Section mapping rationale: motors, switchgear and distribution boards sit in this basket, not in cables.",
IN,PPI,PPI-ELECIND,"Wholesale/Producer Price Index of Electrical Industrial Machinery, India",2025-08,2022,100.0,INR,100.3,M&E Containment,https://eaindustry.nic.in/download_data_2223.asp,false,"REAL DATA. Office of the Economic Adviser, DPIIT, Ministry of Commerce and Industry - PRODUCER price index (published alongside the WPI), base 2022-23 = 100. Commodity 'Electrical Industrial Machinery', published weight 1.18549 of the index basket. Value taken as published, no transformation. Section mapping rationale: motors, switchgear and distribution boards sit in this basket, not in cables.",
IN,PPI,PPI-ELECIND,"Wholesale/Producer Price Index of Electrical Industrial Machinery, India",2025-09,2022,100.0,INR,100.6,M&E Containment,https://eaindustry.nic.in/download_data_2223.asp,false,"REAL DATA. Office of the Economic Adviser, DPIIT, Ministry of Commerce and Industry - PRODUCER price index (published alongside the WPI), base 2022-23 = 100. Commodity 'Electrical Industrial Machinery', published weight 1.18549 of the index basket. Value taken as published, no transformation. Section mapping rationale: motors, switchgear and distribution boards sit in this basket, not in cables.",
IN,PPI,PPI-ELECIND,"Wholesale/Producer Price Index of Electrical Industrial Machinery, India",2025-10,2022,100.0,INR,100.6,M&E Containment,https://eaindustry.nic.in/download_data_2223.asp,false,"REAL DATA. Office of the Economic Adviser, DPIIT, Ministry of Commerce and Industry - PRODUCER price index (published alongside the WPI), base 2022-23 = 100. Commodity 'Electrical Industrial Machinery', published weight 1.18549 of the index basket. Value taken as published, no transformation. Section mapping rationale: motors, switchgear and distribution boards sit in this basket, not in cables.",
IN,PPI,PPI-ELECIND,"Wholesale/Producer Price Index of Electrical Industrial Machinery, India",2025-11,2022,100.0,INR,100.8,M&E Containment,https://eaindustry.nic.in/download_data_2223.asp,false,"REAL DATA. Office of the Economic Adviser, DPIIT, Ministry of Commerce and Industry - PRODUCER price index (published alongside the WPI), base 2022-23 = 100. Commodity 'Electrical Industrial Machinery', published weight 1.18549 of the index basket. Value taken as published, no transformation. Section mapping rationale: motors, switchgear and distribution boards sit in this basket, not in cables.",
IN,PPI,PPI-ELECIND,"Wholesale/Producer Price Index of Electrical Industrial Machinery, India",2025-12,2022,100.0,INR,101.1,M&E Containment,https://eaindustry.nic.in/download_data_2223.asp,false,"REAL DATA. Office of the Economic Adviser, DPIIT, Ministry of Commerce and Industry - PRODUCER price index (published alongside the WPI), base 2022-23 = 100. Commodity 'Electrical Industrial Machinery', published weight 1.18549 of the index basket. Value taken as published, no transformation. Section mapping rationale: motors, switchgear and distribution boards sit in this basket, not in cables.",
IN,PPI,PPI-ELECIND,"Wholesale/Producer Price Index of Electrical Industrial Machinery, India",2026-01,2022,100.0,INR,100.4,M&E Containment,https://eaindustry.nic.in/download_data_2223.asp,false,"REAL DATA. Office of the Economic Adviser, DPIIT, Ministry of Commerce and Industry - PRODUCER price index (published alongside the WPI), base 2022-23 = 100. Commodity 'Electrical Industrial Machinery', published weight 1.18549 of the index basket. Value taken as published, no transformation. Section mapping rationale: motors, switchgear and distribution boards sit in this basket, not in cables.",
IN,PPI,PPI-ELECIND,"Wholesale/Producer Price Index of Electrical Industrial Machinery, India",2026-02,2022,100.0,INR,100.4,M&E Containment,https://eaindustry.nic.in/download_data_2223.asp,false,"REAL DATA. Office of the Economic Adviser, DPIIT, Ministry of Commerce and Industry - PRODUCER price index (published alongside the WPI), base 2022-23 = 100. Commodity 'Electrical Industrial Machinery', published weight 1.18549 of the index basket. Value taken as published, no transformation. Section mapping rationale: motors, switchgear and distribution boards sit in this basket, not in cables.",
IN,PPI,PPI-ELECIND,"Wholesale/Producer Price Index of Electrical Industrial Machinery, India",2026-03,2022,100.0,INR,100.6,M&E Containment,https://eaindustry.nic.in/download_data_2223.asp,false,"REAL DATA. Office of the Economic Adviser, DPIIT, Ministry of Commerce and Industry - PRODUCER price index (published alongside the WPI), base 2022-23 = 100. Commodity 'Electrical Industrial Machinery', published weight 1.18549 of the index basket. Value taken as published, no transformation. Section mapping rationale: motors, switchgear and distribution boards sit in this basket, not in cables.",
IN,PPI,PPI-ELECIND,"Wholesale/Producer Price Index of Electrical Industrial Machinery, India",2026-04,2022,100.0,INR,102.0,M&E Containment,https://eaindustry.nic.in/download_data_2223.asp,false,"REAL DATA. Office of the Economic Adviser, DPIIT, Ministry of Commerce and Industry - PRODUCER price index (published alongside the WPI), base 2022-23 = 100. Commodity 'Electrical Industrial Machinery', published weight 1.18549 of the index basket. Value taken as published, no transformation. Section mapping rationale: motors, switchgear and distribution boards sit in this basket, not in cables.",
IN,PPI,PPI-ELECIND,"Wholesale/Producer Price Index of Electrical Industrial Machinery, India",2026-05,2022,100.0,INR,103.3,M&E Containment,https://eaindustry.nic.in/download_data_2223.asp,false,"REAL DATA. Office of the Economic Adviser, DPIIT, Ministry of Commerce and Industry - PRODUCER price index (published alongside the WPI), base 2022-23 = 100. Commodity 'Electrical Industrial Machinery', published weight 1.18549 of the index basket. Value taken as published, no transformation. Section mapping rationale: motors, switchgear and distribution boards sit in this basket, not in cables.",
IN,PPI,PPI-ELECIND,"Wholesale/Producer Price Index of Electrical Industrial Machinery, India",2026-06,2022,100.0,INR,103.9,M&E Containment,https://eaindustry.nic.in/download_data_2223.asp,false,"REAL DATA. Office of the Economic Adviser, DPIIT, Ministry of Commerce and Industry - PRODUCER price index (published alongside the WPI), base 2022-23 = 100. Commodity 'Electrical Industrial Machinery', published weight 1.18549 of the index basket. Value taken as published, no transformation. Section mapping rationale: motors, switchgear and distribution boards sit in this basket, not in cables.",
IN,PPI,PPI-ELECIND,"Wholesale/Producer Price Index of Electrical Industrial Machinery, India",2026-07,2022,100.0,INR,104.6,M&E Containment,https://eaindustry.nic.in/download_data_2223.asp,false,"REAL DATA. Office of the Economic Adviser, DPIIT, Ministry of Commerce and Industry - PRODUCER price index (published alongside the WPI), base 2022-23 = 100. Commodity 'Electrical Industrial Machinery', published weight 1.18549 of the index basket. Value taken as published, no transformation. Section mapping rationale: motors, switchgear and distribution boards sit in this basket, not in cables.",
IN,PPI,PPI-ELECOTH,"Wholesale/Producer Price Index of Other Electrical Machinery, India",2023-04,2022,100.0,INR,100.8,M&E Containment,https://eaindustry.nic.in/download_data_2223.asp,false,"REAL DATA. Office of the Economic Adviser, DPIIT, Ministry of Commerce and Industry - PRODUCER price index (published alongside the WPI), base 2022-23 = 100. Commodity 'Other Electrical Machinery', published weight 0.85762 of the index basket. Value taken as published, no transformation. Section mapping rationale: the residual electrical equipment basket: luminaires, wiring accessories, containment.",
IN,PPI,PPI-ELECOTH,"Wholesale/Producer Price Index of Other Electrical Machinery, India",2023-05,2022,100.0,INR,101.6,M&E Containment,https://eaindustry.nic.in/download_data_2223.asp,false,"REAL DATA. Office of the Economic Adviser, DPIIT, Ministry of Commerce and Industry - PRODUCER price index (published alongside the WPI), base 2022-23 = 100. Commodity 'Other Electrical Machinery', published weight 0.85762 of the index basket. Value taken as published, no transformation. Section mapping rationale: the residual electrical equipment basket: luminaires, wiring accessories, containment.",
IN,PPI,PPI-ELECOTH,"Wholesale/Producer Price Index of Other Electrical Machinery, India",2023-06,2022,100.0,INR,101.0,M&E Containment,https://eaindustry.nic.in/download_data_2223.asp,false,"REAL DATA. Office of the Economic Adviser, DPIIT, Ministry of Commerce and Industry - PRODUCER price index (published alongside the WPI), base 2022-23 = 100. Commodity 'Other Electrical Machinery', published weight 0.85762 of the index basket. Value taken as published, no transformation. Section mapping rationale: the residual electrical equipment basket: luminaires, wiring accessories, containment.",
IN,PPI,PPI-ELECOTH,"Wholesale/Producer Price Index of Other Electrical Machinery, India",2023-07,2022,100.0,INR,101.8,M&E Containment,https://eaindustry.nic.in/download_data_2223.asp,false,"REAL DATA. Office of the Economic Adviser, DPIIT, Ministry of Commerce and Industry - PRODUCER price index (published alongside the WPI), base 2022-23 = 100. Commodity 'Other Electrical Machinery', published weight 0.85762 of the index basket. Value taken as published, no transformation. Section mapping rationale: the residual electrical equipment basket: luminaires, wiring accessories, containment.",
IN,PPI,PPI-ELECOTH,"Wholesale/Producer Price Index of Other Electrical Machinery, India",2023-08,2022,100.0,INR,102.2,M&E Containment,https://eaindustry.nic.in/download_data_2223.asp,false,"REAL DATA. Office of the Economic Adviser, DPIIT, Ministry of Commerce and Industry - PRODUCER price index (published alongside the WPI), base 2022-23 = 100. Commodity 'Other Electrical Machinery', published weight 0.85762 of the index basket. Value taken as published, no transformation. Section mapping rationale: the residual electrical equipment basket: luminaires, wiring accessories, containment.",
IN,PPI,PPI-ELECOTH,"Wholesale/Producer Price Index of Other Electrical Machinery, India",2023-09,2022,100.0,INR,102.2,M&E Containment,https://eaindustry.nic.in/download_data_2223.asp,false,"REAL DATA. Office of the Economic Adviser, DPIIT, Ministry of Commerce and Industry - PRODUCER price index (published alongside the WPI), base 2022-23 = 100. Commodity 'Other Electrical Machinery', published weight 0.85762 of the index basket. Value taken as published, no transformation. Section mapping rationale: the residual electrical equipment basket: luminaires, wiring accessories, containment.",
IN,PPI,PPI-ELECOTH,"Wholesale/Producer Price Index of Other Electrical Machinery, India",2023-10,2022,100.0,INR,101.3,M&E Containment,https://eaindustry.nic.in/download_data_2223.asp,false,"REAL DATA. Office of the Economic Adviser, DPIIT, Ministry of Commerce and Industry - PRODUCER price index (published alongside the WPI), base 2022-23 = 100. Commodity 'Other Electrical Machinery', published weight 0.85762 of the index basket. Value taken as published, no transformation. Section mapping rationale: the residual electrical equipment basket: luminaires, wiring accessories, containment.",
IN,PPI,PPI-ELECOTH,"Wholesale/Producer Price Index of Other Electrical Machinery, India",2023-11,2022,100.0,INR,101.3,M&E Containment,https://eaindustry.nic.in/download_data_2223.asp,false,"REAL DATA. Office of the Economic Adviser, DPIIT, Ministry of Commerce and Industry - PRODUCER price index (published alongside the WPI), base 2022-23 = 100. Commodity 'Other Electrical Machinery', published weight 0.85762 of the index basket. Value taken as published, no transformation. Section mapping rationale: the residual electrical equipment basket: luminaires, wiring accessories, containment.",
IN,PPI,PPI-ELECOTH,"Wholesale/Producer Price Index of Other Electrical Machinery, India",2023-12,2022,100.0,INR,101.9,M&E Containment,https://eaindustry.nic.in/download_data_2223.asp,false,"REAL DATA. Office of the Economic Adviser, DPIIT, Ministry of Commerce and Industry - PRODUCER price index (published alongside the WPI), base 2022-23 = 100. Commodity 'Other Electrical Machinery', published weight 0.85762 of the index basket. Value taken as published, no transformation. Section mapping rationale: the residual electrical equipment basket: luminaires, wiring accessories, containment.",
IN,PPI,PPI-ELECOTH,"Wholesale/Producer Price Index of Other Electrical Machinery, India",2024-01,2022,100.0,INR,102.8,M&E Containment,https://eaindustry.nic.in/download_data_2223.asp,false,"REAL DATA. Office of the Economic Adviser, DPIIT, Ministry of Commerce and Industry - PRODUCER price index (published alongside the WPI), base 2022-23 = 100. Commodity 'Other Electrical Machinery', published weight 0.85762 of the index basket. Value taken as published, no transformation. Section mapping rationale: the residual electrical equipment basket: luminaires, wiring accessories, containment.",
IN,PPI,PPI-ELECOTH,"Wholesale/Producer Price Index of Other Electrical Machinery, India",2024-02,2022,100.0,INR,101.4,M&E Containment,https://eaindustry.nic.in/download_data_2223.asp,false,"REAL DATA. Office of the Economic Adviser, DPIIT, Ministry of Commerce and Industry - PRODUCER price index (published alongside the WPI), base 2022-23 = 100. Commodity 'Other Electrical Machinery', published weight 0.85762 of the index basket. Value taken as published, no transformation. Section mapping rationale: the residual electrical equipment basket: luminaires, wiring accessories, containment.",
IN,PPI,PPI-ELECOTH,"Wholesale/Producer Price Index of Other Electrical Machinery, India",2024-03,2022,100.0,INR,101.5,M&E Containment,https://eaindustry.nic.in/download_data_2223.asp,false,"REAL DATA. Office of the Economic Adviser, DPIIT, Ministry of Commerce and Industry - PRODUCER price index (published alongside the WPI), base 2022-23 = 100. Commodity 'Other Electrical Machinery', published weight 0.85762 of the index basket. Value taken as published, no transformation. Section mapping rationale: the residual electrical equipment basket: luminaires, wiring accessories, containment.",
IN,PPI,PPI-ELECOTH,"Wholesale/Producer Price Index of Other Electrical Machinery, India",2024-04,2022,100.0,INR,101.2,M&E Containment,https://eaindustry.nic.in/download_data_2223.asp,false,"REAL DATA. Office of the Economic Adviser, DPIIT, Ministry of Commerce and Industry - PRODUCER price index (published alongside the WPI), base 2022-23 = 100. Commodity 'Other Electrical Machinery', published weight 0.85762 of the index basket. Value taken as published, no transformation. Section mapping rationale: the residual electrical equipment basket: luminaires, wiring accessories, containment.",
IN,PPI,PPI-ELECOTH,"Wholesale/Producer Price Index of Other Electrical Machinery, India",2024-05,2022,100.0,INR,101.6,M&E Containment,https://eaindustry.nic.in/download_data_2223.asp,false,"REAL DATA. Office of the Economic Adviser, DPIIT, Ministry of Commerce and Industry - PRODUCER price index (published alongside the WPI), base 2022-23 = 100. Commodity 'Other Electrical Machinery', published weight 0.85762 of the index basket. Value taken as published, no transformation. Section mapping rationale: the residual electrical equipment basket: luminaires, wiring accessories, containment.",
IN,PPI,PPI-ELECOTH,"Wholesale/Producer Price Index of Other Electrical Machinery, India",2024-06,2022,100.0,INR,102.0,M&E Containment,https://eaindustry.nic.in/download_data_2223.asp,false,"REAL DATA. Office of the Economic Adviser, DPIIT, Ministry of Commerce and Industry - PRODUCER price index (published alongside the WPI), base 2022-23 = 100. Commodity 'Other Electrical Machinery', published weight 0.85762 of the index basket. Value taken as published, no transformation. Section mapping rationale: the residual electrical equipment basket: luminaires, wiring accessories, containment.",
IN,PPI,PPI-ELECOTH,"Wholesale/Producer Price Index of Other Electrical Machinery, India",2024-07,2022,100.0,INR,103.1,M&E Containment,https://eaindustry.nic.in/download_data_2223.asp,false,"REAL DATA. Office of the Economic Adviser, DPIIT, Ministry of Commerce and Industry - PRODUCER price index (published alongside the WPI), base 2022-23 = 100. Commodity 'Other Electrical Machinery', published weight 0.85762 of the index basket. Value taken as published, no transformation. Section mapping rationale: the residual electrical equipment basket: luminaires, wiring accessories, containment.",
IN,PPI,PPI-ELECOTH,"Wholesale/Producer Price Index of Other Electrical Machinery, India",2024-08,2022,100.0,INR,104.2,M&E Containment,https://eaindustry.nic.in/download_data_2223.asp,false,"REAL DATA. Office of the Economic Adviser, DPIIT, Ministry of Commerce and Industry - PRODUCER price index (published alongside the WPI), base 2022-23 = 100. Commodity 'Other Electrical Machinery', published weight 0.85762 of the index basket. Value taken as published, no transformation. Section mapping rationale: the residual electrical equipment basket: luminaires, wiring accessories, containment.",
IN,PPI,PPI-ELECOTH,"Wholesale/Producer Price Index of Other Electrical Machinery, India",2024-09,2022,100.0,INR,103.0,M&E Containment,https://eaindustry.nic.in/download_data_2223.asp,false,"REAL DATA. Office of the Economic Adviser, DPIIT, Ministry of Commerce and Industry - PRODUCER price index (published alongside the WPI), base 2022-23 = 100. Commodity 'Other Electrical Machinery', published weight 0.85762 of the index basket. Value taken as published, no transformation. Section mapping rationale: the residual electrical equipment basket: luminaires, wiring accessories, containment.",
IN,PPI,PPI-ELECOTH,"Wholesale/Producer Price Index of Other Electrical Machinery, India",2024-10,2022,100.0,INR,103.2,M&E Containment,https://eaindustry.nic.in/download_data_2223.asp,false,"REAL DATA. Office of the Economic Adviser, DPIIT, Ministry of Commerce and Industry - PRODUCER price index (published alongside the WPI), base 2022-23 = 100. Commodity 'Other Electrical Machinery', published weight 0.85762 of the index basket. Value taken as published, no transformation. Section mapping rationale: the residual electrical equipment basket: luminaires, wiring accessories, containment.",
IN,PPI,PPI-ELECOTH,"Wholesale/Producer Price Index of Other Electrical Machinery, India",2024-11,2022,100.0,INR,104.2,M&E Containment,https://eaindustry.nic.in/download_data_2223.asp,false,"REAL DATA. Office of the Economic Adviser, DPIIT, Ministry of Commerce and Industry - PRODUCER price index (published alongside the WPI), base 2022-23 = 100. Commodity 'Other Electrical Machinery', published weight 0.85762 of the index basket. Value taken as published, no transformation. Section mapping rationale: the residual electrical equipment basket: luminaires, wiring accessories, containment.",
IN,PPI,PPI-ELECOTH,"Wholesale/Producer Price Index of Other Electrical Machinery, India",2024-12,2022,100.0,INR,103.9,M&E Containment,https://eaindustry.nic.in/download_data_2223.asp,false,"REAL DATA. Office of the Economic Adviser, DPIIT, Ministry of Commerce and Industry - PRODUCER price index (published alongside the WPI), base 2022-23 = 100. Commodity 'Other Electrical Machinery', published weight 0.85762 of the index basket. Value taken as published, no transformation. Section mapping rationale: the residual electrical equipment basket: luminaires, wiring accessories, containment.",
IN,PPI,PPI-ELECOTH,"Wholesale/Producer Price Index of Other Electrical Machinery, India",2025-01,2022,100.0,INR,103.5,M&E Containment,https://eaindustry.nic.in/download_data_2223.asp,false,"REAL DATA. Office of the Economic Adviser, DPIIT, Ministry of Commerce and Industry - PRODUCER price index (published alongside the WPI), base 2022-23 = 100. Commodity 'Other Electrical Machinery', published weight 0.85762 of the index basket. Value taken as published, no transformation. Section mapping rationale: the residual electrical equipment basket: luminaires, wiring accessories, containment.",
IN,PPI,PPI-ELECOTH,"Wholesale/Producer Price Index of Other Electrical Machinery, India",2025-02,2022,100.0,INR,104.0,M&E Containment,https://eaindustry.nic.in/download_data_2223.asp,false,"REAL DATA. Office of the Economic Adviser, DPIIT, Ministry of Commerce and Industry - PRODUCER price index (published alongside the WPI), base 2022-23 = 100. Commodity 'Other Electrical Machinery', published weight 0.85762 of the index basket. Value taken as published, no transformation. Section mapping rationale: the residual electrical equipment basket: luminaires, wiring accessories, containment.",
IN,PPI,PPI-ELECOTH,"Wholesale/Producer Price Index of Other Electrical Machinery, India",2025-03,2022,100.0,INR,103.9,M&E Containment,https://eaindustry.nic.in/download_data_2223.asp,false,"REAL DATA. Office of the Economic Adviser, DPIIT, Ministry of Commerce and Industry - PRODUCER price index (published alongside the WPI), base 2022-23 = 100. Commodity 'Other Electrical Machinery', published weight 0.85762 of the index basket. Value taken as published, no transformation. Section mapping rationale: the residual electrical equipment basket: luminaires, wiring accessories, containment.",
IN,PPI,PPI-ELECOTH,"Wholesale/Producer Price Index of Other Electrical Machinery, India",2025-04,2022,100.0,INR,104.7,M&E Containment,https://eaindustry.nic.in/download_data_2223.asp,false,"REAL DATA. Office of the Economic Adviser, DPIIT, Ministry of Commerce and Industry - PRODUCER price index (published alongside the WPI), base 2022-23 = 100. Commodity 'Other Electrical Machinery', published weight 0.85762 of the index basket. Value taken as published, no transformation. Section mapping rationale: the residual electrical equipment basket: luminaires, wiring accessories, containment.",
IN,PPI,PPI-ELECOTH,"Wholesale/Producer Price Index of Other Electrical Machinery, India",2025-05,2022,100.0,INR,103.1,M&E Containment,https://eaindustry.nic.in/download_data_2223.asp,false,"REAL DATA. Office of the Economic Adviser, DPIIT, Ministry of Commerce and Industry - PRODUCER price index (published alongside the WPI), base 2022-23 = 100. Commodity 'Other Electrical Machinery', published weight 0.85762 of the index basket. Value taken as published, no transformation. Section mapping rationale: the residual electrical equipment basket: luminaires, wiring accessories, containment.",
IN,PPI,PPI-ELECOTH,"Wholesale/Producer Price Index of Other Electrical Machinery, India",2025-06,2022,100.0,INR,104.9,M&E Containment,https://eaindustry.nic.in/download_data_2223.asp,false,"REAL DATA. Office of the Economic Adviser, DPIIT, Ministry of Commerce and Industry - PRODUCER price index (published alongside the WPI), base 2022-23 = 100. Commodity 'Other Electrical Machinery', published weight 0.85762 of the index basket. Value taken as published, no transformation. Section mapping rationale: the residual electrical equipment basket: luminaires, wiring accessories, containment.",
IN,PPI,PPI-ELECOTH,"Wholesale/Producer Price Index of Other Electrical Machinery, India",2025-07,2022,100.0,INR,104.6,M&E Containment,https://eaindustry.nic.in/download_data_2223.asp,false,"REAL DATA. Office of the Economic Adviser, DPIIT, Ministry of Commerce and Industry - PRODUCER price index (published alongside the WPI), base 2022-23 = 100. Commodity 'Other Electrical Machinery', published weight 0.85762 of the index basket. Value taken as published, no transformation. Section mapping rationale: the residual electrical equipment basket: luminaires, wiring accessories, containment.",
IN,PPI,PPI-ELECOTH,"Wholesale/Producer Price Index of Other Electrical Machinery, India",2025-08,2022,100.0,INR,105.1,M&E Containment,https://eaindustry.nic.in/download_data_2223.asp,false,"REAL DATA. Office of the Economic Adviser, DPIIT, Ministry of Commerce and Industry - PRODUCER price index (published alongside the WPI), base 2022-23 = 100. Commodity 'Other Electrical Machinery', published weight 0.85762 of the index basket. Value taken as published, no transformation. Section mapping rationale: the residual electrical equipment basket: luminaires, wiring accessories, containment.",
IN,PPI,PPI-ELECOTH,"Wholesale/Producer Price Index of Other Electrical Machinery, India",2025-09,2022,100.0,INR,105.4,M&E Containment,https://eaindustry.nic.in/download_data_2223.asp,false,"REAL DATA. Office of the Economic Adviser, DPIIT, Ministry of Commerce and Industry - PRODUCER price index (published alongside the WPI), base 2022-23 = 100. Commodity 'Other Electrical Machinery', published weight 0.85762 of the index basket. Value taken as published, no transformation. Section mapping rationale: the residual electrical equipment basket: luminaires, wiring accessories, containment.",
IN,PPI,PPI-ELECOTH,"Wholesale/Producer Price Index of Other Electrical Machinery, India",2025-10,2022,100.0,INR,105.8,M&E Containment,https://eaindustry.nic.in/download_data_2223.asp,false,"REAL DATA. Office of the Economic Adviser, DPIIT, Ministry of Commerce and Industry - PRODUCER price index (published alongside the WPI), base 2022-23 = 100. Commodity 'Other Electrical Machinery', published weight 0.85762 of the index basket. Value taken as published, no transformation. Section mapping rationale: the residual electrical equipment basket: luminaires, wiring accessories, containment.",
IN,PPI,PPI-ELECOTH,"Wholesale/Producer Price Index of Other Electrical Machinery, India",2025-11,2022,100.0,INR,107.1,M&E Containment,https://eaindustry.nic.in/download_data_2223.asp,false,"REAL DATA. Office of the Economic Adviser, DPIIT, Ministry of Commerce and Industry - PRODUCER price index (published alongside the WPI), base 2022-23 = 100. Commodity 'Other Electrical Machinery', published weight 0.85762 of the index basket. Value taken as published, no transformation. Section mapping rationale: the residual electrical equipment basket: luminaires, wiring accessories, containment.",
IN,PPI,PPI-ELECOTH,"Wholesale/Producer Price Index of Other Electrical Machinery, India",2025-12,2022,100.0,INR,106.6,M&E Containment,https://eaindustry.nic.in/download_data_2223.asp,false,"REAL DATA. Office of the Economic Adviser, DPIIT, Ministry of Commerce and Industry - PRODUCER price index (published alongside the WPI), base 2022-23 = 100. Commodity 'Other Electrical Machinery', published weight 0.85762 of the index basket. Value taken as published, no transformation. Section mapping rationale: the residual electrical equipment basket: luminaires, wiring accessories, containment.",
IN,PPI,PPI-ELECOTH,"Wholesale/Producer Price Index of Other Electrical Machinery, India",2026-01,2022,100.0,INR,107.0,M&E Containment,https://eaindustry.nic.in/download_data_2223.asp,false,"REAL DATA. Office of the Economic Adviser, DPIIT, Ministry of Commerce and Industry - PRODUCER price index (published alongside the WPI), base 2022-23 = 100. Commodity 'Other Electrical Machinery', published weight 0.85762 of the index basket. Value taken as published, no transformation. Section mapping rationale: the residual electrical equipment basket: luminaires, wiring accessories, containment.",
IN,PPI,PPI-ELECOTH,"Wholesale/Producer Price Index of Other Electrical Machinery, India",2026-02,2022,100.0,INR,108.1,M&E Containment,https://eaindustry.nic.in/download_data_2223.asp,false,"REAL DATA. Office of the Economic Adviser, DPIIT, Ministry of Commerce and Industry - PRODUCER price index (published alongside the WPI), base 2022-23 = 100. Commodity 'Other Electrical Machinery', published weight 0.85762 of the index basket. Value taken as published, no transformation. Section mapping rationale: the residual electrical equipment basket: luminaires, wiring accessories, containment.",
IN,PPI,PPI-ELECOTH,"Wholesale/Producer Price Index of Other Electrical Machinery, India",2026-03,2022,100.0,INR,108.4,M&E Containment,https://eaindustry.nic.in/download_data_2223.asp,false,"REAL DATA. Office of the Economic Adviser, DPIIT, Ministry of Commerce and Industry - PRODUCER price index (published alongside the WPI), base 2022-23 = 100. Commodity 'Other Electrical Machinery', published weight 0.85762 of the index basket. Value taken as published, no transformation. Section mapping rationale: the residual electrical equipment basket: luminaires, wiring accessories, containment.",
IN,PPI,PPI-ELECOTH,"Wholesale/Producer Price Index of Other Electrical Machinery, India",2026-04,2022,100.0,INR,110.4,M&E Containment,https://eaindustry.nic.in/download_data_2223.asp,false,"REAL DATA. Office of the Economic Adviser, DPIIT, Ministry of Commerce and Industry - PRODUCER price index (published alongside the WPI), base 2022-23 = 100. Commodity 'Other Electrical Machinery', published weight 0.85762 of the index basket. Value taken as published, no transformation. Section mapping rationale: the residual electrical equipment basket: luminaires, wiring accessories, containment.",
IN,PPI,PPI-ELECOTH,"Wholesale/Producer Price Index of Other Electrical Machinery, India",2026-05,2022,100.0,INR,110.5,M&E Containment,https://eaindustry.nic.in/download_data_2223.asp,false,"REAL DATA. Office of the Economic Adviser, DPIIT, Ministry of Commerce and Industry - PRODUCER price index (published alongside the WPI), base 2022-23 = 100. Commodity 'Other Electrical Machinery', published weight 0.85762 of the index basket. Value taken as published, no transformation. Section mapping rationale: the residual electrical equipment basket: luminaires, wiring accessories, containment.",
IN,PPI,PPI-ELECOTH,"Wholesale/Producer Price Index of Other Electrical Machinery, India",2026-06,2022,100.0,INR,111.7,M&E Containment,https://eaindustry.nic.in/download_data_2223.asp,false,"REAL DATA. Office of the Economic Adviser, DPIIT, Ministry of Commerce and Industry - PRODUCER price index (published alongside the WPI), base 2022-23 = 100. Commodity 'Other Electrical Machinery', published weight 0.85762 of the index basket. Value taken as published, no transformation. Section mapping rationale: the residual electrical equipment basket: luminaires, wiring accessories, containment.",
IN,PPI,PPI-ELECOTH,"Wholesale/Producer Price Index of Other Electrical Machinery, India",2026-07,2022,100.0,INR,112.7,M&E Containment,https://eaindustry.nic.in/download_data_2223.asp,false,"REAL DATA. Office of the Economic Adviser, DPIIT, Ministry of Commerce and Industry - PRODUCER price index (published alongside the WPI), base 2022-23 = 100. Commodity 'Other Electrical Machinery', published weight 0.85762 of the index basket. Value taken as published, no transformation. Section mapping rationale: the residual electrical equipment basket: luminaires, wiring accessories, containment.",
IN,PPI,PPI-ALL,"Wholesale/Producer Price Index of ALL COMMODITIES, India",2023-04,2022,100.0,INR,99.1,External Works,https://eaindustry.nic.in/download_data_2223.asp,false,"REAL DATA. Office of the Economic Adviser, DPIIT, Ministry of Commerce and Industry - PRODUCER price index (published alongside the WPI), base 2022-23 = 100. Commodity 'ALL COMMODITIES', published weight 100.00000 of the index basket. Value taken as published, no transformation. Section mapping rationale: the all-commodities composite: the broadest available proxy, used only where no commodity basket maps to the section.",
IN,PPI,PPI-ALL,"Wholesale/Producer Price Index of ALL COMMODITIES, India",2023-05,2022,100.0,INR,98.6,External Works,https://eaindustry.nic.in/download_data_2223.asp,false,"REAL DATA. Office of the Economic Adviser, DPIIT, Ministry of Commerce and Industry - PRODUCER price index (published alongside the WPI), base 2022-23 = 100. Commodity 'ALL COMMODITIES', published weight 100.00000 of the index basket. Value taken as published, no transformation. Section mapping rationale: the all-commodities composite: the broadest available proxy, used only where no commodity basket maps to the section.",
IN,PPI,PPI-ALL,"Wholesale/Producer Price Index of ALL COMMODITIES, India",2023-06,2022,100.0,INR,98.2,External Works,https://eaindustry.nic.in/download_data_2223.asp,false,"REAL DATA. Office of the Economic Adviser, DPIIT, Ministry of Commerce and Industry - PRODUCER price index (published alongside the WPI), base 2022-23 = 100. Commodity 'ALL COMMODITIES', published weight 100.00000 of the index basket. Value taken as published, no transformation. Section mapping rationale: the all-commodities composite: the broadest available proxy, used only where no commodity basket maps to the section.",
IN,PPI,PPI-ALL,"Wholesale/Producer Price Index of ALL COMMODITIES, India",2023-07,2022,100.0,INR,99.1,External Works,https://eaindustry.nic.in/download_data_2223.asp,false,"REAL DATA. Office of the Economic Adviser, DPIIT, Ministry of Commerce and Industry - PRODUCER price index (published alongside the WPI), base 2022-23 = 100. Commodity 'ALL COMMODITIES', published weight 100.00000 of the index basket. Value taken as published, no transformation. Section mapping rationale: the all-commodities composite: the broadest available proxy, used only where no commodity basket maps to the section.",
IN,PPI,PPI-ALL,"Wholesale/Producer Price Index of ALL COMMODITIES, India",2023-08,2022,100.0,INR,99.4,External Works,https://eaindustry.nic.in/download_data_2223.asp,false,"REAL DATA. Office of the Economic Adviser, DPIIT, Ministry of Commerce and Industry - PRODUCER price index (published alongside the WPI), base 2022-23 = 100. Commodity 'ALL COMMODITIES', published weight 100.00000 of the index basket. Value taken as published, no transformation. Section mapping rationale: the all-commodities composite: the broadest available proxy, used only where no commodity basket maps to the section.",
IN,PPI,PPI-ALL,"Wholesale/Producer Price Index of ALL COMMODITIES, India",2023-09,2022,100.0,INR,99.6,External Works,https://eaindustry.nic.in/download_data_2223.asp,false,"REAL DATA. Office of the Economic Adviser, DPIIT, Ministry of Commerce and Industry - PRODUCER price index (published alongside the WPI), base 2022-23 = 100. Commodity 'ALL COMMODITIES', published weight 100.00000 of the index basket. Value taken as published, no transformation. Section mapping rationale: the all-commodities composite: the broadest available proxy, used only where no commodity basket maps to the section.",
IN,PPI,PPI-ALL,"Wholesale/Producer Price Index of ALL COMMODITIES, India",2023-10,2022,100.0,INR,100.0,External Works,https://eaindustry.nic.in/download_data_2223.asp,false,"REAL DATA. Office of the Economic Adviser, DPIIT, Ministry of Commerce and Industry - PRODUCER price index (published alongside the WPI), base 2022-23 = 100. Commodity 'ALL COMMODITIES', published weight 100.00000 of the index basket. Value taken as published, no transformation. Section mapping rationale: the all-commodities composite: the broadest available proxy, used only where no commodity basket maps to the section.",
IN,PPI,PPI-ALL,"Wholesale/Producer Price Index of ALL COMMODITIES, India",2023-11,2022,100.0,INR,99.9,External Works,https://eaindustry.nic.in/download_data_2223.asp,false,"REAL DATA. Office of the Economic Adviser, DPIIT, Ministry of Commerce and Industry - PRODUCER price index (published alongside the WPI), base 2022-23 = 100. Commodity 'ALL COMMODITIES', published weight 100.00000 of the index basket. Value taken as published, no transformation. Section mapping rationale: the all-commodities composite: the broadest available proxy, used only where no commodity basket maps to the section.",
IN,PPI,PPI-ALL,"Wholesale/Producer Price Index of ALL COMMODITIES, India",2023-12,2022,100.0,INR,99.2,External Works,https://eaindustry.nic.in/download_data_2223.asp,false,"REAL DATA. Office of the Economic Adviser, DPIIT, Ministry of Commerce and Industry - PRODUCER price index (published alongside the WPI), base 2022-23 = 100. Commodity 'ALL COMMODITIES', published weight 100.00000 of the index basket. Value taken as published, no transformation. Section mapping rationale: the all-commodities composite: the broadest available proxy, used only where no commodity basket maps to the section.",
IN,PPI,PPI-ALL,"Wholesale/Producer Price Index of ALL COMMODITIES, India",2024-01,2022,100.0,INR,99.2,External Works,https://eaindustry.nic.in/download_data_2223.asp,false,"REAL DATA. Office of the Economic Adviser, DPIIT, Ministry of Commerce and Industry - PRODUCER price index (published alongside the WPI), base 2022-23 = 100. Commodity 'ALL COMMODITIES', published weight 100.00000 of the index basket. Value taken as published, no transformation. Section mapping rationale: the all-commodities composite: the broadest available proxy, used only where no commodity basket maps to the section.",
IN,PPI,PPI-ALL,"Wholesale/Producer Price Index of ALL COMMODITIES, India",2024-02,2022,100.0,INR,99.2,External Works,https://eaindustry.nic.in/download_data_2223.asp,false,"REAL DATA. Office of the Economic Adviser, DPIIT, Ministry of Commerce and Industry - PRODUCER price index (published alongside the WPI), base 2022-23 = 100. Commodity 'ALL COMMODITIES', published weight 100.00000 of the index basket. Value taken as published, no transformation. Section mapping rationale: the all-commodities composite: the broadest available proxy, used only where no commodity basket maps to the section.",
IN,PPI,PPI-ALL,"Wholesale/Producer Price Index of ALL COMMODITIES, India",2024-03,2022,100.0,INR,99.2,External Works,https://eaindustry.nic.in/download_data_2223.asp,false,"REAL DATA. Office of the Economic Adviser, DPIIT, Ministry of Commerce and Industry - PRODUCER price index (published alongside the WPI), base 2022-23 = 100. Commodity 'ALL COMMODITIES', published weight 100.00000 of the index basket. Value taken as published, no transformation. Section mapping rationale: the all-commodities composite: the broadest available proxy, used only where no commodity basket maps to the section.",
IN,PPI,PPI-ALL,"Wholesale/Producer Price Index of ALL COMMODITIES, India",2024-04,2022,100.0,INR,99.7,External Works,https://eaindustry.nic.in/download_data_2223.asp,false,"REAL DATA. Office of the Economic Adviser, DPIIT, Ministry of Commerce and Industry - PRODUCER price index (published alongside the WPI), base 2022-23 = 100. Commodity 'ALL COMMODITIES', published weight 100.00000 of the index basket. Value taken as published, no transformation. Section mapping rationale: the all-commodities composite: the broadest available proxy, used only where no commodity basket maps to the section.",
IN,PPI,PPI-ALL,"Wholesale/Producer Price Index of ALL COMMODITIES, India",2024-05,2022,100.0,INR,100.1,External Works,https://eaindustry.nic.in/download_data_2223.asp,false,"REAL DATA. Office of the Economic Adviser, DPIIT, Ministry of Commerce and Industry - PRODUCER price index (published alongside the WPI), base 2022-23 = 100. Commodity 'ALL COMMODITIES', published weight 100.00000 of the index basket. Value taken as published, no transformation. Section mapping rationale: the all-commodities composite: the broadest available proxy, used only where no commodity basket maps to the section.",
IN,PPI,PPI-ALL,"Wholesale/Producer Price Index of ALL COMMODITIES, India",2024-06,2022,100.0,INR,100.4,External Works,https://eaindustry.nic.in/download_data_2223.asp,false,"REAL DATA. Office of the Economic Adviser, DPIIT, Ministry of Commerce and Industry - PRODUCER price index (published alongside the WPI), base 2022-23 = 100. Commodity 'ALL COMMODITIES', published weight 100.00000 of the index basket. Value taken as published, no transformation. Section mapping rationale: the all-commodities composite: the broadest available proxy, used only where no commodity basket maps to the section.",
IN,PPI,PPI-ALL,"Wholesale/Producer Price Index of ALL COMMODITIES, India",2024-07,2022,100.0,INR,100.8,External Works,https://eaindustry.nic.in/download_data_2223.asp,false,"REAL DATA. Office of the Economic Adviser, DPIIT, Ministry of Commerce and Industry - PRODUCER price index (published alongside the WPI), base 2022-23 = 100. Commodity 'ALL COMMODITIES', published weight 100.00000 of the index basket. Value taken as published, no transformation. Section mapping rationale: the all-commodities composite: the broadest available proxy, used only where no commodity basket maps to the section.",
IN,PPI,PPI-ALL,"Wholesale/Producer Price Index of ALL COMMODITIES, India",2024-08,2022,100.0,INR,100.7,External Works,https://eaindustry.nic.in/download_data_2223.asp,false,"REAL DATA. Office of the Economic Adviser, DPIIT, Ministry of Commerce and Industry - PRODUCER price index (published alongside the WPI), base 2022-23 = 100. Commodity 'ALL COMMODITIES', published weight 100.00000 of the index basket. Value taken as published, no transformation. Section mapping rationale: the all-commodities composite: the broadest available proxy, used only where no commodity basket maps to the section.",
IN,PPI,PPI-ALL,"Wholesale/Producer Price Index of ALL COMMODITIES, India",2024-09,2022,100.0,INR,101.0,External Works,https://eaindustry.nic.in/download_data_2223.asp,false,"REAL DATA. Office of the Economic Adviser, DPIIT, Ministry of Commerce and Industry - PRODUCER price index (published alongside the WPI), base 2022-23 = 100. Commodity 'ALL COMMODITIES', published weight 100.00000 of the index basket. Value taken as published, no transformation. Section mapping rationale: the all-commodities composite: the broadest available proxy, used only where no commodity basket maps to the section.",
IN,PPI,PPI-ALL,"Wholesale/Producer Price Index of ALL COMMODITIES, India",2024-10,2022,100.0,INR,101.8,External Works,https://eaindustry.nic.in/download_data_2223.asp,false,"REAL DATA. Office of the Economic Adviser, DPIIT, Ministry of Commerce and Industry - PRODUCER price index (published alongside the WPI), base 2022-23 = 100. Commodity 'ALL COMMODITIES', published weight 100.00000 of the index basket. Value taken as published, no transformation. Section mapping rationale: the all-commodities composite: the broadest available proxy, used only where no commodity basket maps to the section.",
IN,PPI,PPI-ALL,"Wholesale/Producer Price Index of ALL COMMODITIES, India",2024-11,2022,100.0,INR,102.0,External Works,https://eaindustry.nic.in/download_data_2223.asp,false,"REAL DATA. Office of the Economic Adviser, DPIIT, Ministry of Commerce and Industry - PRODUCER price index (published alongside the WPI), base 2022-23 = 100. Commodity 'ALL COMMODITIES', published weight 100.00000 of the index basket. Value taken as published, no transformation. Section mapping rationale: the all-commodities composite: the broadest available proxy, used only where no commodity basket maps to the section.",
IN,PPI,PPI-ALL,"Wholesale/Producer Price Index of ALL COMMODITIES, India",2024-12,2022,100.0,INR,101.5,External Works,https://eaindustry.nic.in/download_data_2223.asp,false,"REAL DATA. Office of the Economic Adviser, DPIIT, Ministry of Commerce and Industry - PRODUCER price index (published alongside the WPI), base 2022-23 = 100. Commodity 'ALL COMMODITIES', published weight 100.00000 of the index basket. Value taken as published, no transformation. Section mapping rationale: the all-commodities composite: the broadest available proxy, used only where no commodity basket maps to the section.",
IN,PPI,PPI-ALL,"Wholesale/Producer Price Index of ALL COMMODITIES, India",2025-01,2022,100.0,INR,101.2,External Works,https://eaindustry.nic.in/download_data_2223.asp,false,"REAL DATA. Office of the Economic Adviser, DPIIT, Ministry of Commerce and Industry - PRODUCER price index (published alongside the WPI), base 2022-23 = 100. Commodity 'ALL COMMODITIES', published weight 100.00000 of the index basket. Value taken as published, no transformation. Section mapping rationale: the all-commodities composite: the broadest available proxy, used only where no commodity basket maps to the section.",
IN,PPI,PPI-ALL,"Wholesale/Producer Price Index of ALL COMMODITIES, India",2025-02,2022,100.0,INR,101.0,External Works,https://eaindustry.nic.in/download_data_2223.asp,false,"REAL DATA. Office of the Economic Adviser, DPIIT, Ministry of Commerce and Industry - PRODUCER price index (published alongside the WPI), base 2022-23 = 100. Commodity 'ALL COMMODITIES', published weight 100.00000 of the index basket. Value taken as published, no transformation. Section mapping rationale: the all-commodities composite: the broadest available proxy, used only where no commodity basket maps to the section.",
IN,PPI,PPI-ALL,"Wholesale/Producer Price Index of ALL COMMODITIES, India",2025-03,2022,100.0,INR,100.7,External Works,https://eaindustry.nic.in/download_data_2223.asp,false,"REAL DATA. Office of the Economic Adviser, DPIIT, Ministry of Commerce and Industry - PRODUCER price index (published alongside the WPI), base 2022-23 = 100. Commodity 'ALL COMMODITIES', published weight 100.00000 of the index basket. Value taken as published, no transformation. Section mapping rationale: the all-commodities composite: the broadest available proxy, used only where no commodity basket maps to the section.",
IN,PPI,PPI-ALL,"Wholesale/Producer Price Index of ALL COMMODITIES, India",2025-04,2022,100.0,INR,100.5,External Works,https://eaindustry.nic.in/download_data_2223.asp,false,"REAL DATA. Office of the Economic Adviser, DPIIT, Ministry of Commerce and Industry - PRODUCER price index (published alongside the WPI), base 2022-23 = 100. Commodity 'ALL COMMODITIES', published weight 100.00000 of the index basket. Value taken as published, no transformation. Section mapping rationale: the all-commodities composite: the broadest available proxy, used only where no commodity basket maps to the section.",
IN,PPI,PPI-ALL,"Wholesale/Producer Price Index of ALL COMMODITIES, India",2025-05,2022,100.0,INR,100.2,External Works,https://eaindustry.nic.in/download_data_2223.asp,false,"REAL DATA. Office of the Economic Adviser, DPIIT, Ministry of Commerce and Industry - PRODUCER price index (published alongside the WPI), base 2022-23 = 100. Commodity 'ALL COMMODITIES', published weight 100.00000 of the index basket. Value taken as published, no transformation. Section mapping rationale: the all-commodities composite: the broadest available proxy, used only where no commodity basket maps to the section.",
IN,PPI,PPI-ALL,"Wholesale/Producer Price Index of ALL COMMODITIES, India",2025-06,2022,100.0,INR,100.3,External Works,https://eaindustry.nic.in/download_data_2223.asp,false,"REAL DATA. Office of the Economic Adviser, DPIIT, Ministry of Commerce and Industry - PRODUCER price index (published alongside the WPI), base 2022-23 = 100. Commodity 'ALL COMMODITIES', published weight 100.00000 of the index basket. Value taken as published, no transformation. Section mapping rationale: the all-commodities composite: the broadest available proxy, used only where no commodity basket maps to the section.",
IN,PPI,PPI-ALL,"Wholesale/Producer Price Index of ALL COMMODITIES, India",2025-07,2022,100.0,INR,100.3,External Works,https://eaindustry.nic.in/download_data_2223.asp,false,"REAL DATA. Office of the Economic Adviser, DPIIT, Ministry of Commerce and Industry - PRODUCER price index (published alongside the WPI), base 2022-23 = 100. Commodity 'ALL COMMODITIES', published weight 100.00000 of the index basket. Value taken as published, no transformation. Section mapping rationale: the all-commodities composite: the broadest available proxy, used only where no commodity basket maps to the section.",
IN,PPI,PPI-ALL,"Wholesale/Producer Price Index of ALL COMMODITIES, India",2025-08,2022,100.0,INR,100.9,External Works,https://eaindustry.nic.in/download_data_2223.asp,false,"REAL DATA. Office of the Economic Adviser, DPIIT, Ministry of Commerce and Industry - PRODUCER price index (published alongside the WPI), base 2022-23 = 100. Commodity 'ALL COMMODITIES', published weight 100.00000 of the index basket. Value taken as published, no transformation. Section mapping rationale: the all-commodities composite: the broadest available proxy, used only where no commodity basket maps to the section.",
IN,PPI,PPI-ALL,"Wholesale/Producer Price Index of ALL COMMODITIES, India",2025-09,2022,100.0,INR,101.0,External Works,https://eaindustry.nic.in/download_data_2223.asp,false,"REAL DATA. Office of the Economic Adviser, DPIIT, Ministry of Commerce and Industry - PRODUCER price index (published alongside the WPI), base 2022-23 = 100. Commodity 'ALL COMMODITIES', published weight 100.00000 of the index basket. Value taken as published, no transformation. Section mapping rationale: the all-commodities composite: the broadest available proxy, used only where no commodity basket maps to the section.",
IN,PPI,PPI-ALL,"Wholesale/Producer Price Index of ALL COMMODITIES, India",2025-10,2022,100.0,INR,101.1,External Works,https://eaindustry.nic.in/download_data_2223.asp,false,"REAL DATA. Office of the Economic Adviser, DPIIT, Ministry of Commerce and Industry - PRODUCER price index (published alongside the WPI), base 2022-23 = 100. Commodity 'ALL COMMODITIES', published weight 100.00000 of the index basket. Value taken as published, no transformation. Section mapping rationale: the all-commodities composite: the broadest available proxy, used only where no commodity basket maps to the section.",
IN,PPI,PPI-ALL,"Wholesale/Producer Price Index of ALL COMMODITIES, India",2025-11,2022,100.0,INR,101.7,External Works,https://eaindustry.nic.in/download_data_2223.asp,false,"REAL DATA. Office of the Economic Adviser, DPIIT, Ministry of Commerce and Industry - PRODUCER price index (published alongside the WPI), base 2022-23 = 100. Commodity 'ALL COMMODITIES', published weight 100.00000 of the index basket. Value taken as published, no transformation. Section mapping rationale: the all-commodities composite: the broadest available proxy, used only where no commodity basket maps to the section.",
IN,PPI,PPI-ALL,"Wholesale/Producer Price Index of ALL COMMODITIES, India",2025-12,2022,100.0,INR,102.1,External Works,https://eaindustry.nic.in/download_data_2223.asp,false,"REAL DATA. Office of the Economic Adviser, DPIIT, Ministry of Commerce and Industry - PRODUCER price index (published alongside the WPI), base 2022-23 = 100. Commodity 'ALL COMMODITIES', published weight 100.00000 of the index basket. Value taken as published, no transformation. Section mapping rationale: the all-commodities composite: the broadest available proxy, used only where no commodity basket maps to the section.",
IN,PPI,PPI-ALL,"Wholesale/Producer Price Index of ALL COMMODITIES, India",2026-01,2022,100.0,INR,102.6,External Works,https://eaindustry.nic.in/download_data_2223.asp,false,"REAL DATA. Office of the Economic Adviser, DPIIT, Ministry of Commerce and Industry - PRODUCER price index (published alongside the WPI), base 2022-23 = 100. Commodity 'ALL COMMODITIES', published weight 100.00000 of the index basket. Value taken as published, no transformation. Section mapping rationale: the all-commodities composite: the broadest available proxy, used only where no commodity basket maps to the section.",
IN,PPI,PPI-ALL,"Wholesale/Producer Price Index of ALL COMMODITIES, India",2026-02,2022,100.0,INR,103.3,External Works,https://eaindustry.nic.in/download_data_2223.asp,false,"REAL DATA. Office of the Economic Adviser, DPIIT, Ministry of Commerce and Industry - PRODUCER price index (published alongside the WPI), base 2022-23 = 100. Commodity 'ALL COMMODITIES', published weight 100.00000 of the index basket. Value taken as published, no transformation. Section mapping rationale: the all-commodities composite: the broadest available proxy, used only where no commodity basket maps to the section.",
IN,PPI,PPI-ALL,"Wholesale/Producer Price Index of ALL COMMODITIES, India",2026-03,2022,100.0,INR,104.9,External Works,https://eaindustry.nic.in/download_data_2223.asp,false,"REAL DATA. Office of the Economic Adviser, DPIIT, Ministry of Commerce and Industry - PRODUCER price index (published alongside the WPI), base 2022-23 = 100. Commodity 'ALL COMMODITIES', published weight 100.00000 of the index basket. Value taken as published, no transformation. Section mapping rationale: the all-commodities composite: the broadest available proxy, used only where no commodity basket maps to the section.",
IN,PPI,PPI-ALL,"Wholesale/Producer Price Index of ALL COMMODITIES, India",2026-04,2022,100.0,INR,108.8,External Works,https://eaindustry.nic.in/download_data_2223.asp,false,"REAL DATA. Office of the Economic Adviser, DPIIT, Ministry of Commerce and Industry - PRODUCER price index (published alongside the WPI), base 2022-23 = 100. Commodity 'ALL COMMODITIES', published weight 100.00000 of the index basket. Value taken as published, no transformation. Section mapping rationale: the all-commodities composite: the broadest available proxy, used only where no commodity basket maps to the section.",
IN,PPI,PPI-ALL,"Wholesale/Producer Price Index of ALL COMMODITIES, India",2026-05,2022,100.0,INR,109.9,External Works,https://eaindustry.nic.in/download_data_2223.asp,false,"REAL DATA. Office of the Economic Adviser, DPIIT, Ministry of Commerce and Industry - PRODUCER price index (published alongside the WPI), base 2022-23 = 100. Commodity 'ALL COMMODITIES', published weight 100.00000 of the index basket. Value taken as published, no transformation. Section mapping rationale: the all-commodities composite: the broadest available proxy, used only where no commodity basket maps to the section.",
IN,PPI,PPI-ALL,"Wholesale/Producer Price Index of ALL COMMODITIES, India",2026-06,2022,100.0,INR,109.9,External Works,https://eaindustry.nic.in/download_data_2223.asp,false,"REAL DATA. Office of the Economic Adviser, DPIIT, Ministry of Commerce and Industry - PRODUCER price index (published alongside the WPI), base 2022-23 = 100. Commodity 'ALL COMMODITIES', published weight 100.00000 of the index basket. Value taken as published, no transformation. Section mapping rationale: the all-commodities composite: the broadest available proxy, used only where no commodity basket maps to the section.",
IN,PPI,PPI-ALL,"Wholesale/Producer Price Index of ALL COMMODITIES, India",2026-07,2022,100.0,INR,109.9,External Works,https://eaindustry.nic.in/download_data_2223.asp,false,"REAL DATA. Office of the Economic Adviser, DPIIT, Ministry of Commerce and Industry - PRODUCER price index (published alongside the WPI), base 2022-23 = 100. Commodity 'ALL COMMODITIES', published weight 100.00000 of the index basket. Value taken as published, no transformation. Section mapping rationale: the all-commodities composite: the broadest available proxy, used only where no commodity basket maps to the section.",
