country,sor_code,description,unit,published_unit,rate_2026,currency,section,source
IN,13.52.2,Finishing with Epoxy paint (On concrete work),m2,sqm,245.3,INR,Concrete,CPWD Delhi Schedule of Rates 2021 Vol-II
IN,13.86,6 mm plaster on cement concrete or reinforced cement concrete work with white cement based polymer modified self curing mortar,m2,sqm,268.91,INR,Concrete,CPWD Delhi Schedule of Rates 2021 Vol-II
IN,15.1,Demolishing lime concrete manually/ by mechanical means,m3,cum,867.89,INR,Concrete,CPWD Delhi Schedule of Rates 2021 Vol-II
IN,15.2,Demolishing cement concrete manually/ by mechanical means,m3,cum,2481.57,INR,Concrete,CPWD Delhi Schedule of Rates 2021 Vol-II
IN,15.2.1,Demolishing cement concrete (Nominal concrete 1:3:6 or richer mix),m3,cum,1532.64,INR,Concrete,CPWD Delhi Schedule of Rates 2021 Vol-II
IN,15.2.2,Demolishing cement concrete (Nominal concrete 1:4:8 or leaner mix),m3,cum,3620.29,INR,Concrete,CPWD Delhi Schedule of Rates 2021 Vol-II
IN,15.40.1,Dismantling precast concrete or stone slabs (Thickness up to 40 mm),m2,sqm,295.07,INR,Concrete,CPWD Delhi Schedule of Rates 2021 Vol-II
IN,15.40.2,Dismantling precast concrete or stone slabs (Thickness above 40 mm up to 75 mm),m2,sqm,442.14,INR,Concrete,CPWD Delhi Schedule of Rates 2021 Vol-II
IN,15.55.1,Dismantling of cement concrete platform (120x120cm outside to outside),item,each,1125.31,INR,Concrete,CPWD Delhi Schedule of Rates 2021 Vol-II
IN,15.55.2,Dismantling of cement concrete platform (210x120cm outside to outside),item,each,1726,INR,Concrete,CPWD Delhi Schedule of Rates 2021 Vol-II
IN,15.55.3,Dismantling of cement concrete platform (320x120cm outside to outside),item,each,2443.22,INR,Concrete,CPWD Delhi Schedule of Rates 2021 Vol-II
IN,16.23,"Providing and fixing 15cm dia at top, 20cm at bottom and 90cm high precast reinforced cement concrete boundary stone",item,each,274.96,INR,Concrete,CPWD Delhi Schedule of Rates 2021 Vol-II
IN,16.24.1,Providing and fixing precast reinforced cement concrete kilometre stone (35x111x25 cm size),item,each,3090.36,INR,Concrete,CPWD Delhi Schedule of Rates 2021 Vol-II
IN,16.24.2,Providing and fixing precast reinforced cement concrete kilometre stone (50x152.5x25 cm size),item,each,5621.9,INR,Concrete,CPWD Delhi Schedule of Rates 2021 Vol-II
IN,16.24.3,Providing and fixing precast reinforced cement concrete kilometre stone (35x93.5x18 cm size),item,each,2065.33,INR,Concrete,CPWD Delhi Schedule of Rates 2021 Vol-II
IN,16.42,Cement concrete 1:2:4 in pavements,m3,cum,9148.62,INR,Concrete,CPWD Delhi Schedule of Rates 2021 Vol-II
IN,16.43.1,Providing and laying design mix cement concrete of M-30 grade (prepared with batch mixing machine),m3,cum,11736.94,INR,Concrete,CPWD Delhi Schedule of Rates 2021 Vol-II
IN,16.43.2,Providing and laying design mix cement concrete of M-30 grade (manufactured in automatic batching plant),m3,cum,12372.13,INR,Concrete,CPWD Delhi Schedule of Rates 2021 Vol-II
IN,16.56.1,"Providing and laying semi-dense Bituminous concrete (25 mm compacted thickness, Batch Type)",m2,sqm,308.37,INR,Concrete,CPWD Delhi Schedule of Rates 2021 Vol-II
IN,16.56.2,"Providing and laying semi-dense Bituminous concrete (25 mm compacted thickness, Drum Type)",m2,sqm,305.83,INR,Concrete,CPWD Delhi Schedule of Rates 2021 Vol-II
IN,16.57.1,"Providing and laying Bituminous concrete (40/50 mm compacted thickness, Batch Type, VG-30)",m3,cum,13440.48,INR,Concrete,CPWD Delhi Schedule of Rates 2021 Vol-II
IN,16.57.2,"Providing and laying Bituminous concrete (with waste plastic additive, Batch Type)",m3,cum,14093.45,INR,Concrete,CPWD Delhi Schedule of Rates 2021 Vol-II
IN,16.57.3,"Providing and laying Bituminous concrete (PMB-40, Batch Type)",m3,cum,12325.52,INR,Concrete,CPWD Delhi Schedule of Rates 2021 Vol-II
IN,16.57.4,"Providing and laying Bituminous concrete (CRMB-60, Batch Type)",m3,cum,11511.09,INR,Concrete,CPWD Delhi Schedule of Rates 2021 Vol-II
IN,16.57.5,"Providing and laying Bituminous concrete (40/50 mm compacted thickness, Drum Type, VG-30)",m3,cum,13334.83,INR,Concrete,CPWD Delhi Schedule of Rates 2021 Vol-II
IN,16.57.6,"Providing and laying Bituminous concrete (with waste plastic additive, Drum Type)",m3,cum,13989.27,INR,Concrete,CPWD Delhi Schedule of Rates 2021 Vol-II
IN,16.57.7,"Providing and laying Bituminous concrete (PMB-40, Drum Type)",m3,cum,12220.68,INR,Concrete,CPWD Delhi Schedule of Rates 2021 Vol-II
IN,16.57.8,"Providing and laying Bituminous concrete (CRMB-60, Drum Type)",m3,cum,11406.26,INR,Concrete,CPWD Delhi Schedule of Rates 2021 Vol-II
IN,16.67,Providing and fixing at or near ground level factory made RCC pavement slab of M-30 grade,m2,sqm,1695.17,INR,Concrete,CPWD Delhi Schedule of Rates 2021 Vol-II
IN,16.69,Providing and laying at or near ground level factory made kerb stone of M-25 grade cement concrete,m3,cum,10649.47,INR,Concrete,CPWD Delhi Schedule of Rates 2021 Vol-II
IN,16.75,Providing and laying C.C. pavement of mix M-25 with ready mixed concrete,m3,cum,10234.51,INR,Concrete,CPWD Delhi Schedule of Rates 2021 Vol-II
IN,16.76,Deduct for using of M-20 grade concrete instead of M-25 grade concrete in C.C. pavement,m3,cum,236.28,INR,Concrete,CPWD Delhi Schedule of Rates 2021 Vol-II
IN,16.80,Construction of dry lean cement concrete sub base,m3,cum,5107.01,INR,Concrete,CPWD Delhi Schedule of Rates 2021 Vol-II
IN,16.93,Providing and placing in position 100mm thick factory made machine batched & machine mixed Precast RCC Rectangular Covers,m2,sqm,3235.84,INR,Concrete,CPWD Delhi Schedule of Rates 2021 Vol-II
IN,19.2.1,Providing and laying cement concrete 1:5:10 all-round S.W. pipes (100 mm diameter),m,metre,1107.2,INR,Concrete,CPWD Delhi Schedule of Rates 2021 Vol-II
IN,19.2.2,Providing and laying cement concrete 1:5:10 all-round S.W. pipes (150 mm diameter),m,metre,1354.05,INR,Concrete,CPWD Delhi Schedule of Rates 2021 Vol-II
IN,19.2.3,Providing and laying cement concrete 1:5:10 all-round S.W. pipes (200 mm diameter),m,metre,1578.51,INR,Concrete,CPWD Delhi Schedule of Rates 2021 Vol-II
IN,19.2.4,Providing and laying cement concrete 1:5:10 all-round S.W. pipes (250 mm diameter),m,metre,1825.36,INR,Concrete,CPWD Delhi Schedule of Rates 2021 Vol-II
IN,19.3.1,Providing and laying cement concrete 1:5:10 up to haunches of S.W. pipes (100 mm diameter),m,metre,526.22,INR,Concrete,CPWD Delhi Schedule of Rates 2021 Vol-II
IN,19.3.2,Providing and laying cement concrete 1:5:10 up to haunches of S.W. pipes (150 mm diameter),m,metre,852.8,INR,Concrete,CPWD Delhi Schedule of Rates 2021 Vol-II
IN,19.3.3,Providing and laying cement concrete 1:5:10 up to haunches of S.W. pipes (200 mm diameter),m,metre,1002.47,INR,Concrete,CPWD Delhi Schedule of Rates 2021 Vol-II
IN,19.3.4,Providing and laying cement concrete 1:5:10 up to haunches of S.W. pipes (250 mm diameter),m,metre,1167.04,INR,Concrete,CPWD Delhi Schedule of Rates 2021 Vol-II
IN,19.3.5,Providing and laying cement concrete 1:5:10 up to haunches of S.W. pipes (300 mm diameter),m,metre,1346.56,INR,Concrete,CPWD Delhi Schedule of Rates 2021 Vol-II
IN,20.1.1,"Providing, driving with hydraulic piling rigs and installing driven cast-in-situ reinforced cement concrete piles of grade M-25 (400 mm dia piles)",m,metre,2885.15,INR,Concrete,CPWD Delhi Schedule of Rates 2021 Vol-II
IN,20.1.2,"Providing, driving with hydraulic piling rigs and installing driven cast-in-situ reinforced cement concrete piles of grade M-25 (450 mm dia piles)",m,metre,3572.58,INR,Concrete,CPWD Delhi Schedule of Rates 2021 Vol-II
IN,20.1.3,"Providing, driving with hydraulic piling rigs and installing driven cast-in-situ reinforced cement concrete piles of grade M-25 (500 mm dia piles)",m,metre,4297.03,INR,Concrete,CPWD Delhi Schedule of Rates 2021 Vol-II
IN,20.1.4,"Providing, driving with hydraulic piling rigs and installing driven cast-in-situ reinforced cement concrete piles of grade M-25 (550 mm dia piles)",m,metre,4714.6,INR,Concrete,CPWD Delhi Schedule of Rates 2021 Vol-II
IN,20.1.5,"Providing, driving with hydraulic piling rigs and installing driven cast-in-situ reinforced cement concrete piles of grade M-25 (750 mm dia piles)",m,metre,8046.69,INR,Concrete,CPWD Delhi Schedule of Rates 2021 Vol-II
IN,20.1.6,"Providing, driving with hydraulic piling rigs and installing driven cast-in-situ reinforced cement concrete piles of grade M-25 (1000 mm dia piles)",m,metre,13258.51,INR,Concrete,CPWD Delhi Schedule of Rates 2021 Vol-II
IN,20.1.7,"Providing, driving with hydraulic piling rigs and installing driven cast-in-situ reinforced cement concrete piles of grade M-25 (1200 mm dia piles)",m,metre,17339.13,INR,Concrete,CPWD Delhi Schedule of Rates 2021 Vol-II
IN,20.1.8,"Providing, driving with hydraulic piling rigs and installing driven cast-in-situ reinforced cement concrete piles of grade M-25 (1500 mm dia piles)",m,metre,24523.35,INR,Concrete,CPWD Delhi Schedule of Rates 2021 Vol-II
IN,20.2.1,"Boring, providing and installation bored cast-in-situ reinforced cement concrete piles of grade M-25 by percussion drilling (450 mm dia piles)",m,metre,2369.19,INR,Concrete,CPWD Delhi Schedule of Rates 2021 Vol-II
IN,20.2.2,"Boring, providing and installation bored cast-in-situ reinforced cement concrete piles of grade M-25 by percussion drilling (500 mm dia piles)",m,metre,2811.47,INR,Concrete,CPWD Delhi Schedule of Rates 2021 Vol-II
IN,20.2.3,"Boring, providing and installation bored cast-in-situ reinforced cement concrete piles of grade M-25 by percussion drilling (600 mm dia piles)",m,metre,3783.35,INR,Concrete,CPWD Delhi Schedule of Rates 2021 Vol-II
IN,20.2.4,"Boring, providing and installation bored cast-in-situ reinforced cement concrete piles of grade M-25 by percussion drilling (750 mm dia piles)",m,metre,5804.68,INR,Concrete,CPWD Delhi Schedule of Rates 2021 Vol-II
IN,20.2A.1,"Boring, providing and installation bored cast-in-situ reinforced cement concrete piles of grade M-25 by Crawler mounted hydraulic piling Rig (600 mm dia piles)",m,metre,5581.45,INR,Concrete,CPWD Delhi Schedule of Rates 2021 Vol-II
IN,20.2A.2,"Boring, providing and installation bored cast-in-situ reinforced cement concrete piles of grade M-25 by Crawler mounted hydraulic piling Rig (750 mm dia piles)",m,metre,8043.41,INR,Concrete,CPWD Delhi Schedule of Rates 2021 Vol-II
IN,20.2A.3,"Boring, providing and installation bored cast-in-situ reinforced cement concrete piles of grade M-25 by Crawler mounted hydraulic piling Rig (1000 mm dia piles)",m,metre,13472.76,INR,Concrete,CPWD Delhi Schedule of Rates 2021 Vol-II
IN,20.2A.4,"Boring, providing and installation bored cast-in-situ reinforced cement concrete piles of grade M-25 by Crawler mounted hydraulic piling Rig (1200 mm dia piles)",m,metre,17667.22,INR,Concrete,CPWD Delhi Schedule of Rates 2021 Vol-II
IN,20.2A.5,"Boring, providing and installation bored cast-in-situ reinforced cement concrete piles of grade M-25 by Crawler mounted hydraulic piling Rig (1500 mm dia piles)",m,metre,25342.25,INR,Concrete,CPWD Delhi Schedule of Rates 2021 Vol-II
IN,20.5.1,"Providing, driving and installing driven Pre-cast reinforced cement concrete piles of grade M-25 (400 mm dia piles)",m,metre,3886.79,INR,Concrete,CPWD Delhi Schedule of Rates 2021 Vol-II
IN,20.5.2,"Providing, driving and installing driven Pre-cast reinforced cement concrete piles of grade M-25 (450 mm dia piles)",m,metre,4954.15,INR,Concrete,CPWD Delhi Schedule of Rates 2021 Vol-II
IN,20.5.3,"Providing, driving and installing driven Pre-cast reinforced cement concrete piles of grade M-25 (500 mm dia piles)",m,metre,5132.9,INR,Concrete,CPWD Delhi Schedule of Rates 2021 Vol-II
IN,20.5.4,"Providing, driving and installing driven Pre-cast reinforced cement concrete piles of grade M-25 (550 mm dia piles)",m,metre,5859.25,INR,Concrete,CPWD Delhi Schedule of Rates 2021 Vol-II
IN,20.5.5,"Providing, driving and installing driven Pre-cast reinforced cement concrete piles of grade M-25 (750 mm dia piles)",m,metre,11256.71,INR,Concrete,CPWD Delhi Schedule of Rates 2021 Vol-II
IN,20.5.6,"Providing, driving and installing driven Pre-cast reinforced cement concrete piles of grade M-25 (1000 mm dia piles)",m,metre,15499.7,INR,Concrete,CPWD Delhi Schedule of Rates 2021 Vol-II
IN,22.14.1,Grading roof for water proofing treatment with Cement concrete 1:2:4,m3,cum,9286.29,INR,Concrete,CPWD Delhi Schedule of Rates 2021 Vol-II
IN,22.22,Providing and mixing integral crystalline admixture for water proofing treatment to RCC structures,t,kg,0.411,INR,Concrete,CPWD Delhi Schedule of Rates 2021 Vol-II
IN,23.9,Providing and fixing factory made precast RCC perforated drain covers,item,each,1500.06,INR,Concrete,CPWD Delhi Schedule of Rates 2021 Vol-II
IN,26.28.1,"Chipping of unsound/weak concrete material from slabs, beams, columns etc. (75mm average thickness)",m2,sqm,385.69,INR,Concrete,CPWD Delhi Schedule of Rates 2021 Vol-II
IN,26.28.2,"Chipping of unsound/weak concrete material from slabs, beams, columns etc. (50mm average thickness)",m2,sqm,261.56,INR,Concrete,CPWD Delhi Schedule of Rates 2021 Vol-II
IN,26.28.3,"Chipping of unsound/weak concrete material from slabs, beams, columns etc. (25 mm average thickness)",m2,sqm,129.33,INR,Concrete,CPWD Delhi Schedule of Rates 2021 Vol-II
IN,26.30.1,Drilling suitable holes in reinforced or plain cement concrete with power driven drill machine (Upto and including 12mm dia.),item,each,150.78,INR,Concrete,CPWD Delhi Schedule of Rates 2021 Vol-II
IN,26.33.1,"Providing, mixing and applying SBR polymer modified plain/reinforced cement concrete (50mm thick)",m2,sqm,701.35,INR,Concrete,CPWD Delhi Schedule of Rates 2021 Vol-II
IN,26.33.2,"Providing, mixing and applying SBR polymer modified plain/reinforced cement concrete (75mm thick)",m2,sqm,1052,INR,Concrete,CPWD Delhi Schedule of Rates 2021 Vol-II
IN,26.34.1,Providing and laying SBR Polymer modified concrete jacket for structural members (50mm thick),m2,sqm,701.35,INR,Concrete,CPWD Delhi Schedule of Rates 2021 Vol-II
IN,26.34.2,Providing and laying SBR Polymer modified concrete jacket for structural members (75mm thick),m2,sqm,1052,INR,Concrete,CPWD Delhi Schedule of Rates 2021 Vol-II
IN,26.34.3,Providing and laying SBR Polymer modified concrete jacket for structural members (100mm thick),m2,sqm,1402.63,INR,Concrete,CPWD Delhi Schedule of Rates 2021 Vol-II
IN,26.37,Cleaning of exposed concrete surface of sticking material,m2,sqm,457.64,INR,Concrete,CPWD Delhi Schedule of Rates 2021 Vol-II
IN,26.48,Providing and fixing of customized Aluminium form work for monolithic construction on RCC members,m2,sqm,1143.2,INR,Concrete,CPWD Delhi Schedule of Rates 2021 Vol-II
IN,26.58,Filling of joints between RCC plinth beam / floor slab and wall panel,m,metre,51.37,INR,Concrete,CPWD Delhi Schedule of Rates 2021 Vol-II
IN,26.60,Water proofing treatment of RCC sunshade with Zycosil/equivalent,m2,sqm,167.9,INR,Concrete,CPWD Delhi Schedule of Rates 2021 Vol-II
IN,26.61,In-filling / sealing of joint between RCC lintel cum sunshade and wall,m,metre,52.36,INR,Concrete,CPWD Delhi Schedule of Rates 2021 Vol-II
IN,26.74.1,Fabrication and manufacturing of solid precast concrete element (Concrete grade M-35),m3,cum,24094.28,INR,Concrete,CPWD Delhi Schedule of Rates 2021 Vol-II
IN,26.77.1,Erection & Installation of Precast/Prestressed Concrete elements (Prestressed hollow core Slab up to 200 mm thickness),m2,sqm,209.75,INR,Concrete,CPWD Delhi Schedule of Rates 2021 Vol-II
IN,26.77.2,Erection & Installation of Precast/Prestressed Concrete elements (Prestressed hollow core slab above 200 mm up to 400 mm thickness),m2,sqm,356.14,INR,Concrete,CPWD Delhi Schedule of Rates 2021 Vol-II
IN,26.77.3,Erection & Installation of Precast/Prestressed Concrete elements (Solid concrete wall elements),m3,cum,2824.85,INR,Concrete,CPWD Delhi Schedule of Rates 2021 Vol-II
IN,26.83,Applying stamping finish to the top surface of freshly laid plain/reinforced cement concrete,m2,sqm,791.53,INR,Concrete,CPWD Delhi Schedule of Rates 2021 Vol-II
IN,16.2,Extra for compaction of earth work in embankment under optimum moisture conditions,m3,cum,25.41,INR,Excavation,CPWD Delhi Schedule of Rates 2021 Vol-II
IN,14.26.1.1,"Providing and fixing 25 mm thick shutters for cup board (Superior class teak wood, panelled or panelled & glazed)",m2,sqm,5667.16,INR,Formwork,CPWD Delhi Schedule of Rates 2021 Vol-II
IN,14.26.1.2,"Providing and fixing 25 mm thick shutters for cup board (Ist class teak wood, panelled or panelled & glazed)",m2,sqm,4920.44,INR,Formwork,CPWD Delhi Schedule of Rates 2021 Vol-II
IN,14.26.2.1,"Providing and fixing 25 mm thick shutters for cup board (Superior class teak wood, glazed)",m2,sqm,5632.17,INR,Formwork,CPWD Delhi Schedule of Rates 2021 Vol-II
IN,14.26.2.2,"Providing and fixing 25 mm thick shutters for cup board (Ist class teak wood, glazed)",m2,sqm,4828.02,INR,Formwork,CPWD Delhi Schedule of Rates 2021 Vol-II
IN,14.27.1,Providing and fixing plain jaffri door and window shutters (Second class teak wood),m2,sqm,5138.17,INR,Formwork,CPWD Delhi Schedule of Rates 2021 Vol-II
IN,14.85,"Taking out existing wooden door shutter, repair and refixing",item,each,403.01,INR,Formwork,CPWD Delhi Schedule of Rates 2021 Vol-II
IN,15.12.1,"Dismantling doors, windows and clerestory windows shutter (Of area 3 sq. metres and below)",item,each,374.26,INR,Formwork,CPWD Delhi Schedule of Rates 2021 Vol-II
IN,15.12.2,"Dismantling doors, windows and clerestory windows shutter (Of area beyond 3 sq. metres)",item,each,512.55,INR,Formwork,CPWD Delhi Schedule of Rates 2021 Vol-II
IN,15.13.1,"Taking out doors, windows and clerestory window shutters (Of area 3 sq. metres and below)",item,each,146.27,INR,Formwork,CPWD Delhi Schedule of Rates 2021 Vol-II
IN,15.13.2,"Taking out doors, windows and clerestory window shutters (Of area beyond 3 sq. metres)",item,each,192.57,INR,Formwork,CPWD Delhi Schedule of Rates 2021 Vol-II
IN,21.1.2.1,"Providing and fixing aluminium work for shutters of doors, windows & ventilators (Anodised aluminium)",t,kg,0.6575,INR,Formwork,CPWD Delhi Schedule of Rates 2021 Vol-II
IN,21.1.2.2,"Providing and fixing aluminium work for shutters of doors, windows & ventilators (Powder coated aluminium)",t,kg,0.6983,INR,Formwork,CPWD Delhi Schedule of Rates 2021 Vol-II
IN,21.1.2.3,"Providing and fixing aluminium work for shutters of doors, windows & ventilators (Polyester powder coated aluminium)",t,kg,0.7089,INR,Formwork,CPWD Delhi Schedule of Rates 2021 Vol-II
IN,21.3.1,"Providing and fixing glazing in aluminium door, window, ventilator shutters and partitions (With float glass panes of 4.0 mm thickness)",m2,sqm,1260.88,INR,Formwork,CPWD Delhi Schedule of Rates 2021 Vol-II
IN,21.3.2,"Providing and fixing glazing in aluminium door, window, ventilator shutters and partitions (With float glass panes of 5 mm thickness)",m2,sqm,1638.91,INR,Formwork,CPWD Delhi Schedule of Rates 2021 Vol-II
IN,21.3.3,"Providing and fixing glazing in aluminium door, window, ventilator shutters and partitions (With float glass panes of 8 mm thickness)",m2,sqm,1849.84,INR,Formwork,CPWD Delhi Schedule of Rates 2021 Vol-II
IN,21.9.2,"Extra for applying additional anodic coating AC 25 instead of AC 15 (For shutters of doors, windows & ventilators)",t,kg,0.0166,INR,Formwork,CPWD Delhi Schedule of Rates 2021 Vol-II
IN,26.10,Providing and fixing factory made Kitchen Cabinet Shutter/Partition,m2,sqm,5894.76,INR,Formwork,CPWD Delhi Schedule of Rates 2021 Vol-II
IN,26.4,Providing & fixing in position Phenol bonded Bamboowood panelled shutters,m2,sqm,6805.99,INR,Formwork,CPWD Delhi Schedule of Rates 2021 Vol-II
IN,26.64.1,"Centering and shuttering with 12mm thick shuttering plywood (Suspended floors, roofs, landings, balconies and access platform)",m2,sqm,112.02,INR,Formwork,CPWD Delhi Schedule of Rates 2021 Vol-II
IN,26.87.1,Providing and fixing factory made single extruded WPC solid plain flush door shutter (30 mm thick),m2,sqm,4888.72,INR,Formwork,CPWD Delhi Schedule of Rates 2021 Vol-II
IN,26.87.2,Providing and fixing factory made single extruded WPC solid plain flush door shutter (35 mm thick),m2,sqm,5633.1,INR,Formwork,CPWD Delhi Schedule of Rates 2021 Vol-II
IN,26.88.1,Providing and fixing factory made single extruded WPC solid decorative type flush door shutter (30 mm thick),m2,sqm,5350.77,INR,Formwork,CPWD Delhi Schedule of Rates 2021 Vol-II
IN,26.88.2,Providing and fixing factory made single extruded WPC solid decorative type flush door shutter (35 mm thick),m2,sqm,6095.21,INR,Formwork,CPWD Delhi Schedule of Rates 2021 Vol-II
IN,13.55.1,"Painting on rain water, soil waste and vent pipes with black anticorrosive bitumastic paint (100 mm diameter pipes)",m,metre,78.08,INR,M&E Containment,CPWD Delhi Schedule of Rates 2021 Vol-II
IN,13.55.2,"Painting on rain water, soil waste and vent pipes with black anticorrosive bitumastic paint (150 mm diameter pipes)",m,metre,116.41,INR,M&E Containment,CPWD Delhi Schedule of Rates 2021 Vol-II
IN,13.56.1,"Painting on rain water, soil waste and vent pipes with synthetic enamel paint (100 mm diameter pipes)",m,metre,85.31,INR,M&E Containment,CPWD Delhi Schedule of Rates 2021 Vol-II
IN,13.56.2,"Painting on rain water, soil waste and vent pipes with synthetic enamel paint (150 mm diameter pipes)",m,metre,127.04,INR,M&E Containment,CPWD Delhi Schedule of Rates 2021 Vol-II
IN,13.93.1,"Painting on rain water, soil, waste and vent pipes with black anticorrosive bitumastic paint (75 mm diameter pipes)",m,metre,58.54,INR,M&E Containment,CPWD Delhi Schedule of Rates 2021 Vol-II
IN,13.94.1,"Painting on rain water, soil waste and vent pipes with black anticorrosive bitumastic paint (75 mm diameter pipes, old work)",m,metre,27.51,INR,M&E Containment,CPWD Delhi Schedule of Rates 2021 Vol-II
IN,13.94.2,"Painting on rain water, soil waste and vent pipes with black anticorrosive bitumastic paint (100 mm diameter pipes, old work)",m,metre,36.35,INR,M&E Containment,CPWD Delhi Schedule of Rates 2021 Vol-II
IN,13.94.3,"Painting on rain water, soil waste and vent pipes with black anticorrosive bitumastic paint (150 mm diameter pipes, old work)",m,metre,52.36,INR,M&E Containment,CPWD Delhi Schedule of Rates 2021 Vol-II
IN,13.95.1,"Painting on rain water, soil waste and vent pipes with aluminium paint (75 mm diameter pipes)",m,metre,60.52,INR,M&E Containment,CPWD Delhi Schedule of Rates 2021 Vol-II
IN,13.95.2,"Painting on rain water, soil waste and vent pipes with aluminium paint (100 mm diameter pipes)",m,metre,83.71,INR,M&E Containment,CPWD Delhi Schedule of Rates 2021 Vol-II
IN,13.95.3,"Painting on rain water, soil waste and vent pipes with aluminium paint (150 mm diameter pipes)",m,metre,124.69,INR,M&E Containment,CPWD Delhi Schedule of Rates 2021 Vol-II
IN,13.96.1,"Painting on rain water, soil waste and vent pipes with synthetic enamel paint (75 mm diameter pipes, old work)",m,metre,29.05,INR,M&E Containment,CPWD Delhi Schedule of Rates 2021 Vol-II
IN,13.96.2,"Painting on rain water, soil waste and vent pipes with synthetic enamel paint (100 mm diameter pipes, old work)",m,metre,37.34,INR,M&E Containment,CPWD Delhi Schedule of Rates 2021 Vol-II
IN,13.96.3,"Painting on rain water, soil waste and vent pipes with synthetic enamel paint (150 mm diameter pipes, old work)",m,metre,53.72,INR,M&E Containment,CPWD Delhi Schedule of Rates 2021 Vol-II
IN,14.20,Fixing of old wind tie with new fittings,m,metre,132.29,INR,M&E Containment,CPWD Delhi Schedule of Rates 2021 Vol-II
IN,14.80,Providing & fixing White vitreous china water closet squatting pan (Indian type) along with S or P trap,item,each,3663.21,INR,M&E Containment,CPWD Delhi Schedule of Rates 2021 Vol-II
IN,14.80.1,Providing & fixing White vitreous china water closet squatting pan (Long pattern W.C Pan of size 580x440mm),item,each,4760.94,INR,M&E Containment,CPWD Delhi Schedule of Rates 2021 Vol-II
IN,14.80.2,Providing & fixing White vitreous china water closet squatting pan (Orissa pattern W.C Pan of size 580x440mm),item,each,4760.94,INR,M&E Containment,CPWD Delhi Schedule of Rates 2021 Vol-II
IN,14.84,Dismantling 15 to 40mm dia G.I. pipe (Internal Work- Exposed on wall),m,metre,3.52,INR,M&E Containment,CPWD Delhi Schedule of Rates 2021 Vol-II
IN,15.34.1,"Dismantling and stacking, fencing posts or struts (T or L iron or pipe)",item,each,238.58,INR,M&E Containment,CPWD Delhi Schedule of Rates 2021 Vol-II
IN,15.42.1,Dismantling C.I. or asbestos rain water pipe (75 to 80 mm dia pipe),m,metre,77.15,INR,M&E Containment,CPWD Delhi Schedule of Rates 2021 Vol-II
IN,15.42.2,Dismantling C.I. or asbestos rain water pipe (100 mm dia pipe),m,metre,79.5,INR,M&E Containment,CPWD Delhi Schedule of Rates 2021 Vol-II
IN,15.42.3,Dismantling C.I. or asbestos rain water pipe (150 mm dia pipe),m,metre,81.85,INR,M&E Containment,CPWD Delhi Schedule of Rates 2021 Vol-II
IN,15.44.1,Dismantling G.I. pipes (external work) (15 mm to 40 mm nominal bore),m,metre,153.44,INR,M&E Containment,CPWD Delhi Schedule of Rates 2021 Vol-II
IN,15.44.2,Dismantling G.I. pipes (external work) (Above 40 mm nominal bore),m,metre,165.99,INR,M&E Containment,CPWD Delhi Schedule of Rates 2021 Vol-II
IN,15.45.1,Dismantling C.I. pipes (Up to 150 mm diameter),m,metre,421.24,INR,M&E Containment,CPWD Delhi Schedule of Rates 2021 Vol-II
IN,15.45.2,Dismantling C.I. pipes (Above 150 mm dia up to 300 mm dia),m,metre,554.09,INR,M&E Containment,CPWD Delhi Schedule of Rates 2021 Vol-II
IN,15.45.3,Dismantling C.I. pipes (Above 300 mm diameter),m,metre,721.19,INR,M&E Containment,CPWD Delhi Schedule of Rates 2021 Vol-II
IN,15.46.1,Dismantling steel cylinder R.C. pipes (Up to 600 mm diameter),m,metre,710.75,INR,M&E Containment,CPWD Delhi Schedule of Rates 2021 Vol-II
IN,15.46.2,Dismantling steel cylinder R.C. pipes (Above 600 mm diameter),m,metre,1789.81,INR,M&E Containment,CPWD Delhi Schedule of Rates 2021 Vol-II
IN,15.47.1,Dismantling asbestos cement pressure pipes (Up to 150 mm diameter),m,metre,338.53,INR,M&E Containment,CPWD Delhi Schedule of Rates 2021 Vol-II
IN,15.47.2,Dismantling asbestos cement pressure pipes (Above 150 mm diameter),m,metre,410.8,INR,M&E Containment,CPWD Delhi Schedule of Rates 2021 Vol-II
IN,15.48,Taking out C.I. cover with frame from R.C.C. top slab of manholes,item,each,712.49,INR,M&E Containment,CPWD Delhi Schedule of Rates 2021 Vol-II
IN,15.52,Dismantling of flushing cistern of all types,item,each,920.64,INR,M&E Containment,CPWD Delhi Schedule of Rates 2021 Vol-II
IN,15.53.1,Dismantling of C.I. sluice valve (Up to 150 mm diameter),item,each,327.22,INR,M&E Containment,CPWD Delhi Schedule of Rates 2021 Vol-II
IN,15.53.2,Dismantling of C.I. sluice valve (Above 150 mm diameter),item,each,1207.47,INR,M&E Containment,CPWD Delhi Schedule of Rates 2021 Vol-II
IN,16.49,Making bell mouth opening/ entrance of size 100x50x50 cm for drainage pipe under footpath,item,each,3353.3,INR,M&E Containment,CPWD Delhi Schedule of Rates 2021 Vol-II
IN,17.1.1,Providing and fixing water closet squatting pan (White Vitreous china Orissa pattern W.C. pan),item,each,7148.06,INR,M&E Containment,CPWD Delhi Schedule of Rates 2021 Vol-II
IN,17.1.2,Providing and fixing water closet squatting pan (Stainless Steel AISI-304 Orissa pattern W.C. pan),item,each,12458.15,INR,M&E Containment,CPWD Delhi Schedule of Rates 2021 Vol-II
IN,17.13.1,Providing and fixing white vitreous china water closet squatting pan (Long pattern W.C. pan of size 580 mm),item,each,2062.06,INR,M&E Containment,CPWD Delhi Schedule of Rates 2021 Vol-II
IN,17.13.2,Providing and fixing white vitreous china water closet squatting pan (Orissa pattern W.C. pan of size 580x440 mm),item,each,3410.24,INR,M&E Containment,CPWD Delhi Schedule of Rates 2021 Vol-II
IN,17.15,Providing and fixing white vitreous china pedestal type (European type/ wash down type) water closet pan,item,each,2971.87,INR,M&E Containment,CPWD Delhi Schedule of Rates 2021 Vol-II
IN,17.16,Extra for using coloured pedestal type W.C pan (European type) with low level cistern of same colour instead of white vitreous china W.C pan and cistern,item,each,206.79,INR,M&E Containment,CPWD Delhi Schedule of Rates 2021 Vol-II
IN,17.18.1,Providing and fixing P.V.C. low level flushing cistern (10 litre capacity - White),item,each,1264.9,INR,M&E Containment,CPWD Delhi Schedule of Rates 2021 Vol-II
IN,17.18.2,Providing and fixing P.V.C. low level flushing cistern (10 litre capacity - coloured),item,each,1223.54,INR,M&E Containment,CPWD Delhi Schedule of Rates 2021 Vol-II
IN,17.19.1,"Providing and fixing controlled flush, low level cistern made of vitreous china (10 litre full flush capacity- white)",item,each,2387.3,INR,M&E Containment,CPWD Delhi Schedule of Rates 2021 Vol-II
IN,17.19.2,"Providing and fixing controlled flush, low level cistern made of vitreous china (10 litre full flush capacity- coloured)",item,each,3131.74,INR,M&E Containment,CPWD Delhi Schedule of Rates 2021 Vol-II
IN,17.2.1,Providing and fixing white vitreous china pedestal type water closet (W.C. pan with ISI marked white solid plastic seat and lid),item,each,6850.34,INR,M&E Containment,CPWD Delhi Schedule of Rates 2021 Vol-II
IN,17.2.2,Providing and fixing white vitreous china pedestal type water closet (W.C. pan with ISI marked black solid plastic seat and lid),item,each,6709.7,INR,M&E Containment,CPWD Delhi Schedule of Rates 2021 Vol-II
IN,17.22,Providing and fixing G.I. inlet connection for flush pipe connecting with W.C. pan,item,each,162.77,INR,M&E Containment,CPWD Delhi Schedule of Rates 2021 Vol-II
IN,17.23,Providing and fixing white vitreous china flat back or wall corner type lipped front urinal basin,item,each,1709.08,INR,M&E Containment,CPWD Delhi Schedule of Rates 2021 Vol-II
IN,17.24,Providing and fixing white vitreous china squatting plate urinal with integral rim longitudinal flush pipe,item,each,4190.59,INR,M&E Containment,CPWD Delhi Schedule of Rates 2021 Vol-II
IN,17.25.1,Providing and fixing white vitreous china wash basin (Flat back wash basin of size 630x450 mm),item,each,1421.37,INR,M&E Containment,CPWD Delhi Schedule of Rates 2021 Vol-II
IN,17.25.2,Providing and fixing white vitreous china wash basin (Flat back wash basin of size 550x400 mm),item,each,1131.86,INR,M&E Containment,CPWD Delhi Schedule of Rates 2021 Vol-II
IN,17.25.3,Providing and fixing white vitreous china wash basin (Angle back wash basin of size 600x480 mm),item,each,1421.37,INR,M&E Containment,CPWD Delhi Schedule of Rates 2021 Vol-II
IN,17.25.4,Providing and fixing white vitreous china wash basin (Angle back wash basin of size 400x400 mm),item,each,925.08,INR,M&E Containment,CPWD Delhi Schedule of Rates 2021 Vol-II
IN,17.25.5,Providing and fixing white vitreous china wash basin (Flat back wash basin of size 450x300 mm),item,each,685.21,INR,M&E Containment,CPWD Delhi Schedule of Rates 2021 Vol-II
IN,17.25.6,Providing and fixing white vitreous china wash basin (Surgeon type wash basin of size 660x460 mm),item,each,2041.67,INR,M&E Containment,CPWD Delhi Schedule of Rates 2021 Vol-II
IN,17.28.1.1,"Providing and fixing P.V.C. waste pipe for sink or wash basin (Semirigid pipe, 32 mm dia)",item,each,112.45,INR,M&E Containment,CPWD Delhi Schedule of Rates 2021 Vol-II
IN,17.28.1.2,"Providing and fixing P.V.C. waste pipe for sink or wash basin (Semirigid pipe, 40 mm dia)",item,each,125.68,INR,M&E Containment,CPWD Delhi Schedule of Rates 2021 Vol-II
IN,17.28.2.1,"Providing and fixing P.V.C. waste pipe for sink or wash basin (Flexible pipe, 32 mm dia)",item,each,129.02,INR,M&E Containment,CPWD Delhi Schedule of Rates 2021 Vol-II
IN,17.28.2.2,"Providing and fixing P.V.C. waste pipe for sink or wash basin (Flexible pipe, 40 mm dia)",item,each,129.02,INR,M&E Containment,CPWD Delhi Schedule of Rates 2021 Vol-II
IN,17.3.1,"Providing and fixing white vitreous china pedestal type water closet (W.C. pan with ISI marked white solid plastic seat and lid, 10 litre low level white vitreous china flushing cistern)",item,each,8582.22,INR,M&E Containment,CPWD Delhi Schedule of Rates 2021 Vol-II
IN,17.3.2,"Providing and fixing white vitreous china pedestal type water closet (W.C. pan with ISI marked black solid plastic seat and lid, 10 litre low level white vitreous china flushing cistern)",item,each,8441.58,INR,M&E Containment,CPWD Delhi Schedule of Rates 2021 Vol-II
IN,17.35.1.1,"Providing and fixing soil, waste and vent pipes (100 mm dia, Sand cast iron S&S pipe)",m,metre,1258.68,INR,M&E Containment,CPWD Delhi Schedule of Rates 2021 Vol-II
IN,17.35.1.2,"Providing and fixing soil, waste and vent pipes (100 mm dia, Centrifugally cast (spun) iron socket & spigot (S&S) pipe)",m,metre,1332.05,INR,M&E Containment,CPWD Delhi Schedule of Rates 2021 Vol-II
IN,17.35.1.3,"Providing and fixing soil, waste and vent pipes (100 mm dia, Hubless centrifugally cast (spun) iron pipes epoxy coated)",m,metre,1312.09,INR,M&E Containment,CPWD Delhi Schedule of Rates 2021 Vol-II
IN,17.35.2.1,"Providing and fixing soil, waste and vent pipes (75 mm diameter, Sand cast iron S&S pipe)",m,metre,1151.75,INR,M&E Containment,CPWD Delhi Schedule of Rates 2021 Vol-II
IN,17.35.2.2,"Providing and fixing soil, waste and vent pipes (75 mm diameter, Centrifugally cast (spun) iron socketed pipe)",m,metre,1288.42,INR,M&E Containment,CPWD Delhi Schedule of Rates 2021 Vol-II
IN,17.35.2.3,"Providing and fixing soil, waste and vent pipes (75 mm diameter, Hubless centrifugally cast (spun) iron pipes epoxy coated)",m,metre,1072.61,INR,M&E Containment,CPWD Delhi Schedule of Rates 2021 Vol-II
IN,17.36.1,"Providing and filling the joints with spun yarn, cement slurry and cement mortar 1:2 in S.C.I./ C.I. Pipes (75 mm dia pipe)",item,each,171.49,INR,M&E Containment,CPWD Delhi Schedule of Rates 2021 Vol-II
IN,17.36.2,"Providing and filling the joints with spun yarn, cement slurry and cement mortar 1:2 in S.C.I./ C.I. Pipes (100 mm dia pipe)",item,each,202.09,INR,M&E Containment,CPWD Delhi Schedule of Rates 2021 Vol-II
IN,17.37.1,Providing and fixing M.S. holder-bat clamps of approved design to Sand Cast iron/cast iron (spun) pipe (For 100 mm dia pipe),item,each,381.35,INR,M&E Containment,CPWD Delhi Schedule of Rates 2021 Vol-II
IN,17.37.2,Providing and fixing M.S. holder-bat clamps of approved design to Sand Cast iron/cast iron (spun) pipe (For 75 mm dia pipe),item,each,376.41,INR,M&E Containment,CPWD Delhi Schedule of Rates 2021 Vol-II
IN,17.39.1.3,"Providing and fixing plain bend of required degree (100 mm dia, Hubless centrifugally cast (spun) iron pipes epoxy coated)",item,each,427.86,INR,M&E Containment,CPWD Delhi Schedule of Rates 2021 Vol-II
IN,17.39.2.3,"Providing and fixing plain bend of required degree (75 mm dia, Hubless centrifugally cast (spun) iron pipes epoxy coated)",item,each,302.54,INR,M&E Containment,CPWD Delhi Schedule of Rates 2021 Vol-II
IN,17.4.1,Providing and fixing white vitreous china flat back or wall corner type lipped front urinal basin (One urinal basin with 5 litre white P.V.C. automatic flushing cistern),item,each,6514.4,INR,M&E Containment,CPWD Delhi Schedule of Rates 2021 Vol-II
IN,17.4.2,Providing and fixing white vitreous china flat back or wall corner type lipped front urinal basin (Range of two urinal basins with 5 litre white P.V.C. automatic flushing cistern),item,each,10034.06,INR,M&E Containment,CPWD Delhi Schedule of Rates 2021 Vol-II
IN,17.4.3,Providing and fixing white vitreous china flat back or wall corner type lipped front urinal basin (Range of three urinal basins with 10 litre white P.V.C. automatic flushing cistern),item,each,13917.41,INR,M&E Containment,CPWD Delhi Schedule of Rates 2021 Vol-II
IN,17.4.4,Providing and fixing white vitreous china flat back or wall corner type lipped front urinal basin (Range of four urinal basins with 10 litre white P.V.C. automatic flushing cistern),item,each,19243.76,INR,M&E Containment,CPWD Delhi Schedule of Rates 2021 Vol-II
IN,17.40.1.1,"Providing and fixing heel rest sanitary bend (100 mm dia, Sand cast iron S&S as per IS -1729)",item,each,634.62,INR,M&E Containment,CPWD Delhi Schedule of Rates 2021 Vol-II
IN,17.40.1.2,"Providing and fixing heel rest sanitary bend (100 mm dia, Sand cast iron S&S as per IS -3989)",item,each,543.71,INR,M&E Containment,CPWD Delhi Schedule of Rates 2021 Vol-II
IN,17.40.2.1,"Providing and fixing heel rest sanitary bend (75 mm dia, Sand cast iron S&S as per IS -1729)",item,each,534.13,INR,M&E Containment,CPWD Delhi Schedule of Rates 2021 Vol-II
IN,17.40.2.2,"Providing and fixing heel rest sanitary bend (75 mm dia, Sand cast iron S&S as per IS -3989)",item,each,501.05,INR,M&E Containment,CPWD Delhi Schedule of Rates 2021 Vol-II
IN,17.42.1.3,"Providing and fixing double equal plain junction of required degree (100x100x100x100 mm, Hubless centrifugally cast (spun) iron pipes epoxy coated)",item,each,891.08,INR,M&E Containment,CPWD Delhi Schedule of Rates 2021 Vol-II
IN,17.42.2.3,"Providing and fixing double equal plain junction of required degree (75x75x75x75 mm, Hubless centrifugally cast (spun) iron pipes epoxy coated)",item,each,492.75,INR,M&E Containment,CPWD Delhi Schedule of Rates 2021 Vol-II
IN,17.5.1,Providing and fixing white vitreous china flat back half stall urinal (Single half stall urinal with 5 litre P.V.C. automatic flushing cistern),item,each,12522.63,INR,M&E Containment,CPWD Delhi Schedule of Rates 2021 Vol-II
IN,17.5.2,Providing and fixing white vitreous china flat back half stall urinal (Range of two half stall urinals with 5 litre P.V.C. automatic flushing cistern),item,each,18688.68,INR,M&E Containment,CPWD Delhi Schedule of Rates 2021 Vol-II
IN,17.5.3,Providing and fixing white vitreous china flat back half stall urinal (Range of three half stall urinals with 10 litre P.V.C. automatic flushing cistern),item,each,22930.83,INR,M&E Containment,CPWD Delhi Schedule of Rates 2021 Vol-II
IN,17.5.4,Providing and fixing white vitreous china flat back half stall urinal (Range of four half stall urinals with 10 litre P.V.C. automatic flushing cistern),item,each,27053.61,INR,M&E Containment,CPWD Delhi Schedule of Rates 2021 Vol-II
IN,17.53.1.1,"Providing and fixing sand cast iron S&S off sets as per IS: 1729 (76 mm off sets, With 75 mm dia pipe)",item,each,401.77,INR,M&E Containment,CPWD Delhi Schedule of Rates 2021 Vol-II
IN,17.53.1.2,"Providing and fixing sand cast iron S&S off sets as per IS: 1729 (76 mm off sets, With 100 mm dia pipe)",item,each,633.32,INR,M&E Containment,CPWD Delhi Schedule of Rates 2021 Vol-II
IN,17.53.2.1,"Providing and fixing sand cast iron S&S off sets as per IS: 1729 (114 mm off sets, With 75 mm dia pipe)",item,each,560.21,INR,M&E Containment,CPWD Delhi Schedule of Rates 2021 Vol-II
IN,17.53.2.2,"Providing and fixing sand cast iron S&S off sets as per IS: 1729 (114 mm off sets, With 100 mm dia pipe)",item,each,692.57,INR,M&E Containment,CPWD Delhi Schedule of Rates 2021 Vol-II
IN,17.53.3.1,"Providing and fixing sand cast iron S&S off sets as per IS: 1729 (152 mm off sets, With 75 mm dia pipe)",item,each,658.43,INR,M&E Containment,CPWD Delhi Schedule of Rates 2021 Vol-II
IN,17.53.3.2,"Providing and fixing sand cast iron S&S off sets as per IS: 1729 (152 mm off sets, With 100 mm dia pipe)",item,each,823.86,INR,M&E Containment,CPWD Delhi Schedule of Rates 2021 Vol-II
IN,17.53A.1.1,"Providing and fixing Hubless centrifugally cast iron offsets epoxy coated inside & outside as per IS:15905 (65 mm offsets, With 100 mm dia pipe)",item,each,633.32,INR,M&E Containment,CPWD Delhi Schedule of Rates 2021 Vol-II
IN,17.53A.1.2,"Providing and fixing Hubless centrifugally cast iron offsets epoxy coated inside & outside as per IS:15905 (65 mm offsets, With 75 mm dia pipe)",item,each,525.83,INR,M&E Containment,CPWD Delhi Schedule of Rates 2021 Vol-II
IN,17.54.1.1,"Providing and fixing sand cast iron S&S off sets as per IS: 3989 (75 mm off sets, With 75 mm dia pipe)",item,each,418.33,INR,M&E Containment,CPWD Delhi Schedule of Rates 2021 Vol-II
IN,17.54.2.1,"Providing and fixing sand cast iron S&S off sets as per IS: 3989 (150 mm off sets, With 75 mm dia pipe)",item,each,552.79,INR,M&E Containment,CPWD Delhi Schedule of Rates 2021 Vol-II
IN,17.54.2.2,"Providing and fixing sand cast iron S&S off sets as per IS: 3989 (150 mm off sets, With 100 mm dia pipe)",item,each,718.21,INR,M&E Containment,CPWD Delhi Schedule of Rates 2021 Vol-II
IN,17.57A.1.1,"Providing and fixing shielded coupling for Hubless centrifugally cast iron pipe (100 mm dia, SS 304 grade coupling with EPDM rubber gasket)",item,each,502.32,INR,M&E Containment,CPWD Delhi Schedule of Rates 2021 Vol-II
IN,17.57A.2.1,"Providing and fixing shielded coupling for Hubless centrifugally cast iron pipe (75 mm dia, SS 304 grade coupling with EPDM rubber gasket)",item,each,451.41,INR,M&E Containment,CPWD Delhi Schedule of Rates 2021 Vol-II
IN,17.58.1,Providing lead caulked joints to sand cast iron/centrifugally cast (spun) iron pipes and fittings of diameter (100 mm),item,each,679.58,INR,M&E Containment,CPWD Delhi Schedule of Rates 2021 Vol-II
IN,17.58.2,Providing lead caulked joints to sand cast iron/centrifugally cast (spun) iron pipes and fittings of diameter (75 mm),item,each,576.65,INR,M&E Containment,CPWD Delhi Schedule of Rates 2021 Vol-II
IN,17.58.3,Providing lead caulked joints to sand cast iron/centrifugally cast (spun) iron pipes and fittings of diameter (50 mm),item,each,465.92,INR,M&E Containment,CPWD Delhi Schedule of Rates 2021 Vol-II
IN,17.59.1,Providing and fixing M.S. stays and clamps for sand cast iron/ centrifugally cast (spun) iron pipes of diameter (100 mm),item,each,159.07,INR,M&E Containment,CPWD Delhi Schedule of Rates 2021 Vol-II
IN,17.59.2,Providing and fixing M.S. stays and clamps for sand cast iron/ centrifugally cast (spun) iron pipes of diameter (75 mm),item,each,99.03,INR,M&E Containment,CPWD Delhi Schedule of Rates 2021 Vol-II
IN,17.59.3,Providing and fixing M.S. stays and clamps for sand cast iron/ centrifugally cast (spun) iron pipes of diameter (50 mm),item,each,91.18,INR,M&E Containment,CPWD Delhi Schedule of Rates 2021 Vol-II
IN,17.6.1,Providing and fixing one piece construction white vitreous china squatting plate (Single squatting plate with 5 litre P.V.C. automatic flushing cistern),item,each,9585.32,INR,M&E Containment,CPWD Delhi Schedule of Rates 2021 Vol-II
IN,17.6.2,Providing and fixing one piece construction white vitreous china squatting plate (Range of two squatting plates with 5 litre P.V.C. automatic flushing cistern),item,each,13947.97,INR,M&E Containment,CPWD Delhi Schedule of Rates 2021 Vol-II
IN,17.6.3,Providing and fixing one piece construction white vitreous china squatting plate (Range of three squatting plates with 10 litre P.V.C. automatic flushing cistern),item,each,18320.17,INR,M&E Containment,CPWD Delhi Schedule of Rates 2021 Vol-II
IN,17.6.4,Providing and fixing one piece construction white vitreous china squatting plate (Range of four squatting plates with 10 litre P.V.C. automatic flushing cistern),item,each,21988.57,INR,M&E Containment,CPWD Delhi Schedule of Rates 2021 Vol-II
IN,17.62,Painting C.I. cistern with bitumastic or any other anti-corrosive paint inside and white paint over a coat of zinc chromate yellow primer on the outside surface,item,each,1044.43,INR,M&E Containment,CPWD Delhi Schedule of Rates 2021 Vol-II
IN,17.63,Re-painting C.I. cistern with bitumastic or any other anti-corrosive paint inside and white paint on the outside surface,item,each,693.19,INR,M&E Containment,CPWD Delhi Schedule of Rates 2021 Vol-II
IN,17.64,"Repainting C.I. cistern with synthetic enamel paint of approved colour, brand and manufacture on the outside surface",item,each,301.68,INR,M&E Containment,CPWD Delhi Schedule of Rates 2021 Vol-II
IN,17.65.1,"Painting sand cast iron/ centrifugally cast (spun) iron soil, waste vent pipes and fittings with two coats of synthetic enamel paint (100 mm diameter pipe)",m,metre,85.99,INR,M&E Containment,CPWD Delhi Schedule of Rates 2021 Vol-II
IN,17.65.2,"Painting sand cast iron/ centrifugally cast (spun) iron soil, waste vent pipes and fittings with two coats of synthetic enamel paint (75 mm diameter pipe)",m,metre,65.41,INR,M&E Containment,CPWD Delhi Schedule of Rates 2021 Vol-II
IN,17.66.1,"Repainting sand cast iron/centrifugally cast iron (spun) iron, soil, waste, vent pipes and fittings with one coat of synthetic enamel paint (100 mm diameter pipe)",m,metre,41.3,INR,M&E Containment,CPWD Delhi Schedule of Rates 2021 Vol-II
IN,17.66.2,"Repainting sand cast iron/centrifugally cast iron (spun) iron, soil, waste, vent pipes and fittings with one coat of synthetic enamel paint (75 mm diameter pipe)",m,metre,30.91,INR,M&E Containment,CPWD Delhi Schedule of Rates 2021 Vol-II
IN,17.68.1,Providing and fixing vitreous china dual purpose closet (White vitreous china dual purpose WC pan with white solid plastic seat and lid with white vitreous china flushing cistern and C.P. flush bend),item,each,12768.85,INR,M&E Containment,CPWD Delhi Schedule of Rates 2021 Vol-II
IN,17.7.1,Providing and fixing wash basin with C.I. brackets (White Vitreous China Wash basin size 630x450 mm with a pair of 15 mm C.P. brass pillar taps),item,each,4194.92,INR,M&E Containment,CPWD Delhi Schedule of Rates 2021 Vol-II
IN,17.7.10,Providing and fixing wash basin with C.I. brackets (Stainless Steel AISI-304 Round basin 405x355 mm with single 15 mm C.P. brass pillar tap),item,each,4948.69,INR,M&E Containment,CPWD Delhi Schedule of Rates 2021 Vol-II
IN,17.7.11,Providing and fixing wash basin with C.I. brackets (Stainless Steel AISI-304 Wash basin 530x345 mm with single 15 mm C.P. brass pillar tap),item,each,5775.78,INR,M&E Containment,CPWD Delhi Schedule of Rates 2021 Vol-II
IN,17.7.2,Providing and fixing wash basin with C.I. brackets (White Vitreous China Wash basin size 630x450 mm with a single 15 mm C.P. brass pillar tap),item,each,3666.67,INR,M&E Containment,CPWD Delhi Schedule of Rates 2021 Vol-II
IN,17.7.3,Providing and fixing wash basin with C.I. brackets (White Vitreous China Wash basin size 550x400 mm with a pair of 15 mm C.P. brass pillar taps),item,each,3905.42,INR,M&E Containment,CPWD Delhi Schedule of Rates 2021 Vol-II
IN,17.7.4,Providing and fixing wash basin with C.I. brackets (White Vitreous China Flat back wash basin size 550x400 mm with single 15 mm C.P. brass pillar tap),item,each,3377.16,INR,M&E Containment,CPWD Delhi Schedule of Rates 2021 Vol-II
IN,17.7.5,Providing and fixing wash basin with C.I. brackets (White Vitreous China Angle back wash basin size 600x480 mm with single 15mm C.P. brass pillar tap),item,each,3666.67,INR,M&E Containment,CPWD Delhi Schedule of Rates 2021 Vol-II
IN,17.7.6,Providing and fixing wash basin with C.I. brackets (White Vitreous China Angle back wash basin size 400 x 400 mm with single 15 mm C.P. brass pillar tap),item,each,3170.38,INR,M&E Containment,CPWD Delhi Schedule of Rates 2021 Vol-II
IN,17.7.7,Providing and fixing wash basin with C.I. brackets (White Vitreous China Flat back wash basin size 450x300 mm with single 15mm C.P. brass pillar tap),item,each,2930.51,INR,M&E Containment,CPWD Delhi Schedule of Rates 2021 Vol-II
IN,17.7.8,Providing and fixing wash basin with C.I. brackets (White Vitreous China Surgeon type wash basin of size 660x460 mm with a pair of 15 mm C.P. brass pillar taps with elbow including operated levers),item,each,5344.59,INR,M&E Containment,CPWD Delhi Schedule of Rates 2021 Vol-II
IN,17.7.9,Providing and fixing wash basin with C.I. brackets (White Vitreous China Surgeon type wash basin of size 660x460 mm with single 15 mm C.P. brass pillar taps with elbow operated levers ISI Marked),item,each,4551.68,INR,M&E Containment,CPWD Delhi Schedule of Rates 2021 Vol-II
IN,17.77.1,Providing and fixing M.S. holder bat clamp of approved design to sand cast iron/cast iron (spun) pipes (Total bracket length 580 mm),item,each,306.56,INR,M&E Containment,CPWD Delhi Schedule of Rates 2021 Vol-II
IN,17.77.2,Providing and fixing M.S. holder bat clamp of approved design to sand cast iron/cast iron (spun) pipes (Total bracket length 810 mm),item,each,379.44,INR,M&E Containment,CPWD Delhi Schedule of Rates 2021 Vol-II
IN,17.77.3,Providing and fixing M.S. holder bat clamp of approved design to sand cast iron/cast iron (spun) pipes (Total bracket length 1040 mm),item,each,452.07,INR,M&E Containment,CPWD Delhi Schedule of Rates 2021 Vol-II
IN,17.78,Providing and fixing white vitreous china extended wall mounting water closet of size 780x370x690 mm,item,each,16119.99,INR,M&E Containment,CPWD Delhi Schedule of Rates 2021 Vol-II
IN,17.79,Providing & fixing white vitreous china water less urinal of size 600 x 330 x 315 mm,item,each,19743.27,INR,M&E Containment,CPWD Delhi Schedule of Rates 2021 Vol-II
IN,17.7A,"Providing and fixing wash basin with C.I. brackets, 15 mm dia CP Brass single hole basin mixer (White Vitreous China Wash basin size 550x400 mm)",item,each,5616.22,INR,M&E Containment,CPWD Delhi Schedule of Rates 2021 Vol-II
IN,17.8,Providing and fixing white vitreous china pedestal for wash basin completely recessed at the back for the reception of pipes and fittings,item,each,1854.66,INR,M&E Containment,CPWD Delhi Schedule of Rates 2021 Vol-II
IN,17.80,Providing and fixing white vitreous china battery based infrared sensor operated urinal,item,each,8660.09,INR,M&E Containment,CPWD Delhi Schedule of Rates 2021 Vol-II
IN,17.81,"Providing and fixing floor mounted, white vitreous china single piece, double traps siphonic water closet",item,each,19908.37,INR,M&E Containment,CPWD Delhi Schedule of Rates 2021 Vol-II
IN,18.1.1,"Providing and fixing PE-AL-PE Composite Pressure Pipes (1216 (16 mm OD) pipe, Internal Work - Exposed on Wall)",m,metre,364.18,INR,M&E Containment,CPWD Delhi Schedule of Rates 2021 Vol-II
IN,18.1.2,"Providing and fixing PE-AL-PE Composite Pressure Pipes (1620 (20 mm OD) pipe, Internal Work - Exposed on Wall)",m,metre,404.55,INR,M&E Containment,CPWD Delhi Schedule of Rates 2021 Vol-II
IN,18.1.3,"Providing and fixing PE-AL-PE Composite Pressure Pipes (2025 (25 mm OD) pipe, Internal Work - Exposed on Wall)",m,metre,530.99,INR,M&E Containment,CPWD Delhi Schedule of Rates 2021 Vol-II
IN,18.1.4,"Providing and fixing PE-AL-PE Composite Pressure Pipes (2532 (32 mm OD) pipe, Internal Work - Exposed on Wall)",m,metre,651.66,INR,M&E Containment,CPWD Delhi Schedule of Rates 2021 Vol-II
IN,18.1.5,"Providing and fixing PE-AL-PE Composite Pressure Pipes (3240 (40 mm OD) pipe, Internal Work - Exposed on Wall)",m,metre,941.38,INR,M&E Containment,CPWD Delhi Schedule of Rates 2021 Vol-II
IN,18.1.6,"Providing and fixing PE-AL-PE Composite Pressure Pipes (4050 (50 mm OD) pipe, Internal Work - Exposed on Wall)",m,metre,1113.34,INR,M&E Containment,CPWD Delhi Schedule of Rates 2021 Vol-II
IN,18.10.1,"Providing and fixing G.I. Pipes (15 mm dia nominal bore, Internal work - Exposed on wall)",m,metre,376.03,INR,M&E Containment,CPWD Delhi Schedule of Rates 2021 Vol-II
IN,18.10.2,"Providing and fixing G.I. Pipes (20 mm dia nominal bore, Internal work - Exposed on wall)",m,metre,461.65,INR,M&E Containment,CPWD Delhi Schedule of Rates 2021 Vol-II
IN,18.10.3,"Providing and fixing G.I. Pipes (25 mm dia nominal bore, Internal work - Exposed on wall)",m,metre,607.32,INR,M&E Containment,CPWD Delhi Schedule of Rates 2021 Vol-II
IN,18.10.4,"Providing and fixing G.I. Pipes (32 mm dia nominal bore, Internal work - Exposed on wall)",m,metre,696.86,INR,M&E Containment,CPWD Delhi Schedule of Rates 2021 Vol-II
IN,18.10.5,"Providing and fixing G.I. Pipes (40 mm dia nominal bore, Internal work - Exposed on wall)",m,metre,896.62,INR,M&E Containment,CPWD Delhi Schedule of Rates 2021 Vol-II
IN,18.10.6,"Providing and fixing G.I. Pipes (50 mm dia nominal bore, Internal work - Exposed on wall)",m,metre,1104.25,INR,M&E Containment,CPWD Delhi Schedule of Rates 2021 Vol-II
IN,18.100.1,"Providing and fixing required Stainless Steel Fitting of press fit design of grade AISI 304 (Male Threaded Elbow 90°, For 15.88 mm outer dia x 15 mm nominal dia threaded)",item,each,322.58,INR,M&E Containment,CPWD Delhi Schedule of Rates 2021 Vol-II
IN,18.100.10,"Providing and fixing required Stainless Steel Fitting of press fit design of grade AISI 304 (Male Threaded Elbow 90°, For 48.60 mm outer dia x 50 mm nominal dia threaded)",item,each,1149.66,INR,M&E Containment,CPWD Delhi Schedule of Rates 2021 Vol-II
IN,18.100.2,"Providing and fixing required Stainless Steel Fitting of press fit design of grade AISI 304 (Male Threaded Elbow 90°, For 22.22 mm outer dia x 15 mm nominal dia threaded)",item,each,372.22,INR,M&E Containment,CPWD Delhi Schedule of Rates 2021 Vol-II
IN,18.100.3,"Providing and fixing required Stainless Steel Fitting of press fit design of grade AISI 304 (Male Threaded Elbow 90°, For 22.22 mm outer dia x 20 mm nominal dia threaded)",item,each,372.22,INR,M&E Containment,CPWD Delhi Schedule of Rates 2021 Vol-II
IN,18.100.4,"Providing and fixing required Stainless Steel Fitting of press fit design of grade AISI 304 (Male Threaded Elbow 90°, For 28.58 mm outer dia x 25 mm nominal dia threaded)",item,each,372.22,INR,M&E Containment,CPWD Delhi Schedule of Rates 2021 Vol-II
IN,18.100.5,"Providing and fixing required Stainless Steel Fitting of press fit design of grade AISI 304 (Male Threaded Elbow 90°, For 34.00 mm outer dia x 25 mm nominal dia threaded)",item,each,479.72,INR,M&E Containment,CPWD Delhi Schedule of Rates 2021 Vol-II
IN,18.100.6,"Providing and fixing required Stainless Steel Fitting of press fit design of grade AISI 304 (Male Threaded Elbow 90°, For 34.00 mm outer dia x 32 mm nominal dia threaded)",item,each,479.72,INR,M&E Containment,CPWD Delhi Schedule of Rates 2021 Vol-II
IN,18.100.7,"Providing and fixing required Stainless Steel Fitting of press fit design of grade AISI 304 (Male Threaded Elbow 90°, For 42.70 mm outer dia x 32 mm nominal dia threaded)",item,each,793.98,INR,M&E Containment,CPWD Delhi Schedule of Rates 2021 Vol-II
IN,18.100.8,"Providing and fixing required Stainless Steel Fitting of press fit design of grade AISI 304 (Male Threaded Elbow 90°, For 42.70 mm outer dia x 40 mm nominal dia threaded)",item,each,793.98,INR,M&E Containment,CPWD Delhi Schedule of Rates 2021 Vol-II
IN,18.100.9,"Providing and fixing required Stainless Steel Fitting of press fit design of grade AISI 304 (Male Threaded Elbow 90°, For 48.60 mm outer dia x 40 mm nominal dia threaded)",item,each,1149.66,INR,M&E Containment,CPWD Delhi Schedule of Rates 2021 Vol-II
IN,18.100A.1,"Providing and fixing required Stainless Steel Fitting of press fit design of grade 316L (Male Threaded Elbow 90°, For 15mm outer dia X 1/2\ nominal dia threaded)""",item,each,868.44,INR,M&E Containment,CPWD Delhi Schedule of Rates 2021 Vol-II
IN,18.100A.2,"Providing and fixing required Stainless Steel Fitting of press fit design of grade 316L (Male Threaded Elbow 90°, For 22mm outer dia X 3/4\ nominal dia threaded)""",item,each,1306.82,INR,M&E Containment,CPWD Delhi Schedule of Rates 2021 Vol-II
IN,18.100A.3,"Providing and fixing required Stainless Steel Fitting of press fit design of grade 316L (Male Threaded Elbow 90°, For 28mm outer dia X 1\ nominal dia threaded)""",item,each,1728.68,INR,M&E Containment,CPWD Delhi Schedule of Rates 2021 Vol-II
IN,18.100A.4,"Providing and fixing required Stainless Steel Fitting of press fit design of grade 316L (Male Threaded Elbow 90°, For 35mm outer dia X 1-1/4\ nominal dia threaded)""",item,each,2382.14,INR,M&E Containment,CPWD Delhi Schedule of Rates 2021 Vol-II
IN,18.100A.5,"Providing and fixing required Stainless Steel Fitting of press fit design of grade 316L (Male Threaded Elbow 90°, For 42mm outer dia X 1-1/2\ nominal dia threaded)""",item,each,4359.87,INR,M&E Containment,CPWD Delhi Schedule of Rates 2021 Vol-II
IN,18.100A.6,"Providing and fixing required Stainless Steel Fitting of press fit design of grade 316L (Male Threaded Elbow 90°, For 54mm outer dia X 2\ mm nominal dia threaded)""",item,each,4960.83,INR,M&E Containment,CPWD Delhi Schedule of Rates 2021 Vol-II
IN,18.101.1,"Providing and fixing required Stainless Steel Fitting of press fit design of grade AISI 304 (Cap, For 15.88 mm outer dia pipe)",item,each,79.38,INR,M&E Containment,CPWD Delhi Schedule of Rates 2021 Vol-II
IN,18.101.2,"Providing and fixing required Stainless Steel Fitting of press fit design of grade AISI 304 (Cap, For 22.22 mm outer dia pipe)",item,each,115.79,INR,M&E Containment,CPWD Delhi Schedule of Rates 2021 Vol-II
IN,18.101.3,"Providing and fixing required Stainless Steel Fitting of press fit design of grade AISI 304 (Cap, For 28.58 mm outer dia pipe)",item,each,148.86,INR,M&E Containment,CPWD Delhi Schedule of Rates 2021 Vol-II
IN,18.101.4,"Providing and fixing required Stainless Steel Fitting of press fit design of grade AISI 304 (Cap, For 34.00 mm outer dia pipe)",item,each,289.51,INR,M&E Containment,CPWD Delhi Schedule of Rates 2021 Vol-II
IN,18.101.5,"Providing and fixing required Stainless Steel Fitting of press fit design of grade AISI 304 (Cap, For 42.70 mm outer dia pipe)",item,each,413.58,INR,M&E Containment,CPWD Delhi Schedule of Rates 2021 Vol-II
IN,18.101.6,"Providing and fixing required Stainless Steel Fitting of press fit design of grade AISI 304 (Cap, For 48.60 mm outer dia pipe)",item,each,537.71,INR,M&E Containment,CPWD Delhi Schedule of Rates 2021 Vol-II
IN,18.101A.1,"Providing and fixing required Stainless Steel Fitting of press fit design of grade 316L (Cap, For 15 mm outer dia pipe)",item,each,529.41,INR,M&E Containment,CPWD Delhi Schedule of Rates 2021 Vol-II
IN,18.101A.2,"Providing and fixing required Stainless Steel Fitting of press fit design of grade 316L (Cap, For 22 mm outer dia pipe)",item,each,686.61,INR,M&E Containment,CPWD Delhi Schedule of Rates 2021 Vol-II
IN,18.101A.3,"Providing and fixing required Stainless Steel Fitting of press fit design of grade 316L (Cap, For 28 mm outer dia pipe)",item,each,852.06,INR,M&E Containment,CPWD Delhi Schedule of Rates 2021 Vol-II
IN,18.101A.4,"Providing and fixing required Stainless Steel Fitting of press fit design of grade 316L (Cap, For 35 mm outer dia pipe)",item,each,1191.02,INR,M&E Containment,CPWD Delhi Schedule of Rates 2021 Vol-II
IN,18.101A.5,"Providing and fixing required Stainless Steel Fitting of press fit design of grade 316L (Cap, For 42 mm outer dia pipe)",item,each,2589.84,INR,M&E Containment,CPWD Delhi Schedule of Rates 2021 Vol-II
IN,18.101A.6,"Providing and fixing required Stainless Steel Fitting of press fit design of grade 316L (Cap, For 54 mm outer dia pipe)",item,each,2845.87,INR,M&E Containment,CPWD Delhi Schedule of Rates 2021 Vol-II
IN,18.102.1,"Providing and fixing required Stainless Steel Fitting of press fit design of grade AISI 304 (Pipe Bridge, For 15.88 mm outer dia pipe)",item,each,363.93,INR,M&E Containment,CPWD Delhi Schedule of Rates 2021 Vol-II
IN,18.102.2,"Providing and fixing required Stainless Steel Fitting of press fit design of grade AISI 304 (Pipe Bridge, For 22.22 mm outer dia pipe)",item,each,479.72,INR,M&E Containment,CPWD Delhi Schedule of Rates 2021 Vol-II
IN,18.102.3,"Providing and fixing required Stainless Steel Fitting of press fit design of grade AISI 304 (Pipe Bridge, For 28.58 mm outer dia pipe)",item,each,686.61,INR,M&E Containment,CPWD Delhi Schedule of Rates 2021 Vol-II
IN,18.102A.1,"Providing and fixing required Stainless Steel Fitting of press fit design of grade 316L (Pipe Bridge, For 15 mm outer dia pipe)",item,each,686.61,INR,M&E Containment,CPWD Delhi Schedule of Rates 2021 Vol-II
IN,18.102A.2,"Providing and fixing required Stainless Steel Fitting of press fit design of grade 316L (Pipe Bridge, For 22 mm outer dia pipe)",item,each,1836.18,INR,M&E Containment,CPWD Delhi Schedule of Rates 2021 Vol-II
IN,18.102A.3,"Providing and fixing required Stainless Steel Fitting of press fit design of grade 316L (Pipe Bridge, For 28 mm outer dia pipe)",item,each,2524.36,INR,M&E Containment,CPWD Delhi Schedule of Rates 2021 Vol-II
IN,18.103.1,"Providing and fixing required Stainless Steel Fitting of press fit design of grade 316L (Male Union, For 15mm outer dia X 1/2\ nominal dia threaded)""",item,each,1464.36,INR,M&E Containment,CPWD Delhi Schedule of Rates 2021 Vol-II
IN,18.103.2,"Providing and fixing required Stainless Steel Fitting of press fit design of grade 316L (Male Union, For 22mm outer dia X 1/2\ nominal dia threaded)""",item,each,1480.93,INR,M&E Containment,CPWD Delhi Schedule of Rates 2021 Vol-II
IN,18.103.3,"Providing and fixing required Stainless Steel Fitting of press fit design of grade 316L (Male Union, For 22mm outer dia X 3/4\ nominal dia threaded)""",item,each,1695.65,INR,M&E Containment,CPWD Delhi Schedule of Rates 2021 Vol-II
IN,18.103.4,"Providing and fixing required Stainless Steel Fitting of press fit design of grade 316L (Male Union, For 28mm outer dia X 1\ nominal dia threaded)""",item,each,2986.03,INR,M&E Containment,CPWD Delhi Schedule of Rates 2021 Vol-II
IN,18.103.5,"Providing and fixing required Stainless Steel Fitting of press fit design of grade 316L (Male Union, For 35mm outer dia X 1-1/4\ nominal dia threaded)""",item,each,3118.17,INR,M&E Containment,CPWD Delhi Schedule of Rates 2021 Vol-II
IN,18.103.6,"Providing and fixing required Stainless Steel Fitting of press fit design of grade 316L (Male Union, For 42mm outer dia X 1-1/2\ nominal dia threaded)""",item,each,3523.5,INR,M&E Containment,CPWD Delhi Schedule of Rates 2021 Vol-II
IN,18.103.7,"Providing and fixing required Stainless Steel Fitting of press fit design of grade 316L (Male Union, For 54mm outer dia X 2\ nominal dia threaded)""",item,each,6087.55,INR,M&E Containment,CPWD Delhi Schedule of Rates 2021 Vol-II
IN,18.104.1,"Providing and fixing required Stainless Steel Fitting of press fit design of grade 316L (Female Union, For 22 mm outer dia X 3/4\ nominal dia threaded)""",item,each,1571.73,INR,M&E Containment,CPWD Delhi Schedule of Rates 2021 Vol-II
IN,18.104.2,"Providing and fixing required Stainless Steel Fitting of press fit design of grade 316L (Female Union, For 28mm outer dia X 1\ nominal dia threaded)""",item,each,2117.37,INR,M&E Containment,CPWD Delhi Schedule of Rates 2021 Vol-II
IN,18.105.1,"Providing and fixing required Stainless Steel Fitting of press fit design of grade 316L (Female Transition Elbow / FTE, For 15mm outer dia X 1/2\ nominal dia threaded)""",item,each,1073.64,INR,M&E Containment,CPWD Delhi Schedule of Rates 2021 Vol-II
IN,18.105.2,"Providing and fixing required Stainless Steel Fitting of press fit design of grade 316L (Female Transition Elbow / FTE, For 22mm outer dia X 1/2\ nominal dia threaded)""",item,each,1488.8,INR,M&E Containment,CPWD Delhi Schedule of Rates 2021 Vol-II
IN,18.105.3,"Providing and fixing required Stainless Steel Fitting of press fit design of grade 316L (Female Transition Elbow / FTE, For 22mm outer dia X 3/4\ nominal dia threaded)""",item,each,1439.12,INR,M&E Containment,CPWD Delhi Schedule of Rates 2021 Vol-II
IN,18.11.1,"Providing and fixing G.I. Pipes (15 mm dia nominal bore, Concealed pipe)",m,metre,599.93,INR,M&E Containment,CPWD Delhi Schedule of Rates 2021 Vol-II
IN,18.11.2,"Providing and fixing G.I. Pipes (20 mm dia nominal bore, Concealed pipe)",m,metre,669.04,INR,M&E Containment,CPWD Delhi Schedule of Rates 2021 Vol-II
IN,18.12.1,"Providing and fixing G.I. Pipes (15 mm dia nominal bore, External work)",m,metre,330.76,INR,M&E Containment,CPWD Delhi Schedule of Rates 2021 Vol-II
IN,18.12.2,"Providing and fixing G.I. Pipes (20 mm dia nominal bore, External work)",m,metre,389.91,INR,M&E Containment,CPWD Delhi Schedule of Rates 2021 Vol-II
IN,18.12.3,"Providing and fixing G.I. Pipes (25 mm dia nominal bore, External work)",m,metre,516.77,INR,M&E Containment,CPWD Delhi Schedule of Rates 2021 Vol-II
IN,18.12.4,"Providing and fixing G.I. Pipes (32 mm dia nominal bore, External work)",m,metre,565.92,INR,M&E Containment,CPWD Delhi Schedule of Rates 2021 Vol-II
IN,18.12.5,"Providing and fixing G.I. Pipes (40 mm dia nominal bore, External work)",m,metre,690.42,INR,M&E Containment,CPWD Delhi Schedule of Rates 2021 Vol-II
IN,18.12.6,"Providing and fixing G.I. Pipes (50 mm dia nominal bore, External work)",m,metre,808.87,INR,M&E Containment,CPWD Delhi Schedule of Rates 2021 Vol-II
IN,18.12.7,"Providing and fixing G.I. Pipes (65 mm dia nominal bore, External work)",m,metre,950.32,INR,M&E Containment,CPWD Delhi Schedule of Rates 2021 Vol-II
IN,18.12.8,"Providing and fixing G.I. Pipes (80 mm dia nominal bore, External work)",m,metre,1136.38,INR,M&E Containment,CPWD Delhi Schedule of Rates 2021 Vol-II
IN,18.14,Fixing water meter and stop cock in G.I. pipe line,item,each,828.61,INR,M&E Containment,CPWD Delhi Schedule of Rates 2021 Vol-II
IN,18.17.1,Providing and fixing gun metal gate valve with C.I. wheel (25 mm nominal bore),item,each,658.17,INR,M&E Containment,CPWD Delhi Schedule of Rates 2021 Vol-II
IN,18.17.1A,Providing and fixing gun metal gate valve with C.I. wheel (20 mm nominal bore),item,each,570.89,INR,M&E Containment,CPWD Delhi Schedule of Rates 2021 Vol-II
IN,18.17.2,Providing and fixing gun metal gate valve with C.I. wheel (32 mm nominal bore),item,each,729.34,INR,M&E Containment,CPWD Delhi Schedule of Rates 2021 Vol-II
IN,18.17.3,Providing and fixing gun metal gate valve with C.I. wheel (40 mm nominal bore),item,each,874.48,INR,M&E Containment,CPWD Delhi Schedule of Rates 2021 Vol-II
IN,18.17.4,Providing and fixing gun metal gate valve with C.I. wheel (50 mm nominal bore),item,each,1085.85,INR,M&E Containment,CPWD Delhi Schedule of Rates 2021 Vol-II
IN,18.17.5,Providing and fixing gun metal gate valve with C.I. wheel (65 mm nominal bore),item,each,1843,INR,M&E Containment,CPWD Delhi Schedule of Rates 2021 Vol-II
IN,18.17.6,Providing and fixing gun metal gate valve with C.I. wheel (80 mm nominal bore),item,each,2753.98,INR,M&E Containment,CPWD Delhi Schedule of Rates 2021 Vol-II
IN,18.18.1,Providing and fixing ball valve (brass) (15 mm nominal bore),item,each,431.3,INR,M&E Containment,CPWD Delhi Schedule of Rates 2021 Vol-II
IN,18.18.2,Providing and fixing ball valve (brass) (20 mm nominal bore),item,each,491.41,INR,M&E Containment,CPWD Delhi Schedule of Rates 2021 Vol-II
IN,18.18.3,Providing and fixing ball valve (brass) (25 mm nominal bore),item,each,493.51,INR,M&E Containment,CPWD Delhi Schedule of Rates 2021 Vol-II
IN,18.19.1.1,"Providing and fixing gun metal non-return valve (25 mm nominal bore, Horizontal)",item,each,626.42,INR,M&E Containment,CPWD Delhi Schedule of Rates 2021 Vol-II
IN,18.19.1.2,"Providing and fixing gun metal non-return valve (25 mm nominal bore, Vertical)",item,each,709.07,INR,M&E Containment,CPWD Delhi Schedule of Rates 2021 Vol-II
IN,18.19.2.1,"Providing and fixing gun metal non-return valve (32 mm nominal bore, Horizontal)",item,each,837.75,INR,M&E Containment,CPWD Delhi Schedule of Rates 2021 Vol-II
IN,18.19.2.2,"Providing and fixing gun metal non-return valve (32 mm nominal bore, Vertical)",item,each,961.73,INR,M&E Containment,CPWD Delhi Schedule of Rates 2021 Vol-II
IN,18.19.3.1,"Providing and fixing gun metal non-return valve (40 mm nominal bore, Horizontal)",item,each,1007.73,INR,M&E Containment,CPWD Delhi Schedule of Rates 2021 Vol-II
IN,18.19.3.2,"Providing and fixing gun metal non-return valve (40 mm nominal bore, Vertical)",item,each,1297.23,INR,M&E Containment,CPWD Delhi Schedule of Rates 2021 Vol-II
IN,18.19.4.1,"Providing and fixing gun metal non-return valve (50 mm nominal bore, Horizontal)",item,each,1451.1,INR,M&E Containment,CPWD Delhi Schedule of Rates 2021 Vol-II
IN,18.19.4.2,"Providing and fixing gun metal non-return valve (50 mm nominal bore, Vertical)",item,each,1633.04,INR,M&E Containment,CPWD Delhi Schedule of Rates 2021 Vol-II
IN,18.19.5.1,"Providing and fixing gun metal non-return valve (65 mm nominal bore, Horizontal)",item,each,2588.78,INR,M&E Containment,CPWD Delhi Schedule of Rates 2021 Vol-II
IN,18.19.5.2,"Providing and fixing gun metal non-return valve (65 mm nominal bore, Vertical)",item,each,2629.75,INR,M&E Containment,CPWD Delhi Schedule of Rates 2021 Vol-II
IN,18.19.6.1,"Providing and fixing gun metal non-return valve (80 mm nominal bore, Horizontal)",item,each,3875.87,INR,M&E Containment,CPWD Delhi Schedule of Rates 2021 Vol-II
IN,18.19.6.2,"Providing and fixing gun metal non-return valve (80 mm nominal bore, Vertical)",item,each,4372.1,INR,M&E Containment,CPWD Delhi Schedule of Rates 2021 Vol-II
IN,18.2.1,"Providing and fixing PE-AL-PE Composite Pressure Pipes (1216 (16 mm OD) pipe, Concealed Work)",m,metre,635.23,INR,M&E Containment,CPWD Delhi Schedule of Rates 2021 Vol-II
IN,18.2.2,"Providing and fixing PE-AL-PE Composite Pressure Pipes (1620 (20 mm OD) pipe, Concealed Work)",m,metre,664.16,INR,M&E Containment,CPWD Delhi Schedule of Rates 2021 Vol-II
IN,18.2.3,"Providing and fixing PE-AL-PE Composite Pressure Pipes (2025 (25 mm OD) pipe, Concealed Work)",m,metre,808.87,INR,M&E Containment,CPWD Delhi Schedule of Rates 2021 Vol-II
IN,18.2.4,"Providing and fixing PE-AL-PE Composite Pressure Pipes (2532 (32 mm OD) pipe, Concealed Work)",m,metre,924.65,INR,M&E Containment,CPWD Delhi Schedule of Rates 2021 Vol-II
IN,18.21.1.1,"Providing and fixing uplasticised PVC connection pipe with brass unions (30 cm length, 15 mm nominal bore)",item,each,92.48,INR,M&E Containment,CPWD Delhi Schedule of Rates 2021 Vol-II
IN,18.21.1.2,"Providing and fixing uplasticised PVC connection pipe with brass unions (30 cm length, 20 mm nominal bore)",item,each,100.77,INR,M&E Containment,CPWD Delhi Schedule of Rates 2021 Vol-II
IN,18.21.2.1,"Providing and fixing uplasticised PVC connection pipe with brass unions (45 cm length, 15 mm nominal bore)",item,each,105.34,INR,M&E Containment,CPWD Delhi Schedule of Rates 2021 Vol-II
IN,18.21.2.2,"Providing and fixing uplasticised PVC connection pipe with brass unions (45 cm length, 20 mm nominal bore)",item,each,126.79,INR,M&E Containment,CPWD Delhi Schedule of Rates 2021 Vol-II
IN,18.23,Laying in position centrifugally cast (spun) iron S&S or flanged pipes (excluding cost of pipe),m,metre,369.06,INR,M&E Containment,CPWD Delhi Schedule of Rates 2021 Vol-II
IN,18.27.1,Providing and laying S&S centrifugally cast (spun) iron pipes (100 mm dia pipe),m,metre,1059.59,INR,M&E Containment,CPWD Delhi Schedule of Rates 2021 Vol-II
IN,18.27.10,Providing and laying S&S centrifugally cast (spun) iron pipes (500 mm dia pipe),m,metre,10597.18,INR,M&E Containment,CPWD Delhi Schedule of Rates 2021 Vol-II
IN,18.27.11,Providing and laying S&S centrifugally cast (spun) iron pipes (600 mm dia pipe),m,metre,14830.62,INR,M&E Containment,CPWD Delhi Schedule of Rates 2021 Vol-II
IN,18.27.2,Providing and laying S&S centrifugally cast (spun) iron pipes (125 mm dia pipe),m,metre,1319.24,INR,M&E Containment,CPWD Delhi Schedule of Rates 2021 Vol-II
IN,18.27.3,Providing and laying S&S centrifugally cast (spun) iron pipes (150 mm dia pipe),m,metre,1590.01,INR,M&E Containment,CPWD Delhi Schedule of Rates 2021 Vol-II
IN,18.27.4,Providing and laying S&S centrifugally cast (spun) iron pipes (200 mm dia pipe),m,metre,2707.72,INR,M&E Containment,CPWD Delhi Schedule of Rates 2021 Vol-II
IN,18.27.5,Providing and laying S&S centrifugally cast (spun) iron pipes (250 mm dia pipe),m,metre,3532.39,INR,M&E Containment,CPWD Delhi Schedule of Rates 2021 Vol-II
IN,18.27.6,Providing and laying S&S centrifugally cast (spun) iron pipes (300 mm dia pipe),m,metre,4768.79,INR,M&E Containment,CPWD Delhi Schedule of Rates 2021 Vol-II
IN,18.27.7,Providing and laying S&S centrifugally cast (spun) iron pipes (350 mm dia pipe),m,metre,5710.93,INR,M&E Containment,CPWD Delhi Schedule of Rates 2021 Vol-II
IN,18.27.8,Providing and laying S&S centrifugally cast (spun) iron pipes (400 mm dia pipe),m,metre,7535.86,INR,M&E Containment,CPWD Delhi Schedule of Rates 2021 Vol-II
IN,18.27.9,Providing and laying S&S centrifugally cast (spun) iron pipes (450 mm dia pipe),m,metre,9125.87,INR,M&E Containment,CPWD Delhi Schedule of Rates 2021 Vol-II
IN,18.28.1,Providing lead caulked joints to spun iron or C.I. pipes and specials (100 mm diameter pipe),item,each,679.58,INR,M&E Containment,CPWD Delhi Schedule of Rates 2021 Vol-II
IN,18.28.10,Providing lead caulked joints to spun iron or C.I. pipes and specials (500 mm diameter pipe),item,each,679.58,INR,M&E Containment,CPWD Delhi Schedule of Rates 2021 Vol-II
IN,18.28.11,Providing lead caulked joints to spun iron or C.I. pipes and specials (600 mm diameter pipe),item,each,679.58,INR,M&E Containment,CPWD Delhi Schedule of Rates 2021 Vol-II
IN,18.28.2,Providing lead caulked joints to spun iron or C.I. pipes and specials (125 mm diameter pipe),item,each,679.58,INR,M&E Containment,CPWD Delhi Schedule of Rates 2021 Vol-II
IN,18.28.3,Providing lead caulked joints to spun iron or C.I. pipes and specials (150 mm diameter pipe),item,each,679.58,INR,M&E Containment,CPWD Delhi Schedule of Rates 2021 Vol-II
IN,18.28.4,Providing lead caulked joints to spun iron or C.I. pipes and specials (200 mm diameter pipe),item,each,679.58,INR,M&E Containment,CPWD Delhi Schedule of Rates 2021 Vol-II
IN,18.28.5,Providing lead caulked joints to spun iron or C.I. pipes and specials (250 mm diameter pipe),item,each,679.58,INR,M&E Containment,CPWD Delhi Schedule of Rates 2021 Vol-II
IN,18.28.6,Providing lead caulked joints to spun iron or C.I. pipes and specials (300 mm diameter pipe),item,each,679.58,INR,M&E Containment,CPWD Delhi Schedule of Rates 2021 Vol-II
IN,18.28.7,Providing lead caulked joints to spun iron or C.I. pipes and specials (350 mm diameter pipe),item,each,679.58,INR,M&E Containment,CPWD Delhi Schedule of Rates 2021 Vol-II
IN,18.28.8,Providing lead caulked joints to spun iron or C.I. pipes and specials (400 mm diameter pipe),item,each,679.58,INR,M&E Containment,CPWD Delhi Schedule of Rates 2021 Vol-II
IN,18.28.9,Providing lead caulked joints to spun iron or C.I. pipes and specials (450 mm diameter pipe),item,each,679.58,INR,M&E Containment,CPWD Delhi Schedule of Rates 2021 Vol-II
IN,18.3.1,"Providing and fixing PE-AL-PE Composite Pressure Pipes (1216 (16 mm OD) pipe, External Work)",m,metre,340.35,INR,M&E Containment,CPWD Delhi Schedule of Rates 2021 Vol-II
IN,18.3.2,"Providing and fixing PE-AL-PE Composite Pressure Pipes (1620 (20 mm OD) pipe, External Work)",m,metre,361.87,INR,M&E Containment,CPWD Delhi Schedule of Rates 2021 Vol-II
IN,18.3.3,"Providing and fixing PE-AL-PE Composite Pressure Pipes (2025 (25 mm OD) pipe, External Work)",m,metre,469.39,INR,M&E Containment,CPWD Delhi Schedule of Rates 2021 Vol-II
IN,18.3.4,"Providing and fixing PE-AL-PE Composite Pressure Pipes (2532 (32 mm OD) pipe, External Work)",m,metre,555.42,INR,M&E Containment,CPWD Delhi Schedule of Rates 2021 Vol-II
IN,18.3.5,"Providing and fixing PE-AL-PE Composite Pressure Pipes (3240 (40 mm OD) pipe, External Work)",m,metre,799.01,INR,M&E Containment,CPWD Delhi Schedule of Rates 2021 Vol-II
IN,18.3.6,"Providing and fixing PE-AL-PE Composite Pressure Pipes (4050 (50 mm OD) pipe, External Work)",m,metre,971.07,INR,M&E Containment,CPWD Delhi Schedule of Rates 2021 Vol-II
IN,18.30.1,Providing flanged joints to double flanged C.I./D.I. pipes and specials (80 mm diameter pipe),item,each,226.06,INR,M&E Containment,CPWD Delhi Schedule of Rates 2021 Vol-II
IN,18.30.10,Providing flanged joints to double flanged C.I./D.I. pipes and specials (450 mm diameter pipe),item,each,1378.38,INR,M&E Containment,CPWD Delhi Schedule of Rates 2021 Vol-II
IN,18.30.11,Providing flanged joints to double flanged C.I./D.I. pipes and specials (500 mm diameter pipe),item,each,1563.6,INR,M&E Containment,CPWD Delhi Schedule of Rates 2021 Vol-II
IN,18.30.12,Providing flanged joints to double flanged C.I./D.I. pipes and specials (600 mm diameter pipe),item,each,1833.66,INR,M&E Containment,CPWD Delhi Schedule of Rates 2021 Vol-II
IN,18.30.2,Providing flanged joints to double flanged C.I./D.I. pipes and specials (100 mm diameter pipe),item,each,352.06,INR,M&E Containment,CPWD Delhi Schedule of Rates 2021 Vol-II
IN,18.30.3,Providing flanged joints to double flanged C.I./D.I. pipes and specials (125 mm diameter pipe),item,each,375.24,INR,M&E Containment,CPWD Delhi Schedule of Rates 2021 Vol-II
IN,18.30.4,Providing flanged joints to double flanged C.I./D.I. pipes and specials (150 mm diameter pipe),item,each,424.76,INR,M&E Containment,CPWD Delhi Schedule of Rates 2021 Vol-II
IN,18.30.5,Providing flanged joints to double flanged C.I./D.I. pipes and specials (200 mm diameter pipe),item,each,466.12,INR,M&E Containment,CPWD Delhi Schedule of Rates 2021 Vol-II
IN,18.30.6,Providing flanged joints to double flanged C.I./D.I. pipes and specials (250 mm diameter pipe),item,each,643.31,INR,M&E Containment,CPWD Delhi Schedule of Rates 2021 Vol-II
IN,18.30.7,Providing flanged joints to double flanged C.I./D.I. pipes and specials (300 mm diameter pipe),item,each,651.59,INR,M&E Containment,CPWD Delhi Schedule of Rates 2021 Vol-II
IN,18.30.8,Providing flanged joints to double flanged C.I./D.I. pipes and specials (350 mm diameter pipe),item,each,818.51,INR,M&E Containment,CPWD Delhi Schedule of Rates 2021 Vol-II
IN,18.30.9,Providing flanged joints to double flanged C.I./D.I. pipes and specials (400 mm diameter pipe),item,each,1122.18,INR,M&E Containment,CPWD Delhi Schedule of Rates 2021 Vol-II
IN,18.31.1.1,"Providing and fixing C.I. sluice valves (100 mm diameter, Class I)",item,each,3029.18,INR,M&E Containment,CPWD Delhi Schedule of Rates 2021 Vol-II
IN,18.31.1.2,"Providing and fixing C.I. sluice valves (100 mm diameter, Class II)",item,each,3338.28,INR,M&E Containment,CPWD Delhi Schedule of Rates 2021 Vol-II
IN,18.31.2.1,"Providing and fixing C.I. sluice valves (125 mm diameter, Class I)",item,each,3227,INR,M&E Containment,CPWD Delhi Schedule of Rates 2021 Vol-II
IN,18.31.2.2,"Providing and fixing C.I. sluice valves (125 mm diameter, Class II)",item,each,4080.12,INR,M&E Containment,CPWD Delhi Schedule of Rates 2021 Vol-II
IN,18.31.3.1,"Providing and fixing C.I. sluice valves (150 mm diameter, Class I)",item,each,4512.86,INR,M&E Containment,CPWD Delhi Schedule of Rates 2021 Vol-II
IN,18.31.3.2,"Providing and fixing C.I. sluice valves (150 mm diameter, Class II)",item,each,5069.24,INR,M&E Containment,CPWD Delhi Schedule of Rates 2021 Vol-II
IN,18.31.4.1,"Providing and fixing C.I. sluice valves (200 mm diameter, Class I)",item,each,9396.64,INR,M&E Containment,CPWD Delhi Schedule of Rates 2021 Vol-II
IN,18.31.4.2,"Providing and fixing C.I. sluice valves (200 mm diameter, Class II)",item,each,11003.96,INR,M&E Containment,CPWD Delhi Schedule of Rates 2021 Vol-II
IN,18.31.5.1,"Providing and fixing C.I. sluice valves (250 mm diameter, Class I)",item,each,13575.67,INR,M&E Containment,CPWD Delhi Schedule of Rates 2021 Vol-II
IN,18.31.5.2,"Providing and fixing C.I. sluice valves (250 mm diameter, Class II)",item,each,18546,INR,M&E Containment,CPWD Delhi Schedule of Rates 2021 Vol-II
IN,18.31.6.1,"Providing and fixing C.I. sluice valves (300 mm diameter, Class I)",item,each,19164.2,INR,M&E Containment,CPWD Delhi Schedule of Rates 2021 Vol-II
IN,18.31.6.2,"Providing and fixing C.I. sluice valves (300 mm diameter, Class II)",item,each,22873.4,INR,M&E Containment,CPWD Delhi Schedule of Rates 2021 Vol-II
IN,18.38.1,Painting G.I. pipes and fittings with synthetic enamel white paint (15 mm diameter pipe),m,metre,20.28,INR,M&E Containment,CPWD Delhi Schedule of Rates 2021 Vol-II
IN,18.38.2,Painting G.I. pipes and fittings with synthetic enamel white paint (20 mm diameter pipe),m,metre,24.29,INR,M&E Containment,CPWD Delhi Schedule of Rates 2021 Vol-II
IN,18.38.3,Painting G.I. pipes and fittings with synthetic enamel white paint (25 mm diameter pipe),m,metre,31.65,INR,M&E Containment,CPWD Delhi Schedule of Rates 2021 Vol-II
IN,18.38.4,Painting G.I. pipes and fittings with synthetic enamel white paint (32 mm diameter pipe),m,metre,37.96,INR,M&E Containment,CPWD Delhi Schedule of Rates 2021 Vol-II
IN,18.38.5,Painting G.I. pipes and fittings with synthetic enamel white paint (40 mm diameter pipe),m,metre,44.57,INR,M&E Containment,CPWD Delhi Schedule of Rates 2021 Vol-II
IN,18.38.6,Painting G.I. pipes and fittings with synthetic enamel white paint (50 mm diameter pipe),m,metre,53.23,INR,M&E Containment,CPWD Delhi Schedule of Rates 2021 Vol-II
IN,18.39.1,Repainting G.I. pipes and fittings with synthetic enamel white paint (15 mm diameter pipe),m,metre,10.01,INR,M&E Containment,CPWD Delhi Schedule of Rates 2021 Vol-II
IN,18.39.2,Repainting G.I. pipes and fittings with synthetic enamel white paint (20 mm diameter pipe),m,metre,11.87,INR,M&E Containment,CPWD Delhi Schedule of Rates 2021 Vol-II
IN,18.39.3,Repainting G.I. pipes and fittings with synthetic enamel white paint (25 mm diameter pipe),m,metre,15.15,INR,M&E Containment,CPWD Delhi Schedule of Rates 2021 Vol-II
IN,18.39.4,Repainting G.I. pipes and fittings with synthetic enamel white paint (32 mm diameter pipe),m,metre,18.11,INR,M&E Containment,CPWD Delhi Schedule of Rates 2021 Vol-II
IN,18.39.5,Repainting G.I. pipes and fittings with synthetic enamel white paint (40 mm diameter pipe),m,metre,21.02,INR,M&E Containment,CPWD Delhi Schedule of Rates 2021 Vol-II
IN,18.39.6,Repainting G.I. pipes and fittings with synthetic enamel white paint (50 mm diameter pipe),m,metre,25.04,INR,M&E Containment,CPWD Delhi Schedule of Rates 2021 Vol-II
IN,18.4.1,"Providing and fixing PP-R Pipes (PN - 16 Pipe, 20mm OD (SDR-7.4), Internal Exposed on walls)",m,metre,315.22,INR,M&E Containment,CPWD Delhi Schedule of Rates 2021 Vol-II
IN,18.4.2,"Providing and fixing PP-R Pipes (PN - 16 Pipe, 25mm OD (SDR-7.4), Internal Exposed on walls)",m,metre,390.85,INR,M&E Containment,CPWD Delhi Schedule of Rates 2021 Vol-II
IN,18.4.3,"Providing and fixing PP-R Pipes (PN - 16 Pipe, 32mm OD (SDR-7.4), Internal Exposed on walls)",m,metre,443.77,INR,M&E Containment,CPWD Delhi Schedule of Rates 2021 Vol-II
IN,18.4.4,"Providing and fixing PP-R Pipes (PN - 16 Pipe, 40mm OD (SDR-7.4), Internal Exposed on walls)",m,metre,647.48,INR,M&E Containment,CPWD Delhi Schedule of Rates 2021 Vol-II
IN,18.4.5,"Providing and fixing PP-R Pipes (PN - 10 Pipe, 50mm OD (SDR-11), Internal Exposed on walls)",m,metre,824.28,INR,M&E Containment,CPWD Delhi Schedule of Rates 2021 Vol-II
IN,18.40.1,Painting G.I. pipes and fittings with two coats of anti-corrosive bitumastic paint (15 mm diameter pipe),m,metre,12.43,INR,M&E Containment,CPWD Delhi Schedule of Rates 2021 Vol-II
IN,18.40.2,Painting G.I. pipes and fittings with two coats of anti-corrosive bitumastic paint (20 mm diameter pipe),m,metre,14.84,INR,M&E Containment,CPWD Delhi Schedule of Rates 2021 Vol-II
IN,18.40.3,Painting G.I. pipes and fittings with two coats of anti-corrosive bitumastic paint (25 mm diameter pipe),m,metre,18.86,INR,M&E Containment,CPWD Delhi Schedule of Rates 2021 Vol-II
IN,18.40.4,Painting G.I. pipes and fittings with two coats of anti-corrosive bitumastic paint (32 mm diameter pipe),m,metre,22.75,INR,M&E Containment,CPWD Delhi Schedule of Rates 2021 Vol-II
IN,18.40.5,Painting G.I. pipes and fittings with two coats of anti-corrosive bitumastic paint (40 mm diameter pipe),m,metre,25.9,INR,M&E Containment,CPWD Delhi Schedule of Rates 2021 Vol-II
IN,18.40.6,Painting G.I. pipes and fittings with two coats of anti-corrosive bitumastic paint (50 mm diameter pipe),m,metre,31.22,INR,M&E Containment,CPWD Delhi Schedule of Rates 2021 Vol-II
IN,18.40.7,Painting G.I. pipes and fittings with two coats of anti-corrosive bitumastic paint (65 mm diameter pipe),m,metre,38.7,INR,M&E Containment,CPWD Delhi Schedule of Rates 2021 Vol-II
IN,18.40.8,Painting G.I. pipes and fittings with two coats of anti-corrosive bitumastic paint (80 mm diameter pipe),m,metre,45.01,INR,M&E Containment,CPWD Delhi Schedule of Rates 2021 Vol-II
IN,18.41.1,"Providing and filling sand of grading zone V or coarser grade, allround the G.I. pipes in external work (15 mm diameter pipe)",m,metre,194.99,INR,M&E Containment,CPWD Delhi Schedule of Rates 2021 Vol-II
IN,18.41.10,"Providing and filling sand of grading zone V or coarser grade, allround the G.I. pipes in external work (150 mm diameter pipe)",m,metre,561.26,INR,M&E Containment,CPWD Delhi Schedule of Rates 2021 Vol-II
IN,18.41.2,"Providing and filling sand of grading zone V or coarser grade, allround the G.I. pipes in external work (20 mm diameter pipe)",m,metre,197.65,INR,M&E Containment,CPWD Delhi Schedule of Rates 2021 Vol-II
IN,18.41.3,"Providing and filling sand of grading zone V or coarser grade, allround the G.I. pipes in external work (25 mm diameter pipe)",m,metre,202.9,INR,M&E Containment,CPWD Delhi Schedule of Rates 2021 Vol-II
IN,18.41.4,"Providing and filling sand of grading zone V or coarser grade, allround the G.I. pipes in external work (32 mm diameter pipe)",m,metre,208.16,INR,M&E Containment,CPWD Delhi Schedule of Rates 2021 Vol-II
IN,18.41.5,"Providing and filling sand of grading zone V or coarser grade, allround the G.I. pipes in external work (40 mm diameter pipe)",m,metre,210.81,INR,M&E Containment,CPWD Delhi Schedule of Rates 2021 Vol-II
IN,18.41.6,"Providing and filling sand of grading zone V or coarser grade, allround the G.I. pipes in external work (50 mm diameter pipe)",m,metre,218.73,INR,M&E Containment,CPWD Delhi Schedule of Rates 2021 Vol-II
IN,18.41.7,"Providing and filling sand of grading zone V or coarser grade, allround the G.I. pipes in external work (65 mm diameter pipe)",m,metre,345.21,INR,M&E Containment,CPWD Delhi Schedule of Rates 2021 Vol-II
IN,18.41.8,"Providing and filling sand of grading zone V or coarser grade, allround the G.I. pipes in external work (80 mm diameter pipe)",m,metre,355.72,INR,M&E Containment,CPWD Delhi Schedule of Rates 2021 Vol-II
IN,18.41.9,"Providing and filling sand of grading zone V or coarser grade, allround the G.I. pipes in external work (100 mm diameter pipe)",m,metre,376.79,INR,M&E Containment,CPWD Delhi Schedule of Rates 2021 Vol-II
IN,18.42.1,Boring with 100 mm diameter casing pipe for hand pump / tubewell (Up to 6 metres depth),m,metre,764.09,INR,M&E Containment,CPWD Delhi Schedule of Rates 2021 Vol-II
IN,18.42.2,Boring with 100 mm diameter casing pipe for hand pump / tubewell (Beyond 6 m and up to 12 m depth),m,metre,903.73,INR,M&E Containment,CPWD Delhi Schedule of Rates 2021 Vol-II
IN,18.42.3,Boring with 100 mm diameter casing pipe for hand pump / tubewell (Beyond 12 m and up to 18 m depth),m,metre,1047.66,INR,M&E Containment,CPWD Delhi Schedule of Rates 2021 Vol-II
IN,18.43,Providing and placing in position filters of 40 mm diameter G.I. pipe with brass strainer,m,metre,1005.51,INR,M&E Containment,CPWD Delhi Schedule of Rates 2021 Vol-II
IN,18.44,Providing and fixing to filter and lowering to proper levels 40 mm G.I. pipe for tube well,m,metre,617.95,INR,M&E Containment,CPWD Delhi Schedule of Rates 2021 Vol-II
IN,18.45,Providing and placing in position hand pump of approved quality for 40 mm diameter G.I. pipe,item,each,1457.28,INR,M&E Containment,CPWD Delhi Schedule of Rates 2021 Vol-II
IN,18.46.1,"Providing and fixing G.I. Union in G.I. pipe (New work, 15 mm nominal bore)",item,each,324.3,INR,M&E Containment,CPWD Delhi Schedule of Rates 2021 Vol-II
IN,18.46.2,"Providing and fixing G.I. Union in G.I. pipe (New work, 20 mm nominal bore)",item,each,357.37,INR,M&E Containment,CPWD Delhi Schedule of Rates 2021 Vol-II
IN,18.46.3,"Providing and fixing G.I. Union in G.I. pipe (New work, 25 mm nominal bore)",item,each,456.64,INR,M&E Containment,CPWD Delhi Schedule of Rates 2021 Vol-II
IN,18.46.4,"Providing and fixing G.I. Union in G.I. pipe (New work, 32 mm nominal bore)",item,each,506.24,INR,M&E Containment,CPWD Delhi Schedule of Rates 2021 Vol-II
IN,18.46.5,"Providing and fixing G.I. Union in G.I. pipe (New work, 40 mm nominal bore)",item,each,646.88,INR,M&E Containment,CPWD Delhi Schedule of Rates 2021 Vol-II
IN,18.46.6,"Providing and fixing G.I. Union in G.I. pipe (New work, 50 mm nominal bore)",item,each,873.76,INR,M&E Containment,CPWD Delhi Schedule of Rates 2021 Vol-II
IN,18.46.7,"Providing and fixing G.I. Union in G.I. pipe (New work, 65 mm nominal bore)",item,each,1229.45,INR,M&E Containment,CPWD Delhi Schedule of Rates 2021 Vol-II
IN,18.46.8,"Providing and fixing G.I. Union in G.I. pipe (New work, 80 mm nominal bore)",item,each,1312.17,INR,M&E Containment,CPWD Delhi Schedule of Rates 2021 Vol-II
IN,18.47.1,Providing and fixing G.I. Union in existing G.I. pipe line (15 mm nominal bore),item,each,844.37,INR,M&E Containment,CPWD Delhi Schedule of Rates 2021 Vol-II
IN,18.47.2,Providing and fixing G.I. Union in existing G.I. pipe line (20 mm nominal bore),item,each,877.51,INR,M&E Containment,CPWD Delhi Schedule of Rates 2021 Vol-II
IN,18.47.3,Providing and fixing G.I. Union in existing G.I. pipe line (25 mm nominal bore),item,each,976.74,INR,M&E Containment,CPWD Delhi Schedule of Rates 2021 Vol-II
IN,18.47.4,Providing and fixing G.I. Union in existing G.I. pipe line (32 mm nominal bore),item,each,1026.38,INR,M&E Containment,CPWD Delhi Schedule of Rates 2021 Vol-II
IN,18.47.5,Providing and fixing G.I. Union in existing G.I. pipe line (40 mm nominal bore),item,each,1166.98,INR,M&E Containment,CPWD Delhi Schedule of Rates 2021 Vol-II
IN,18.47.6,Providing and fixing G.I. Union in existing G.I. pipe line (50 mm nominal bore),item,each,1583.07,INR,M&E Containment,CPWD Delhi Schedule of Rates 2021 Vol-II
IN,18.47.7,Providing and fixing G.I. Union in existing G.I. pipe line (65 mm nominal bore),item,each,1938.79,INR,M&E Containment,CPWD Delhi Schedule of Rates 2021 Vol-II
IN,18.47.8,Providing and fixing G.I. Union in existing G.I. pipe line (80 mm nominal bore),item,each,2021.51,INR,M&E Containment,CPWD Delhi Schedule of Rates 2021 Vol-II
IN,18.5.1,"Providing and fixing PP-R Pipes (PN - 16 Pipe, 20mm OD (SDR-7.4), Concealed Work)",m,metre,543.96,INR,M&E Containment,CPWD Delhi Schedule of Rates 2021 Vol-II
IN,18.5.2,"Providing and fixing PP-R Pipes (PN - 16 Pipe, 25mm OD (SDR-7.4), Concealed Work)",m,metre,620.24,INR,M&E Containment,CPWD Delhi Schedule of Rates 2021 Vol-II
IN,18.5.3,"Providing and fixing PP-R Pipes (PN - 16 Pipe, 32mm OD (SDR-7.4), Concealed Work)",m,metre,670.31,INR,M&E Containment,CPWD Delhi Schedule of Rates 2021 Vol-II
IN,18.53.1,Providing and fixing C.P. brass angle valve for basin mixer and geyser points (15mm nominal bore),item,each,618.64,INR,M&E Containment,CPWD Delhi Schedule of Rates 2021 Vol-II
IN,18.59.1,Providing and fixing C.I. double acting air valve (50 mm dia),item,each,6394.82,INR,M&E Containment,CPWD Delhi Schedule of Rates 2021 Vol-II
IN,18.59.2,Providing and fixing C.I. double acting air valve (80 mm dia),item,each,7734.86,INR,M&E Containment,CPWD Delhi Schedule of Rates 2021 Vol-II
IN,18.59.3,Providing and fixing C.I. double acting air valve (100 mm dia),item,each,10157.96,INR,M&E Containment,CPWD Delhi Schedule of Rates 2021 Vol-II
IN,18.6.1,"Providing and fixing PP-R Pipes (PN - 16 Pipe, 20mm OD (SDR-7.4), External work)",m,metre,264.51,INR,M&E Containment,CPWD Delhi Schedule of Rates 2021 Vol-II
IN,18.6.10,"Providing and fixing PP-R Pipes (PN - 10 Pipe, 160 mm OD (SDR- 11), External work)",m,metre,5607.35,INR,M&E Containment,CPWD Delhi Schedule of Rates 2021 Vol-II
IN,18.6.2,"Providing and fixing PP-R Pipes (PN - 16 Pipe, 25 mm OD (SDR-7.4), External work)",m,metre,331.67,INR,M&E Containment,CPWD Delhi Schedule of Rates 2021 Vol-II
IN,18.6.3,"Providing and fixing PP-R Pipes (PN - 16 Pipe, 32 mm OD (SDR-7.4), External work)",m,metre,396.48,INR,M&E Containment,CPWD Delhi Schedule of Rates 2021 Vol-II
IN,18.6.4,"Providing and fixing PP-R Pipes (PN - 16 Pipe, 40 mm OD (SDR-7.4), External work)",m,metre,518.45,INR,M&E Containment,CPWD Delhi Schedule of Rates 2021 Vol-II
IN,18.6.5,"Providing and fixing PP-R Pipes (PN - 10 Pipe, 50 mm OD (SDR- 11), External work)",m,metre,703.19,INR,M&E Containment,CPWD Delhi Schedule of Rates 2021 Vol-II
IN,18.6.6,"Providing and fixing PP-R Pipes (PN - 10 Pipe, 63 mm OD (SDR- 11), External work)",m,metre,809.61,INR,M&E Containment,CPWD Delhi Schedule of Rates 2021 Vol-II
IN,18.6.7,"Providing and fixing PP-R Pipes (PN - 10 Pipe, 75 mm OD (SDR- 11), External work)",m,metre,1087.54,INR,M&E Containment,CPWD Delhi Schedule of Rates 2021 Vol-II
IN,18.6.8,"Providing and fixing PP-R Pipes (PN - 10 Pipe, 90 mm OD (SDR- 11), External work)",m,metre,1513.64,INR,M&E Containment,CPWD Delhi Schedule of Rates 2021 Vol-II
IN,18.6.9,"Providing and fixing PP-R Pipes (PN - 10 Pipe, 110 mm OD (SDR- 11), External work)",m,metre,2089.27,INR,M&E Containment,CPWD Delhi Schedule of Rates 2021 Vol-II
IN,18.7.1,"Providing and fixing C.P.V.C. Pipes (15 mm nominal dia Pipes, Internal work - Exposed on wall)",m,metre,316.4,INR,M&E Containment,CPWD Delhi Schedule of Rates 2021 Vol-II
IN,18.7.2,"Providing and fixing C.P.V.C. Pipes (20 mm nominal dia Pipes, Internal work - Exposed on wall)",m,metre,401.96,INR,M&E Containment,CPWD Delhi Schedule of Rates 2021 Vol-II
IN,18.7.3,"Providing and fixing C.P.V.C. Pipes (25 mm nominal dia Pipes, Internal work - Exposed on wall)",m,metre,505.19,INR,M&E Containment,CPWD Delhi Schedule of Rates 2021 Vol-II
IN,18.7.4,"Providing and fixing C.P.V.C. Pipes (32 mm nominal dia Pipes, Internal work - Exposed on wall)",m,metre,619.44,INR,M&E Containment,CPWD Delhi Schedule of Rates 2021 Vol-II
IN,18.7.5,"Providing and fixing C.P.V.C. Pipes (40 mm nominal dia Pipes, Internal work - Exposed on wall)",m,metre,833.76,INR,M&E Containment,CPWD Delhi Schedule of Rates 2021 Vol-II
IN,18.7.6,"Providing and fixing C.P.V.C. Pipes (50 mm nominal dia Pipes, Internal work - Exposed on wall)",m,metre,1146.21,INR,M&E Containment,CPWD Delhi Schedule of Rates 2021 Vol-II
IN,18.70.1,Providing push-on-joints to Centrifugally (Spun) Cast Iron Pipes or Ductile Iron Pipes (100 mm dia pipes joint),item,joint,118.88,INR,M&E Containment,CPWD Delhi Schedule of Rates 2021 Vol-II
IN,18.70.10,Providing push-on-joints to Centrifugally (Spun) Cast Iron Pipes or Ductile Iron Pipes (600 mm dia pipes joint),item,joint,1188.49,INR,M&E Containment,CPWD Delhi Schedule of Rates 2021 Vol-II
IN,18.70.11,Providing push-on-joints to Centrifugally (Spun) Cast Iron Pipes or Ductile Iron Pipes (700 mm dia pipes joint),item,joint,1553.91,INR,M&E Containment,CPWD Delhi Schedule of Rates 2021 Vol-II
IN,18.70.12,Providing push-on-joints to Centrifugally (Spun) Cast Iron Pipes or Ductile Iron Pipes (750 mm dia pipes joint),item,joint,1702.77,INR,M&E Containment,CPWD Delhi Schedule of Rates 2021 Vol-II
IN,18.70.13,Providing push-on-joints to Centrifugally (Spun) Cast Iron Pipes or Ductile Iron Pipes (800 mm dia pipes joint),item,joint,1950.24,INR,M&E Containment,CPWD Delhi Schedule of Rates 2021 Vol-II
IN,18.70.14,Providing push-on-joints to Centrifugally (Spun) Cast Iron Pipes or Ductile Iron Pipes (900 mm dia pipes joint),item,joint,2427.73,INR,M&E Containment,CPWD Delhi Schedule of Rates 2021 Vol-II
IN,18.70.15,Providing push-on-joints to Centrifugally (Spun) Cast Iron Pipes or Ductile Iron Pipes (1000 mm dia pipes joint),item,joint,2801.19,INR,M&E Containment,CPWD Delhi Schedule of Rates 2021 Vol-II
IN,18.70.2,Providing push-on-joints to Centrifugally (Spun) Cast Iron Pipes or Ductile Iron Pipes (150 mm dia pipes joint),item,joint,192.94,INR,M&E Containment,CPWD Delhi Schedule of Rates 2021 Vol-II
IN,18.70.3,Providing push-on-joints to Centrifugally (Spun) Cast Iron Pipes or Ductile Iron Pipes (200 mm dia pipes joint),item,joint,283.75,INR,M&E Containment,CPWD Delhi Schedule of Rates 2021 Vol-II
IN,18.70.4,Providing push-on-joints to Centrifugally (Spun) Cast Iron Pipes or Ductile Iron Pipes (250 mm dia pipes joint),item,joint,346.38,INR,M&E Containment,CPWD Delhi Schedule of Rates 2021 Vol-II
IN,18.70.5,Providing push-on-joints to Centrifugally (Spun) Cast Iron Pipes or Ductile Iron Pipes (300 mm dia pipes joint),item,joint,442.14,INR,M&E Containment,CPWD Delhi Schedule of Rates 2021 Vol-II
IN,18.70.6,Providing push-on-joints to Centrifugally (Spun) Cast Iron Pipes or Ductile Iron Pipes (350 mm dia pipes joint),item,joint,514.71,INR,M&E Containment,CPWD Delhi Schedule of Rates 2021 Vol-II
IN,18.70.7,Providing push-on-joints to Centrifugally (Spun) Cast Iron Pipes or Ductile Iron Pipes (400 mm dia pipes joint),item,joint,716.37,INR,M&E Containment,CPWD Delhi Schedule of Rates 2021 Vol-II
IN,18.70.8,Providing push-on-joints to Centrifugally (Spun) Cast Iron Pipes or Ductile Iron Pipes (450 mm dia pipes joint),item,joint,828.64,INR,M&E Containment,CPWD Delhi Schedule of Rates 2021 Vol-II
IN,18.70.9,Providing push-on-joints to Centrifugally (Spun) Cast Iron Pipes or Ductile Iron Pipes (500 mm dia pipes joint),item,joint,884.77,INR,M&E Containment,CPWD Delhi Schedule of Rates 2021 Vol-II
IN,18.71.1,"Providing and laying Double Flanged (screwed/welded) Centrifugally (Spun) Cast Iron, Class B (100 mm dia C.I. Double Flanged Pipe)",m,metre,2272.63,INR,M&E Containment,CPWD Delhi Schedule of Rates 2021 Vol-II
IN,18.71.10,"Providing and laying Double Flanged (screwed/welded) Centrifugally (Spun) Cast Iron, Class B (600 mm dia C.I. Double Flanged Pipe)",m,metre,30881.75,INR,M&E Containment,CPWD Delhi Schedule of Rates 2021 Vol-II
IN,18.71.2,"Providing and laying Double Flanged (screwed/welded) Centrifugally (Spun) Cast Iron, Class B (150 mm dia C.I. Double Flanged Pipe)",m,metre,3560.83,INR,M&E Containment,CPWD Delhi Schedule of Rates 2021 Vol-II
IN,18.71.3,"Providing and laying Double Flanged (screwed/welded) Centrifugally (Spun) Cast Iron, Class B (200 mm dia C.I. Double Flanged Pipe)",m,metre,5607.35,INR,M&E Containment,CPWD Delhi Schedule of Rates 2021 Vol-II
IN,18.71.4,"Providing and laying Double Flanged (screwed/welded) Centrifugally (Spun) Cast Iron, Class B (250 mm dia C.I. Double Flanged Pipe)",m,metre,6797.79,INR,M&E Containment,CPWD Delhi Schedule of Rates 2021 Vol-II
IN,18.71.5,"Providing and laying Double Flanged (screwed/welded) Centrifugally (Spun) Cast Iron, Class B (300 mm dia C.I. Double Flanged Pipe)",m,metre,8688.8,INR,M&E Containment,CPWD Delhi Schedule of Rates 2021 Vol-II
IN,18.71.6,"Providing and laying Double Flanged (screwed/welded) Centrifugally (Spun) Cast Iron, Class B (350 mm dia C.I. Double Flanged Pipe)",m,metre,10939.17,INR,M&E Containment,CPWD Delhi Schedule of Rates 2021 Vol-II
IN,18.71.7,"Providing and laying Double Flanged (screwed/welded) Centrifugally (Spun) Cast Iron, Class B (400 mm dia C.I. Double Flanged Pipe)",m,metre,14139.84,INR,M&E Containment,CPWD Delhi Schedule of Rates 2021 Vol-II
IN,18.71.8,"Providing and laying Double Flanged (screwed/welded) Centrifugally (Spun) Cast Iron, Class B (450 mm dia C.I. Double Flanged Pipe)",m,metre,17982.39,INR,M&E Containment,CPWD Delhi Schedule of Rates 2021 Vol-II
IN,18.71.9,"Providing and laying Double Flanged (screwed/welded) Centrifugally (Spun) Cast Iron, Class B (500 mm dia C.I. Double Flanged Pipe)",m,metre,22295.08,INR,M&E Containment,CPWD Delhi Schedule of Rates 2021 Vol-II
IN,18.72.1,Providing and laying S&S Centrifugally Cast (Spun) / Ductile Iron Pipes (100 mm dia Ductile Iron Class K-7 pipes),m,metre,1386.13,INR,M&E Containment,CPWD Delhi Schedule of Rates 2021 Vol-II
IN,18.72.10,Providing and laying S&S Centrifugally Cast (Spun) / Ductile Iron Pipes (600 mm dia Ductile Iron Class K-7 pipes),m,metre,9873.95,INR,M&E Containment,CPWD Delhi Schedule of Rates 2021 Vol-II
IN,18.72.11,Providing and laying S&S Centrifugally Cast (Spun) / Ductile Iron Pipes (700 mm dia Ductile Iron Class K-7 pipes),m,metre,12871.79,INR,M&E Containment,CPWD Delhi Schedule of Rates 2021 Vol-II
IN,18.72.12,Providing and laying S&S Centrifugally Cast (Spun) / Ductile Iron Pipes (800 mm dia Ductile Iron Class K-7 pipes),m,metre,16050.94,INR,M&E Containment,CPWD Delhi Schedule of Rates 2021 Vol-II
IN,18.72.13,Providing and laying S&S Centrifugally Cast (Spun) / Ductile Iron Pipes (900 mm dia Ductile Iron Class K-7 pipes),m,metre,20711.43,INR,M&E Containment,CPWD Delhi Schedule of Rates 2021 Vol-II
IN,18.72.14,Providing and laying S&S Centrifugally Cast (Spun) / Ductile Iron Pipes (1000 mm dia Ductile Iron Class K-7 pipes),m,metre,21829.63,INR,M&E Containment,CPWD Delhi Schedule of Rates 2021 Vol-II
IN,18.72.15,Providing and laying S&S Centrifugally Cast (Spun) / Ductile Iron Pipes (100 mm dia Ductile Iron Class K-9 pipes),m,metre,1337.98,INR,M&E Containment,CPWD Delhi Schedule of Rates 2021 Vol-II
IN,18.72.16,Providing and laying S&S Centrifugally Cast (Spun) / Ductile Iron Pipes (150 mm dia Ductile Iron Class K-9 pipes),m,metre,2009.21,INR,M&E Containment,CPWD Delhi Schedule of Rates 2021 Vol-II
IN,18.72.17,Providing and laying S&S Centrifugally Cast (Spun) / Ductile Iron Pipes (200 mm dia Ductile Iron Class K-9 pipes),m,metre,2754.89,INR,M&E Containment,CPWD Delhi Schedule of Rates 2021 Vol-II
IN,18.72.18,Providing and laying S&S Centrifugally Cast (Spun) / Ductile Iron Pipes (250 mm dia Ductile Iron Class K-9 pipes),m,metre,3839.27,INR,M&E Containment,CPWD Delhi Schedule of Rates 2021 Vol-II
IN,18.72.19,Providing and laying S&S Centrifugally Cast (Spun) / Ductile Iron Pipes (300 mm dia Ductile Iron Class K-9 pipes),m,metre,4800.57,INR,M&E Containment,CPWD Delhi Schedule of Rates 2021 Vol-II
IN,18.72.2,Providing and laying S&S Centrifugally Cast (Spun) / Ductile Iron Pipes (150 mm dia Ductile Iron Class K-7 pipes),m,metre,1979.85,INR,M&E Containment,CPWD Delhi Schedule of Rates 2021 Vol-II
IN,18.72.20,Providing and laying S&S Centrifugally Cast (Spun) / Ductile Iron Pipes (350 mm dia Ductile Iron Class K-9 pipes),m,metre,5875.44,INR,M&E Containment,CPWD Delhi Schedule of Rates 2021 Vol-II
IN,18.72.21,Providing and laying S&S Centrifugally Cast (Spun) / Ductile Iron Pipes (400 mm dia Ductile Iron Class K-9 pipes),m,metre,7516.94,INR,M&E Containment,CPWD Delhi Schedule of Rates 2021 Vol-II
IN,18.72.22,Providing and laying S&S Centrifugally Cast (Spun) / Ductile Iron Pipes (450 mm dia Ductile Iron Class K-9 pipes),m,metre,8746.54,INR,M&E Containment,CPWD Delhi Schedule of Rates 2021 Vol-II
IN,18.72.23,Providing and laying S&S Centrifugally Cast (Spun) / Ductile Iron Pipes (500 mm dia Ductile Iron Class K-9 pipes),m,metre,10915.74,INR,M&E Containment,CPWD Delhi Schedule of Rates 2021 Vol-II
IN,18.72.24,Providing and laying S&S Centrifugally Cast (Spun) / Ductile Iron Pipes (600 mm dia Ductile Iron Class K-9 pipes),m,metre,13227.25,INR,M&E Containment,CPWD Delhi Schedule of Rates 2021 Vol-II
IN,18.72.3,Providing and laying S&S Centrifugally Cast (Spun) / Ductile Iron Pipes (200 mm dia Ductile Iron Class K-7 pipes),m,metre,2443.06,INR,M&E Containment,CPWD Delhi Schedule of Rates 2021 Vol-II
IN,18.72.4,Providing and laying S&S Centrifugally Cast (Spun) / Ductile Iron Pipes (250 mm dia Ductile Iron Class K-7 pipes),m,metre,3145.47,INR,M&E Containment,CPWD Delhi Schedule of Rates 2021 Vol-II
IN,18.72.5,Providing and laying S&S Centrifugally Cast (Spun) / Ductile Iron Pipes (300 mm dia Ductile Iron Class K-7 pipes),m,metre,3928.84,INR,M&E Containment,CPWD Delhi Schedule of Rates 2021 Vol-II
IN,18.72.6,Providing and laying S&S Centrifugally Cast (Spun) / Ductile Iron Pipes (350 mm dia Ductile Iron Class K-7 pipes),m,metre,4666.79,INR,M&E Containment,CPWD Delhi Schedule of Rates 2021 Vol-II
IN,18.72.7,Providing and laying S&S Centrifugally Cast (Spun) / Ductile Iron Pipes (400 mm dia Ductile Iron Class K-7 pipes),m,metre,5595.02,INR,M&E Containment,CPWD Delhi Schedule of Rates 2021 Vol-II
IN,18.72.8,Providing and laying S&S Centrifugally Cast (Spun) / Ductile Iron Pipes (450 mm dia Ductile Iron Class K-7 pipes),m,metre,6775.29,INR,M&E Containment,CPWD Delhi Schedule of Rates 2021 Vol-II
IN,18.72.9,Providing and laying S&S Centrifugally Cast (Spun) / Ductile Iron Pipes (500 mm dia Ductile Iron Class K-7 pipes),m,metre,7655.17,INR,M&E Containment,CPWD Delhi Schedule of Rates 2021 Vol-II
IN,18.73.1,Providing and laying Double Flanged (Screwed/Welded) Centrifugally (Spun) Ductile Iron Pipes of Class K - 9 (100 mm dia Ductile Iron Double Flanged),m,metre,1906.04,INR,M&E Containment,CPWD Delhi Schedule of Rates 2021 Vol-II
IN,18.73.10,Providing and laying Double Flanged (Screwed/Welded) Centrifugally (Spun) Ductile Iron Pipes of Class K - 9 (600 mm dia Ductile Iron Double Flanged),m,metre,20932.07,INR,M&E Containment,CPWD Delhi Schedule of Rates 2021 Vol-II
IN,18.73.11,Providing and laying Double Flanged (Screwed/Welded) Centrifugally (Spun) Ductile Iron Pipes of Class K - 9 (700 mm dia Ductile Iron Double Flanged),m,metre,24778.2,INR,M&E Containment,CPWD Delhi Schedule of Rates 2021 Vol-II
IN,18.73.2,Providing and laying Double Flanged (Screwed/Welded) Centrifugally (Spun) Ductile Iron Pipes of Class K - 9 (150 mm dia Ductile Iron Double Flanged),m,metre,2859.67,INR,M&E Containment,CPWD Delhi Schedule of Rates 2021 Vol-II
IN,18.73.3,Providing and laying Double Flanged (Screwed/Welded) Centrifugally (Spun) Ductile Iron Pipes of Class K - 9 (200 mm dia Ductile Iron Double Flanged),m,metre,3611.71,INR,M&E Containment,CPWD Delhi Schedule of Rates 2021 Vol-II
IN,18.73.4,Providing and laying Double Flanged (Screwed/Welded) Centrifugally (Spun) Ductile Iron Pipes of Class K - 9 (250 mm dia Ductile Iron Double Flanged),m,metre,5122.03,INR,M&E Containment,CPWD Delhi Schedule of Rates 2021 Vol-II
IN,18.73.5,Providing and laying Double Flanged (Screwed/Welded) Centrifugally (Spun) Ductile Iron Pipes of Class K - 9 (300 mm dia Ductile Iron Double Flanged),m,metre,6579.69,INR,M&E Containment,CPWD Delhi Schedule of Rates 2021 Vol-II
IN,18.73.6,Providing and laying Double Flanged (Screwed/Welded) Centrifugally (Spun) Ductile Iron Pipes of Class K - 9 (350 mm dia Ductile Iron Double Flanged),m,metre,8284.06,INR,M&E Containment,CPWD Delhi Schedule of Rates 2021 Vol-II
IN,18.73.7,Providing and laying Double Flanged (Screwed/Welded) Centrifugally (Spun) Ductile Iron Pipes of Class K - 9 (400 mm dia Ductile Iron Double Flanged),m,metre,10626,INR,M&E Containment,CPWD Delhi Schedule of Rates 2021 Vol-II
IN,18.73.8,Providing and laying Double Flanged (Screwed/Welded) Centrifugally (Spun) Ductile Iron Pipes of Class K - 9 (450 mm dia Ductile Iron Double Flanged),m,metre,11212.23,INR,M&E Containment,CPWD Delhi Schedule of Rates 2021 Vol-II
IN,18.73.9,Providing and laying Double Flanged (Screwed/Welded) Centrifugally (Spun) Ductile Iron Pipes of Class K - 9 (500 mm dia Ductile Iron Double Flanged),m,metre,15797.85,INR,M&E Containment,CPWD Delhi Schedule of Rates 2021 Vol-II
IN,18.77,Cutting holes up to 15x15 cm in R.C.C. floors and roofs for passing drain pipe etc.,item,each,466.25,INR,M&E Containment,CPWD Delhi Schedule of Rates 2021 Vol-II
IN,18.8.1,"Providing and fixing C.P.V.C. Pipes (15 mm nominal dia Pipes, Concealed work)",m,metre,545.5,INR,M&E Containment,CPWD Delhi Schedule of Rates 2021 Vol-II
IN,18.8.2,"Providing and fixing C.P.V.C. Pipes (20 mm nominal dia Pipes, Concealed work)",m,metre,635.23,INR,M&E Containment,CPWD Delhi Schedule of Rates 2021 Vol-II
IN,18.8.3,"Providing and fixing C.P.V.C. Pipes (25 mm nominal dia Pipes, Concealed work)",m,metre,774.12,INR,M&E Containment,CPWD Delhi Schedule of Rates 2021 Vol-II
IN,18.8.4,"Providing and fixing C.P.V.C. Pipes (32 mm nominal dia Pipes, Concealed work)",m,metre,881.3,INR,M&E Containment,CPWD Delhi Schedule of Rates 2021 Vol-II
IN,18.80.1,Disinfecting C.I. water mains by flushing with water containing bleaching powder (80 mm diameter C.I. pipe),m,100 metre,18.8421,INR,M&E Containment,CPWD Delhi Schedule of Rates 2021 Vol-II
IN,18.80.10,Disinfecting C.I. water mains by flushing with water containing bleaching powder (450 mm diameter C.I. pipe),m,100 metre,89.2786,INR,M&E Containment,CPWD Delhi Schedule of Rates 2021 Vol-II
IN,18.80.11,Disinfecting C.I. water mains by flushing with water containing bleaching powder (500 mm diameter C.I. pipe),m,100 metre,96.8633,INR,M&E Containment,CPWD Delhi Schedule of Rates 2021 Vol-II
IN,18.80.12,Disinfecting C.I. water mains by flushing with water containing bleaching powder (600 mm diameter C.I. pipe),m,100 metre,112.1656,INR,M&E Containment,CPWD Delhi Schedule of Rates 2021 Vol-II
IN,18.80.2,Disinfecting C.I. water mains by flushing with water containing bleaching powder (100 mm diameter C.I. pipe),m,100 metre,24.6847,INR,M&E Containment,CPWD Delhi Schedule of Rates 2021 Vol-II
IN,18.80.3,Disinfecting C.I. water mains by flushing with water containing bleaching powder (125 mm diameter C.I. pipe),m,100 metre,30.7443,INR,M&E Containment,CPWD Delhi Schedule of Rates 2021 Vol-II
IN,18.80.4,Disinfecting C.I. water mains by flushing with water containing bleaching powder (150 mm diameter C.I. pipe),m,100 metre,36.7817,INR,M&E Containment,CPWD Delhi Schedule of Rates 2021 Vol-II
IN,18.80.5,Disinfecting C.I. water mains by flushing with water containing bleaching powder (200 mm diameter C.I. pipe),m,100 metre,48.8928,INR,M&E Containment,CPWD Delhi Schedule of Rates 2021 Vol-II
IN,18.80.6,Disinfecting C.I. water mains by flushing with water containing bleaching powder (250 mm diameter C.I. pipe),m,100 metre,61.3291,INR,M&E Containment,CPWD Delhi Schedule of Rates 2021 Vol-II
IN,18.80.7,Disinfecting C.I. water mains by flushing with water containing bleaching powder (300 mm diameter C.I. pipe),m,100 metre,68.0236,INR,M&E Containment,CPWD Delhi Schedule of Rates 2021 Vol-II
IN,18.80.8,Disinfecting C.I. water mains by flushing with water containing bleaching powder (350 mm diameter C.I. pipe),m,100 metre,74.8881,INR,M&E Containment,CPWD Delhi Schedule of Rates 2021 Vol-II
IN,18.80.9,Disinfecting C.I. water mains by flushing with water containing bleaching powder (400 mm diameter C.I. pipe),m,100 metre,82.0383,INR,M&E Containment,CPWD Delhi Schedule of Rates 2021 Vol-II
IN,18.81.1,Extra for every operation of disinfecting the C.I. main (80 mm diameter C.I. pipe),m,100 metre,6.8991,INR,M&E Containment,CPWD Delhi Schedule of Rates 2021 Vol-II
IN,18.81.10,Extra for every operation of disinfecting the C.I. main (450 mm diameter C.I. pipe),m,100 metre,35.0519,INR,M&E Containment,CPWD Delhi Schedule of Rates 2021 Vol-II
IN,18.81.11,Extra for every operation of disinfecting the C.I. main (500 mm diameter C.I. pipe),m,100 metre,39.11,INR,M&E Containment,CPWD Delhi Schedule of Rates 2021 Vol-II
IN,18.81.12,Extra for every operation of disinfecting the C.I. main (600 mm diameter C.I. pipe),m,100 metre,47.3473,INR,M&E Containment,CPWD Delhi Schedule of Rates 2021 Vol-II
IN,18.81.2,Extra for every operation of disinfecting the C.I. main (100 mm diameter C.I. pipe),m,100 metre,8.431,INR,M&E Containment,CPWD Delhi Schedule of Rates 2021 Vol-II
IN,18.81.3,Extra for every operation of disinfecting the C.I. main (125 mm diameter C.I. pipe),m,100 metre,10.2652,INR,M&E Containment,CPWD Delhi Schedule of Rates 2021 Vol-II
IN,18.81.4,Extra for every operation of disinfecting the C.I. main (150 mm diameter C.I. pipe),m,100 metre,11.9158,INR,M&E Containment,CPWD Delhi Schedule of Rates 2021 Vol-II
IN,18.81.5,Extra for every operation of disinfecting the C.I. main (200 mm diameter C.I. pipe),m,100 metre,17.9476,INR,M&E Containment,CPWD Delhi Schedule of Rates 2021 Vol-II
IN,18.81.6,Extra for every operation of disinfecting the C.I. main (250 mm diameter C.I. pipe),m,100 metre,20.6411,INR,M&E Containment,CPWD Delhi Schedule of Rates 2021 Vol-II
IN,18.81.7,Extra for every operation of disinfecting the C.I. main (300 mm diameter C.I. pipe),m,100 metre,23.1683,INR,M&E Containment,CPWD Delhi Schedule of Rates 2021 Vol-II
IN,18.81.8,Extra for every operation of disinfecting the C.I. main (350 mm diameter C.I. pipe),m,100 metre,27.0778,INR,M&E Containment,CPWD Delhi Schedule of Rates 2021 Vol-II
IN,18.81.9,Extra for every operation of disinfecting the C.I. main (400 mm diameter C.I. pipe),m,100 metre,31.0188,INR,M&E Containment,CPWD Delhi Schedule of Rates 2021 Vol-II
IN,18.82.1,Dismantling old C.I. pipes (80 mm diameter C.I. pipe),m,metre,404.67,INR,M&E Containment,CPWD Delhi Schedule of Rates 2021 Vol-II
IN,18.82.10,Dismantling old C.I. pipes (450 mm diameter C.I. pipe),m,metre,721.19,INR,M&E Containment,CPWD Delhi Schedule of Rates 2021 Vol-II
IN,18.82.11,Dismantling old C.I. pipes (500 mm diameter C.I. pipe),m,metre,756.55,INR,M&E Containment,CPWD Delhi Schedule of Rates 2021 Vol-II
IN,18.82.12,Dismantling old C.I. pipes (600 mm diameter C.I. pipe),m,metre,818.68,INR,M&E Containment,CPWD Delhi Schedule of Rates 2021 Vol-II
IN,18.82.2,Dismantling old C.I. pipes (100 mm diameter C.I. pipe),m,metre,421.36,INR,M&E Containment,CPWD Delhi Schedule of Rates 2021 Vol-II
IN,18.82.3,Dismantling old C.I. pipes (125 mm diameter C.I. pipe),m,metre,436.94,INR,M&E Containment,CPWD Delhi Schedule of Rates 2021 Vol-II
IN,18.82.4,Dismantling old C.I. pipes (150 mm diameter C.I. pipe),m,metre,452.77,INR,M&E Containment,CPWD Delhi Schedule of Rates 2021 Vol-II
IN,18.82.5,Dismantling old C.I. pipes (200 mm diameter C.I. pipe),m,metre,504.2,INR,M&E Containment,CPWD Delhi Schedule of Rates 2021 Vol-II
IN,18.82.6,Dismantling old C.I. pipes (250 mm diameter C.I. pipe),m,metre,554.03,INR,M&E Containment,CPWD Delhi Schedule of Rates 2021 Vol-II
IN,18.82.7,Dismantling old C.I. pipes (300 mm diameter C.I. pipe),m,metre,599.04,INR,M&E Containment,CPWD Delhi Schedule of Rates 2021 Vol-II
IN,18.82.8,Dismantling old C.I. pipes (350 mm diameter C.I. pipe),m,metre,641.82,INR,M&E Containment,CPWD Delhi Schedule of Rates 2021 Vol-II
IN,18.82.9,Dismantling old C.I. pipes (400 mm diameter C.I. pipe),m,metre,681.01,INR,M&E Containment,CPWD Delhi Schedule of Rates 2021 Vol-II
IN,18.83.1,Labour for cutting C.I. pipe with steel saw (80 mm diameter C.I. pipe),item,each cut,148.24,INR,M&E Containment,CPWD Delhi Schedule of Rates 2021 Vol-II
IN,18.83.10,Labour for cutting C.I. pipe with steel saw (450 mm diameter C.I. pipe),item,each cut,1111.14,INR,M&E Containment,CPWD Delhi Schedule of Rates 2021 Vol-II
IN,18.83.11,Labour for cutting C.I. pipe with steel saw (500 mm diameter C.I. pipe),item,each cut,1235.28,INR,M&E Containment,CPWD Delhi Schedule of Rates 2021 Vol-II
IN,18.83.12,Labour for cutting C.I. pipe with steel saw (600 mm diameter C.I. pipe),item,each cut,1474.83,INR,M&E Containment,CPWD Delhi Schedule of Rates 2021 Vol-II
IN,18.83.2,Labour for cutting C.I. pipe with steel saw (100 mm diameter C.I. pipe),item,each cut,198.69,INR,M&E Containment,CPWD Delhi Schedule of Rates 2021 Vol-II
IN,18.83.3,Labour for cutting C.I. pipe with steel saw (125 mm diameter C.I. pipe),item,each cut,275.53,INR,M&E Containment,CPWD Delhi Schedule of Rates 2021 Vol-II
IN,18.83.4,Labour for cutting C.I. pipe with steel saw (150 mm diameter C.I. pipe),item,each cut,373.26,INR,M&E Containment,CPWD Delhi Schedule of Rates 2021 Vol-II
IN,18.83.5,Labour for cutting C.I. pipe with steel saw (200 mm diameter C.I. pipe),item,each cut,497.83,INR,M&E Containment,CPWD Delhi Schedule of Rates 2021 Vol-II
IN,18.83.6,Labour for cutting C.I. pipe with steel saw (250 mm diameter C.I. pipe),item,each cut,619.25,INR,M&E Containment,CPWD Delhi Schedule of Rates 2021 Vol-II
IN,18.83.7,Labour for cutting C.I. pipe with steel saw (300 mm diameter C.I. pipe),item,each cut,743.81,INR,M&E Containment,CPWD Delhi Schedule of Rates 2021 Vol-II
IN,18.83.8,Labour for cutting C.I. pipe with steel saw (350 mm diameter C.I. pipe),item,each cut,865.17,INR,M&E Containment,CPWD Delhi Schedule of Rates 2021 Vol-II
IN,18.83.9,Labour for cutting C.I. pipe with steel saw (400 mm diameter C.I. pipe),item,each cut,989.3,INR,M&E Containment,CPWD Delhi Schedule of Rates 2021 Vol-II
IN,18.85.1,Providing and fixing Stainless Steel pipe and fitting of grade AISI 304 (15.88 mm outer dia pipe),m,metre,435.39,INR,M&E Containment,CPWD Delhi Schedule of Rates 2021 Vol-II
IN,18.85.2,Providing and fixing Stainless Steel pipe and fitting of grade AISI 304 (22.22 mm outer dia Pipe),m,metre,626.49,INR,M&E Containment,CPWD Delhi Schedule of Rates 2021 Vol-II
IN,18.85.3,Providing and fixing Stainless Steel pipe and fitting of grade AISI 304 (28.58 mm outer dia Pipe),m,metre,731.26,INR,M&E Containment,CPWD Delhi Schedule of Rates 2021 Vol-II
IN,18.85.4,Providing and fixing Stainless Steel pipe and fitting of grade AISI 304 (34.00 mm outer dia Pipe),m,metre,956.22,INR,M&E Containment,CPWD Delhi Schedule of Rates 2021 Vol-II
IN,18.85.5,Providing and fixing Stainless Steel pipe and fitting of grade AISI 304 (42.70 mm outer dia Pipe),m,metre,975.01,INR,M&E Containment,CPWD Delhi Schedule of Rates 2021 Vol-II
IN,18.85.6,Providing and fixing Stainless Steel pipe and fitting of grade AISI 304 (48.60 mm outer dia Pipe),m,metre,1270.26,INR,M&E Containment,CPWD Delhi Schedule of Rates 2021 Vol-II
IN,18.85A.1,Providing and fixing Stainless Steel pipe and fitting of grade 316L (15 mm outer dia pipe),m,metre,730.64,INR,M&E Containment,CPWD Delhi Schedule of Rates 2021 Vol-II
IN,18.85A.2,Providing and fixing Stainless Steel pipe and fitting of grade 316L (22 mm outer dia Pipe),m,metre,1060.78,INR,M&E Containment,CPWD Delhi Schedule of Rates 2021 Vol-II
IN,18.85A.3,Providing and fixing Stainless Steel pipe and fitting of grade 316L (28 mm outer dia Pipe),m,metre,1321.81,INR,M&E Containment,CPWD Delhi Schedule of Rates 2021 Vol-II
IN,18.85A.4,Providing and fixing Stainless Steel pipe and fitting of grade 316L (35 mm outer dia Pipe),m,metre,1834.28,INR,M&E Containment,CPWD Delhi Schedule of Rates 2021 Vol-II
IN,18.85A.5,Providing and fixing Stainless Steel pipe and fitting of grade 316L (42 mm outer dia Pipe),m,metre,2208.25,INR,M&E Containment,CPWD Delhi Schedule of Rates 2021 Vol-II
IN,18.85A.6,Providing and fixing Stainless Steel pipe and fitting of grade 316L (54 mm outer dia Pipe),m,metre,2798.88,INR,M&E Containment,CPWD Delhi Schedule of Rates 2021 Vol-II
IN,18.86.1,Providing and fixing Stainless Steel pipe and fitting of grade AISI 304 (15.88 mm outer dia. Pipes),m,metre,646.83,INR,M&E Containment,CPWD Delhi Schedule of Rates 2021 Vol-II
IN,18.86.2,Providing and fixing Stainless Steel pipe and fitting of grade AISI 304 (22.22 mm Outer dia pipes),m,metre,837.99,INR,M&E Containment,CPWD Delhi Schedule of Rates 2021 Vol-II
IN,18.86A.1,Providing and fixing Stainless Steel pipe and fitting of grade 316L (15 mm outer dia. Pipes),m,metre,942.14,INR,M&E Containment,CPWD Delhi Schedule of Rates 2021 Vol-II
IN,18.86A.2,Providing and fixing Stainless Steel pipe and fitting of grade 316L (22 mm Outer dia pipes),m,metre,1272.17,INR,M&E Containment,CPWD Delhi Schedule of Rates 2021 Vol-II
IN,18.87.1,"Providing and fixing required Stainless Steel Fitting of press fit design of grade AISI 304 (Coupling/Socket, For 15.88 mm outer dia pipe)",item,each,99.28,INR,M&E Containment,CPWD Delhi Schedule of Rates 2021 Vol-II
IN,18.87.2,"Providing and fixing required Stainless Steel Fitting of press fit design of grade AISI 304 (Coupling/Socket, For 22.22 mm outer dia pipe)",item,each,115.79,INR,M&E Containment,CPWD Delhi Schedule of Rates 2021 Vol-II
IN,18.87.3,"Providing and fixing required Stainless Steel Fitting of press fit design of grade AISI 304 (Coupling/Socket, For 28.58 mm outer dia pipe)",item,each,159.24,INR,M&E Containment,CPWD Delhi Schedule of Rates 2021 Vol-II
IN,18.87.4,"Providing and fixing required Stainless Steel Fitting of press fit design of grade AISI 304 (Coupling/Socket, For 34.00 mm outer dia pipe)",item,each,223.29,INR,M&E Containment,CPWD Delhi Schedule of Rates 2021 Vol-II
IN,18.87.5,"Providing and fixing required Stainless Steel Fitting of press fit design of grade AISI 304 (Coupling/Socket, For 42.70 mm outer dia pipe)",item,each,264.64,INR,M&E Containment,CPWD Delhi Schedule of Rates 2021 Vol-II
IN,18.87.6,"Providing and fixing required Stainless Steel Fitting of press fit design of grade AISI 304 (Coupling/Socket, For 48.60 mm outer dia pipe)",item,each,297.78,INR,M&E Containment,CPWD Delhi Schedule of Rates 2021 Vol-II
IN,18.87A.1,"Providing and fixing required Stainless Steel Fitting of press fit design of grade 316L (Coupling/Socket, For 15 mm outer dia pipe)",item,each,355.64,INR,M&E Containment,CPWD Delhi Schedule of Rates 2021 Vol-II
IN,18.87A.2,"Providing and fixing required Stainless Steel Fitting of press fit design of grade 316L (Coupling/Socket, For 22 mm outer dia pipe)",item,each,446.63,INR,M&E Containment,CPWD Delhi Schedule of Rates 2021 Vol-II
IN,18.87A.3,"Providing and fixing required Stainless Steel Fitting of press fit design of grade 316L (Coupling/Socket, For 28 mm outer dia pipe)",item,each,521.06,INR,M&E Containment,CPWD Delhi Schedule of Rates 2021 Vol-II
IN,18.87A.4,"Providing and fixing required Stainless Steel Fitting of press fit design of grade 316L (Coupling/Socket, For 35 mm outer dia pipe)",item,each,653.4,INR,M&E Containment,CPWD Delhi Schedule of Rates 2021 Vol-II
IN,18.87A.5,"Providing and fixing required Stainless Steel Fitting of press fit design of grade 316L (Coupling/Socket, For 42 mm outer dia pipe)",item,each,884.96,INR,M&E Containment,CPWD Delhi Schedule of Rates 2021 Vol-II
IN,18.87A.6,"Providing and fixing required Stainless Steel Fitting of press fit design of grade 316L (Coupling/Socket, For 54 mm outer dia pipe)",item,each,1058.72,INR,M&E Containment,CPWD Delhi Schedule of Rates 2021 Vol-II
IN,18.88.1,"Providing and fixing required Stainless Steel Fitting of press fit design of grade AISI 304 (Reducer, For 22.22 mm x 15.88 mm outer dia pipe)",item,each,179.46,INR,M&E Containment,CPWD Delhi Schedule of Rates 2021 Vol-II
IN,18.88.10,"Providing and fixing required Stainless Steel Fitting of press fit design of grade AISI 304 (Reducer, For 42.70 mm x 34.00 mm outer dia pipe)",item,each,645.15,INR,M&E Containment,CPWD Delhi Schedule of Rates 2021 Vol-II
IN,18.88.11,"Providing and fixing required Stainless Steel Fitting of press fit design of grade AISI 304 (Reducer, For 48.60 mm x 15.88 mm outer dia pipe)",item,each,703.02,INR,M&E Containment,CPWD Delhi Schedule of Rates 2021 Vol-II
IN,18.88.12,"Providing and fixing required Stainless Steel Fitting of press fit design of grade AISI 304 (Reducer, For 48.60 mm x 22.22 mm outer dia pipe)",item,each,703.02,INR,M&E Containment,CPWD Delhi Schedule of Rates 2021 Vol-II
IN,18.88.13,"Providing and fixing required Stainless Steel Fitting of press fit design of grade AISI 304 (Reducer, For 48.60 mm x 28.58 mm outer dia pipe)",item,each,703.02,INR,M&E Containment,CPWD Delhi Schedule of Rates 2021 Vol-II
IN,18.88.14,"Providing and fixing required Stainless Steel Fitting of press fit design of grade AISI 304 (Reducer, For 48.60 mm x 34.00 mm outer dia pipe)",item,each,703.02,INR,M&E Containment,CPWD Delhi Schedule of Rates 2021 Vol-II
IN,18.88.15,"Providing and fixing required Stainless Steel Fitting of press fit design of grade AISI 304 (Reducer, For 48.60 mm x 42.70 mm outer dia pipe)",item,each,703.02,INR,M&E Containment,CPWD Delhi Schedule of Rates 2021 Vol-II
IN,18.88.2,"Providing and fixing required Stainless Steel Fitting of press fit design of grade AISI 304 (Reducer, For 28.58 mm x 15.88 mm outer dia pipe)",item,each,252.3,INR,M&E Containment,CPWD Delhi Schedule of Rates 2021 Vol-II
IN,18.88.3,"Providing and fixing required Stainless Steel Fitting of press fit design of grade AISI 304 (Reducer, For 28.58 mm x 22.22 mm outer dia pipe)",item,each,267.2,INR,M&E Containment,CPWD Delhi Schedule of Rates 2021 Vol-II
IN,18.88.4,"Providing and fixing required Stainless Steel Fitting of press fit design of grade AISI 304 (Reducer, For 34.00 mm x 15.88 mm outer dia pipe)",item,each,330.88,INR,M&E Containment,CPWD Delhi Schedule of Rates 2021 Vol-II
IN,18.88.5,"Providing and fixing required Stainless Steel Fitting of press fit design of grade AISI 304 (Reducer, For 34.00 mm x 22.22 mm outer dia pipe)",item,each,347.39,INR,M&E Containment,CPWD Delhi Schedule of Rates 2021 Vol-II
IN,18.88.6,"Providing and fixing required Stainless Steel Fitting of press fit design of grade AISI 304 (Reducer, For 34.00 mm x 28.58 mm outer dia pipe)",item,each,347.39,INR,M&E Containment,CPWD Delhi Schedule of Rates 2021 Vol-II
IN,18.88.7,"Providing and fixing required Stainless Steel Fitting of press fit design of grade AISI 304 (Reducer, For 42.70 mm x 15.88 mm outer dia pipe)",item,each,620.36,INR,M&E Containment,CPWD Delhi Schedule of Rates 2021 Vol-II
IN,18.88.8,"Providing and fixing required Stainless Steel Fitting of press fit design of grade AISI 304 (Reducer, For 42.70 mm x 22.22 mm outer dia pipe)",item,each,620.36,INR,M&E Containment,CPWD Delhi Schedule of Rates 2021 Vol-II
IN,18.88.9,"Providing and fixing required Stainless Steel Fitting of press fit design of grade AISI 304 (Reducer, For 42.70 mm x 28.58 mm outer dia pipe)",item,each,645.15,INR,M&E Containment,CPWD Delhi Schedule of Rates 2021 Vol-II
IN,18.88A.1,"Providing and fixing required Stainless Steel Fitting of press fit design of grade 316L (Reducer, For 22mm x 15 mm outer dia pipe)",item,each,421.78,INR,M&E Containment,CPWD Delhi Schedule of Rates 2021 Vol-II
IN,18.88A.10,"Providing and fixing required Stainless Steel Fitting of press fit design of grade 316L (Reducer, For 54 mm x 35 mm outer dia pipe)",item,each,1703.88,INR,M&E Containment,CPWD Delhi Schedule of Rates 2021 Vol-II
IN,18.88A.11,"Providing and fixing required Stainless Steel Fitting of press fit design of grade 316L (Reducer, For 54 mm x 42 mm outer dia pipe)",item,each,1381.3,INR,M&E Containment,CPWD Delhi Schedule of Rates 2021 Vol-II
IN,18.88A.2,"Providing and fixing required Stainless Steel Fitting of press fit design of grade 316L (Reducer, For 28 mm x 15 mm outer dia pipe)",item,each,620.36,INR,M&E Containment,CPWD Delhi Schedule of Rates 2021 Vol-II
IN,18.88A.3,"Providing and fixing required Stainless Steel Fitting of press fit design of grade 316L (Reducer, For 28 mm x 22 mm outer dia pipe)",item,each,512.8,INR,M&E Containment,CPWD Delhi Schedule of Rates 2021 Vol-II
IN,18.88A.4,"Providing and fixing required Stainless Steel Fitting of press fit design of grade 316L (Reducer, For 35 mm x 22 mm outer dia pipe)",item,each,628.59,INR,M&E Containment,CPWD Delhi Schedule of Rates 2021 Vol-II
IN,18.88A.5,"Providing and fixing required Stainless Steel Fitting of press fit design of grade 316L (Reducer, For 35 mm x 28 mm outer dia pipe)",item,each,777.51,INR,M&E Containment,CPWD Delhi Schedule of Rates 2021 Vol-II
IN,18.88A.6,"Providing and fixing required Stainless Steel Fitting of press fit design of grade 316L (Reducer, For 42 mm x 22 mm outer dia pipe)",item,each,1141.44,INR,M&E Containment,CPWD Delhi Schedule of Rates 2021 Vol-II
IN,18.88A.7,"Providing and fixing required Stainless Steel Fitting of press fit design of grade 316L (Reducer, For 42 mm x 28 mm outer dia pipe)",item,each,1191.02,INR,M&E Containment,CPWD Delhi Schedule of Rates 2021 Vol-II
IN,18.88A.8,"Providing and fixing required Stainless Steel Fitting of press fit design of grade 316L (Reducer, For 42 mm x 35 mm outer dia pipe)",item,each,1000.8,INR,M&E Containment,CPWD Delhi Schedule of Rates 2021 Vol-II
IN,18.88A.9,"Providing and fixing required Stainless Steel Fitting of press fit design of grade 316L (Reducer, For 54 mm x 28 mm outer dia pipe)",item,each,1637.67,INR,M&E Containment,CPWD Delhi Schedule of Rates 2021 Vol-II
IN,18.89.1,"Providing and fixing required Stainless Steel Fitting of press fit design of grade AISI 304 (Slip Coupling/ Socket, For 15.88 mm outer dia pipe)",item,each,91,INR,M&E Containment,CPWD Delhi Schedule of Rates 2021 Vol-II
IN,18.89.2,"Providing and fixing required Stainless Steel Fitting of press fit design of grade AISI 304 (Slip Coupling/ Socket, For 22.22 mm outer dia pipe)",item,each,115.79,INR,M&E Containment,CPWD Delhi Schedule of Rates 2021 Vol-II
IN,18.89.3,"Providing and fixing required Stainless Steel Fitting of press fit design of grade AISI 304 (Slip Coupling/ Socket, For 28.58 mm outer dia pipe)",item,each,157.14,INR,M&E Containment,CPWD Delhi Schedule of Rates 2021 Vol-II
IN,18.89.4,"Providing and fixing required Stainless Steel Fitting of press fit design of grade AISI 304 (Slip Coupling/ Socket, For 34.00 mm outer dia pipe)",item,each,223.29,INR,M&E Containment,CPWD Delhi Schedule of Rates 2021 Vol-II
IN,18.89.5,"Providing and fixing required Stainless Steel Fitting of press fit design of grade AISI 304 (Slip Coupling/ Socket, For 42.70 mm outer dia pipe)",item,each,264.64,INR,M&E Containment,CPWD Delhi Schedule of Rates 2021 Vol-II
IN,18.89.6,"Providing and fixing required Stainless Steel Fitting of press fit design of grade AISI 304 (Slip Coupling/ Socket, For 48.60 mm outer dia pipe)",item,each,289.51,INR,M&E Containment,CPWD Delhi Schedule of Rates 2021 Vol-II
IN,18.89A.1,"Providing and fixing required Stainless Steel Fitting of press fit design of grade 316L (Sleeve/Slip Coupling/ Socket, For 15 mm outer dia pipe)",item,each,620.36,INR,M&E Containment,CPWD Delhi Schedule of Rates 2021 Vol-II
IN,18.89A.2,"Providing and fixing required Stainless Steel Fitting of press fit design of grade 316L (Sleeve/Slip Coupling/ Socket, For 22 mm outer dia pipe)",item,each,744.35,INR,M&E Containment,CPWD Delhi Schedule of Rates 2021 Vol-II
IN,18.89A.3,"Providing and fixing required Stainless Steel Fitting of press fit design of grade 316L (Sleeve/Slip Coupling/ Socket, For 28 mm outer dia pipe)",item,each,860.25,INR,M&E Containment,CPWD Delhi Schedule of Rates 2021 Vol-II
IN,18.89A.4,"Providing and fixing required Stainless Steel Fitting of press fit design of grade 316L (Sleeve/Slip Coupling/ Socket, For 35 mm outer dia pipe)",item,each,959.45,INR,M&E Containment,CPWD Delhi Schedule of Rates 2021 Vol-II
IN,18.89A.5,"Providing and fixing required Stainless Steel Fitting of press fit design of grade 316L (Sleeve/Slip Coupling/ Socket, For 42 mm outer dia pipe)",item,each,1108.28,INR,M&E Containment,CPWD Delhi Schedule of Rates 2021 Vol-II
IN,18.89A.6,"Providing and fixing required Stainless Steel Fitting of press fit design of grade 316L (Sleeve/Slip Coupling/ Socket, For 54 mm outer dia pipe)",item,each,1579.81,INR,M&E Containment,CPWD Delhi Schedule of Rates 2021 Vol-II
IN,18.9.1,"Providing and fixing C.P.V.C. Pipes (15 mm nominal dia Pipes, External work)",m,metre,273.74,INR,M&E Containment,CPWD Delhi Schedule of Rates 2021 Vol-II
IN,18.9.10,"Providing and fixing C.P.V.C. Pipes (150 mm nominal dia Pipes, External work)",m,metre,7259.83,INR,M&E Containment,CPWD Delhi Schedule of Rates 2021 Vol-II
IN,18.9.2,"Providing and fixing C.P.V.C. Pipes (20 mm nominal dia Pipes, External work)",m,metre,340.35,INR,M&E Containment,CPWD Delhi Schedule of Rates 2021 Vol-II
IN,18.9.3,"Providing and fixing C.P.V.C. Pipes (25 mm nominal dia Pipes, External work)",m,metre,458.35,INR,M&E Containment,CPWD Delhi Schedule of Rates 2021 Vol-II
IN,18.9.4,"Providing and fixing C.P.V.C. Pipes (32 mm nominal dia Pipes, External work)",m,metre,537.96,INR,M&E Containment,CPWD Delhi Schedule of Rates 2021 Vol-II
IN,18.9.5,"Providing and fixing C.P.V.C. Pipes (40 mm nominal dia Pipes, External work)",m,metre,691.48,INR,M&E Containment,CPWD Delhi Schedule of Rates 2021 Vol-II
IN,18.9.6,"Providing and fixing C.P.V.C. Pipes (50 mm nominal dia Pipes, External work)",m,metre,1003.97,INR,M&E Containment,CPWD Delhi Schedule of Rates 2021 Vol-II
IN,18.9.7,"Providing and fixing C.P.V.C. Pipes (65 mm nominal dia Pipes, External work)",m,metre,1949.98,INR,M&E Containment,CPWD Delhi Schedule of Rates 2021 Vol-II
IN,18.9.8,"Providing and fixing C.P.V.C. Pipes (80 mm nominal dia Pipes, External work)",m,metre,2461.29,INR,M&E Containment,CPWD Delhi Schedule of Rates 2021 Vol-II
IN,18.9.9,"Providing and fixing C.P.V.C. Pipes (100 mm nominal dia Pipes, External work)",m,metre,3476.91,INR,M&E Containment,CPWD Delhi Schedule of Rates 2021 Vol-II
IN,18.90.1,"Providing and fixing required Stainless Steel Fitting of press fit design of grade AISI 304 (Elbow 90°, For 15.88mm outer dia pipe)",item,each,107.5,INR,M&E Containment,CPWD Delhi Schedule of Rates 2021 Vol-II
IN,18.90.2,"Providing and fixing required Stainless Steel Fitting of press fit design of grade AISI 304 (Elbow 90°, For 22.22 mm outer dia pipe)",item,each,115.79,INR,M&E Containment,CPWD Delhi Schedule of Rates 2021 Vol-II
IN,18.90.3,"Providing and fixing required Stainless Steel Fitting of press fit design of grade AISI 304 (Elbow 90°, For 28.58 mm outer dia pipe)",item,each,173.71,INR,M&E Containment,CPWD Delhi Schedule of Rates 2021 Vol-II
IN,18.90.4,"Providing and fixing required Stainless Steel Fitting of press fit design of grade AISI 304 (Elbow 90°, For 34.00 mm outer dia pipe)",item,each,198.51,INR,M&E Containment,CPWD Delhi Schedule of Rates 2021 Vol-II
IN,18.90.5,"Providing and fixing required Stainless Steel Fitting of press fit design of grade AISI 304 (Elbow 90°, For 42.70 mm outer dia pipe)",item,each,215.08,INR,M&E Containment,CPWD Delhi Schedule of Rates 2021 Vol-II
IN,18.90.6,"Providing and fixing required Stainless Steel Fitting of press fit design of grade AISI 304 (Elbow 90°, For 48.60 mm outer dia pipe)",item,each,264.64,INR,M&E Containment,CPWD Delhi Schedule of Rates 2021 Vol-II
IN,18.90A.1,"Providing and fixing required Stainless Steel Fitting of press fit design of grade 316L (Elbow 90°, For 15 mm outer dia pipe)",item,each,504.49,INR,M&E Containment,CPWD Delhi Schedule of Rates 2021 Vol-II
IN,18.90A.2,"Providing and fixing required Stainless Steel Fitting of press fit design of grade 316L (Elbow 90°, For 22 mm outer dia pipe)",item,each,711.27,INR,M&E Containment,CPWD Delhi Schedule of Rates 2021 Vol-II
IN,18.90A.3,"Providing and fixing required Stainless Steel Fitting of press fit design of grade 316L (Elbow 90°, For 28 mm outer dia pipe)",item,each,951.09,INR,M&E Containment,CPWD Delhi Schedule of Rates 2021 Vol-II
IN,18.90A.4,"Providing and fixing required Stainless Steel Fitting of press fit design of grade 316L (Elbow 90°, For 35 mm outer dia pipe)",item,each,1554.96,INR,M&E Containment,CPWD Delhi Schedule of Rates 2021 Vol-II
IN,18.90A.5,"Providing and fixing required Stainless Steel Fitting of press fit design of grade 316L (Elbow 90°, For 42 mm outer dia pipe)",item,each,2514.39,INR,M&E Containment,CPWD Delhi Schedule of Rates 2021 Vol-II
IN,18.90A.6,"Providing and fixing required Stainless Steel Fitting of press fit design of grade 316L (Elbow 90°, For 54 mm outer dia pipe)",item,each,3325.01,INR,M&E Containment,CPWD Delhi Schedule of Rates 2021 Vol-II
IN,18.91.1,"Providing and fixing required Stainless Steel Fitting of press fit design of grade AISI 304 (Reducing Elbow 90°, For 22.22 mm x 15.88 mm outer dia pipe)",item,each,248.15,INR,M&E Containment,CPWD Delhi Schedule of Rates 2021 Vol-II
IN,18.91.2,"Providing and fixing required Stainless Steel Fitting of press fit design of grade AISI 304 (Reducing Elbow 90°, For 28.58 mm x 15.88 mm outer dia pipe)",item,each,347.39,INR,M&E Containment,CPWD Delhi Schedule of Rates 2021 Vol-II
IN,18.91.3,"Providing and fixing required Stainless Steel Fitting of press fit design of grade AISI 304 (Reducing Elbow 90°, For 28.58 mm x 22.22 mm outer dia pipe)",item,each,413.58,INR,M&E Containment,CPWD Delhi Schedule of Rates 2021 Vol-II
IN,18.91.4,"Providing and fixing required Stainless Steel Fitting of press fit design of grade AISI 304 (Reducing Elbow 90°, For 34.00 mm x 22.22 mm outer dia pipe)",item,each,488,INR,M&E Containment,CPWD Delhi Schedule of Rates 2021 Vol-II
IN,18.91.5,"Providing and fixing required Stainless Steel Fitting of press fit design of grade AISI 304 (Reducing Elbow 90°, For 34.00 mm x 28.58 mm outer dia pipe)",item,each,579.04,INR,M&E Containment,CPWD Delhi Schedule of Rates 2021 Vol-II
IN,18.91.6,"Providing and fixing required Stainless Steel Fitting of press fit design of grade AISI 304 (Reducing Elbow 90°, For 42.70 mm x 34.00 mm outer dia pipe)",item,each,314.27,INR,M&E Containment,CPWD Delhi Schedule of Rates 2021 Vol-II
IN,18.92.1,"Providing and fixing required Stainless Steel Fitting of press fit design of grade AISI 304 (Equal Tee, For 15.88 mm outer dia pipe)",item,each,289.51,INR,M&E Containment,CPWD Delhi Schedule of Rates 2021 Vol-II
IN,18.92.2,"Providing and fixing required Stainless Steel Fitting of press fit design of grade AISI 304 (Equal Tee, For 22.22 mm outer dia pipe)",item,each,413.58,INR,M&E Containment,CPWD Delhi Schedule of Rates 2021 Vol-II
IN,18.92.3,"Providing and fixing required Stainless Steel Fitting of press fit design of grade AISI 304 (Equal Tee, For 28.58 mm outer dia pipe)",item,each,488,INR,M&E Containment,CPWD Delhi Schedule of Rates 2021 Vol-II
IN,18.92.4,"Providing and fixing required Stainless Steel Fitting of press fit design of grade AISI 304 (Equal Tee, For 34.00 mm outer dia pipe)",item,each,727.87,INR,M&E Containment,CPWD Delhi Schedule of Rates 2021 Vol-II
IN,18.92.5,"Providing and fixing required Stainless Steel Fitting of press fit design of grade AISI 304 (Equal Tee, For 42.70 mm outer dia pipe)",item,each,1149.66,INR,M&E Containment,CPWD Delhi Schedule of Rates 2021 Vol-II
IN,18.92.6,"Providing and fixing required Stainless Steel Fitting of press fit design of grade AISI 304 (Equal Tee, For 48.60 mm outer dia pipe)",item,each,1513.6,INR,M&E Containment,CPWD Delhi Schedule of Rates 2021 Vol-II
IN,18.92A.1,"Providing and fixing required Stainless Steel Fitting of press fit design of grade 316L (Equal Tee, For 15 mm outer dia pipe)",item,each,827.04,INR,M&E Containment,CPWD Delhi Schedule of Rates 2021 Vol-II
IN,18.92A.2,"Providing and fixing required Stainless Steel Fitting of press fit design of grade 316L (Equal Tee, For 22 mm outer dia pipe)",item,each,967.71,INR,M&E Containment,CPWD Delhi Schedule of Rates 2021 Vol-II
IN,18.92A.3,"Providing and fixing required Stainless Steel Fitting of press fit design of grade 316L (Equal Tee, For 28 mm outer dia pipe)",item,each,1191.02,INR,M&E Containment,CPWD Delhi Schedule of Rates 2021 Vol-II
IN,18.92A.4,"Providing and fixing required Stainless Steel Fitting of press fit design of grade 316L (Equal Tee, For 35 mm outer dia pipe)",item,each,1480.52,INR,M&E Containment,CPWD Delhi Schedule of Rates 2021 Vol-II
IN,18.92A.5,"Providing and fixing required Stainless Steel Fitting of press fit design of grade 316L (Equal Tee, For 42 mm outer dia pipe)",item,each,2067.73,INR,M&E Containment,CPWD Delhi Schedule of Rates 2021 Vol-II
IN,18.92A.6,"Providing and fixing required Stainless Steel Fitting of press fit design of grade 316L (Equal Tee, For 54 mm outer dia pipe)",item,each,2481.33,INR,M&E Containment,CPWD Delhi Schedule of Rates 2021 Vol-II
IN,18.93.1,"Providing and fixing required Stainless Steel Fitting of press fit design of grade AISI 304 (Reducing Tee, For 22.22 mm x 15.88 mm outer dia pipe)",item,each,306.01,INR,M&E Containment,CPWD Delhi Schedule of Rates 2021 Vol-II
IN,18.93.10,"Providing and fixing required Stainless Steel Fitting of press fit design of grade AISI 304 (Reducing Tee, For 42.70 mm x 34.00 mm outer dia pipe)",item,each,1141.44,INR,M&E Containment,CPWD Delhi Schedule of Rates 2021 Vol-II
IN,18.93.11,"Providing and fixing required Stainless Steel Fitting of press fit design of grade AISI 304 (Reducing Tee, For 48.60 mm x 15.88 mm outer dia pipe)",item,each,1467.3,INR,M&E Containment,CPWD Delhi Schedule of Rates 2021 Vol-II
IN,18.93.12,"Providing and fixing required Stainless Steel Fitting of press fit design of grade AISI 304 (Reducing Tee, For 48.60 mm x 22.22 mm outer dia pipe)",item,each,1480.52,INR,M&E Containment,CPWD Delhi Schedule of Rates 2021 Vol-II
IN,18.93.13,"Providing and fixing required Stainless Steel Fitting of press fit design of grade AISI 304 (Reducing Tee, For 48.60 mm x 28.58 mm outer dia pipe)",item,each,1480.52,INR,M&E Containment,CPWD Delhi Schedule of Rates 2021 Vol-II
IN,18.93.14,"Providing and fixing required Stainless Steel Fitting of press fit design of grade AISI 304 (Reducing Tee, For 48.60 mm x 34.00 mm outer dia pipe)",item,each,1480.52,INR,M&E Containment,CPWD Delhi Schedule of Rates 2021 Vol-II
IN,18.93.15,"Providing and fixing required Stainless Steel Fitting of press fit design of grade AISI 304 (Reducing Tee, For 48.60 mm x 42.70 mm outer dia pipe)",item,each,1480.52,INR,M&E Containment,CPWD Delhi Schedule of Rates 2021 Vol-II
IN,18.93.2,"Providing and fixing required Stainless Steel Fitting of press fit design of grade AISI 304 (Reducing Tee, For 28.58 mm x 15.88 mm outer dia pipe)",item,each,479.72,INR,M&E Containment,CPWD Delhi Schedule of Rates 2021 Vol-II
IN,18.93.3,"Providing and fixing required Stainless Steel Fitting of press fit design of grade AISI 304 (Reducing Tee, For 28.58 mm x 22.22 mm outer dia pipe)",item,each,479.72,INR,M&E Containment,CPWD Delhi Schedule of Rates 2021 Vol-II
IN,18.93.4,"Providing and fixing required Stainless Steel Fitting of press fit design of grade AISI 304 (Reducing Tee, For 34.00 mm x 15.88 mm outer dia pipe)",item,each,727.87,INR,M&E Containment,CPWD Delhi Schedule of Rates 2021 Vol-II
IN,18.93.5,"Providing and fixing required Stainless Steel Fitting of press fit design of grade AISI 304 (Reducing Tee, For 34.00 mm x 22.22 mm outer dia pipe)",item,each,727.87,INR,M&E Containment,CPWD Delhi Schedule of Rates 2021 Vol-II
IN,18.93.6,"Providing and fixing required Stainless Steel Fitting of press fit design of grade AISI 304 (Reducing Tee, For 34.00 mm x 28.58 mm outer dia pipe)",item,each,727.87,INR,M&E Containment,CPWD Delhi Schedule of Rates 2021 Vol-II
IN,18.93.7,"Providing and fixing required Stainless Steel Fitting of press fit design of grade AISI 304 (Reducing Tee, For 42.70 mm x 15.88 mm outer dia pipe)",item,each,1141.44,INR,M&E Containment,CPWD Delhi Schedule of Rates 2021 Vol-II
IN,18.93.8,"Providing and fixing required Stainless Steel Fitting of press fit design of grade AISI 304 (Reducing Tee, For 42.70 mm x 22.22 mm outer dia pipe)",item,each,1141.44,INR,M&E Containment,CPWD Delhi Schedule of Rates 2021 Vol-II
IN,18.93.9,"Providing and fixing required Stainless Steel Fitting of press fit design of grade AISI 304 (Reducing Tee, For 42.70 mm x 28.58 mm outer dia pipe)",item,each,1141.44,INR,M&E Containment,CPWD Delhi Schedule of Rates 2021 Vol-II
IN,18.93A.1,"Providing and fixing required Stainless Steel Fitting of press fit design of grade 316L (Reducing Tee, For 22 mm x 15 mm outer dia pipe)",item,each,951.09,INR,M&E Containment,CPWD Delhi Schedule of Rates 2021 Vol-II
IN,18.93A.10,"Providing and fixing required Stainless Steel Fitting of press fit design of grade 316L (Reducing Tee, For 54 mm x 22 mm outer dia pipe)",item,each,2597.08,INR,M&E Containment,CPWD Delhi Schedule of Rates 2021 Vol-II
IN,18.93A.11,"Providing and fixing required Stainless Steel Fitting of press fit design of grade 316L (Reducing Tee, For 54 mm x 28 mm outer dia pipe)",item,each,2547.43,INR,M&E Containment,CPWD Delhi Schedule of Rates 2021 Vol-II
IN,18.93A.12,"Providing and fixing required Stainless Steel Fitting of press fit design of grade 316L (Reducing Tee, For 54 mm x 35 mm outer dia pipe)",item,each,2564,INR,M&E Containment,CPWD Delhi Schedule of Rates 2021 Vol-II
IN,18.93A.13,"Providing and fixing required Stainless Steel Fitting of press fit design of grade 316L (Reducing Tee, For 54 mm x 42 mm outer dia pipe)",item,each,2481.33,INR,M&E Containment,CPWD Delhi Schedule of Rates 2021 Vol-II
IN,18.93A.2,"Providing and fixing required Stainless Steel Fitting of press fit design of grade 316L (Reducing Tee, For 28 mm x 15 mm outer dia pipe)",item,each,1182.69,INR,M&E Containment,CPWD Delhi Schedule of Rates 2021 Vol-II
IN,18.93A.3,"Providing and fixing required Stainless Steel Fitting of press fit design of grade 316L (Reducing Tee, For 28 mm x 22 mm outer dia pipe)",item,each,1174.41,INR,M&E Containment,CPWD Delhi Schedule of Rates 2021 Vol-II
IN,18.93A.4,"Providing and fixing required Stainless Steel Fitting of press fit design of grade 316L (Reducing Tee, For 35 mm x 15 mm outer dia pipe)",item,each,1488.8,INR,M&E Containment,CPWD Delhi Schedule of Rates 2021 Vol-II
IN,18.93A.5,"Providing and fixing required Stainless Steel Fitting of press fit design of grade 316L (Reducing Tee, For 35 mm x 22 mm outer dia pipe)",item,each,1497.09,INR,M&E Containment,CPWD Delhi Schedule of Rates 2021 Vol-II
IN,18.93A.6,"Providing and fixing required Stainless Steel Fitting of press fit design of grade 316L (Reducing Tee, For 35 mm x 28 mm outer dia pipe)",item,each,1513.6,INR,M&E Containment,CPWD Delhi Schedule of Rates 2021 Vol-II
IN,18.93A.7,"Providing and fixing required Stainless Steel Fitting of press fit design of grade 316L (Reducing Tee, For 42 mm x 22 mm outer dia pipe)",item,each,2117.37,INR,M&E Containment,CPWD Delhi Schedule of Rates 2021 Vol-II
IN,18.93A.8,"Providing and fixing required Stainless Steel Fitting of press fit design of grade 316L (Reducing Tee, For 42 mm x 28 mm outer dia pipe)",item,each,2092.58,INR,M&E Containment,CPWD Delhi Schedule of Rates 2021 Vol-II
IN,18.93A.9,"Providing and fixing required Stainless Steel Fitting of press fit design of grade 316L (Reducing Tee, For 42 mm x 35 mm outer dia pipe)",item,each,2133.94,INR,M&E Containment,CPWD Delhi Schedule of Rates 2021 Vol-II
IN,18.94.1,"Providing and fixing required Stainless Steel Fitting of press fit design of grade AISI 304 (Male Thread Tee, For 15.88 mm outer dia x 15 mm nominal dia threaded)",item,each,306.01,INR,M&E Containment,CPWD Delhi Schedule of Rates 2021 Vol-II
IN,18.94.10,"Providing and fixing required Stainless Steel Fitting of press fit design of grade AISI 304 (Male Thread Tee, For 34.00 mm outer dia x 32 mm nominal dia threaded)",item,each,769.18,INR,M&E Containment,CPWD Delhi Schedule of Rates 2021 Vol-II
IN,18.94.11,"Providing and fixing required Stainless Steel Fitting of press fit design of grade AISI 304 (Male Thread Tee, For 42.70 mm outer dia x 15 mm nominal dia threaded)",item,each,1174.41,INR,M&E Containment,CPWD Delhi Schedule of Rates 2021 Vol-II
IN,18.94.12,"Providing and fixing required Stainless Steel Fitting of press fit design of grade AISI 304 (Male Thread Tee, For 42.70 mm outer dia x 20 mm nominal dia threaded)",item,each,1174.41,INR,M&E Containment,CPWD Delhi Schedule of Rates 2021 Vol-II
IN,18.94.13,"Providing and fixing required Stainless Steel Fitting of press fit design of grade AISI 304 (Male Thread Tee, For 42.70 mm outer dia x 25 mm nominal dia threaded)",item,each,1174.41,INR,M&E Containment,CPWD Delhi Schedule of Rates 2021 Vol-II
IN,18.94.14,"Providing and fixing required Stainless Steel Fitting of press fit design of grade AISI 304 (Male Thread Tee, For 42.70 mm outer dia x 32 mm nominal dia threaded)",item,each,1174.41,INR,M&E Containment,CPWD Delhi Schedule of Rates 2021 Vol-II
IN,18.94.15,"Providing and fixing required Stainless Steel Fitting of press fit design of grade AISI 304 (Male Thread Tee, For 42.70 mm outer dia x 40 mm nominal dia threaded)",item,each,1174.41,INR,M&E Containment,CPWD Delhi Schedule of Rates 2021 Vol-II
IN,18.94.16,"Providing and fixing required Stainless Steel Fitting of press fit design of grade AISI 304 (Male Thread Tee, For 48.60 mm outer dia x 15 mm nominal dia threaded)",item,each,1480.52,INR,M&E Containment,CPWD Delhi Schedule of Rates 2021 Vol-II
IN,18.94.17,"Providing and fixing required Stainless Steel Fitting of press fit design of grade AISI 304 (Male Thread Tee, For 48.60 mm outer dia x 20 mm nominal dia threaded)",item,each,1480.52,INR,M&E Containment,CPWD Delhi Schedule of Rates 2021 Vol-II
IN,18.94.18,"Providing and fixing required Stainless Steel Fitting of press fit design of grade AISI 304 (Male Thread Tee, For 48.60 mm outer dia x 25 mm nominal dia threaded)",item,each,1480.52,INR,M&E Containment,CPWD Delhi Schedule of Rates 2021 Vol-II
IN,18.94.19,"Providing and fixing required Stainless Steel Fitting of press fit design of grade AISI 304 (Male Thread Tee, For 48.60 mm outer dia x 32 mm nominal dia threaded)",item,each,1480.52,INR,M&E Containment,CPWD Delhi Schedule of Rates 2021 Vol-II
IN,18.94.2,"Providing and fixing required Stainless Steel Fitting of press fit design of grade AISI 304 (Male Thread Tee, For 22.22 mm outer dia x 15 mm nominal dia threaded)",item,each,355.64,INR,M&E Containment,CPWD Delhi Schedule of Rates 2021 Vol-II
IN,18.94.20,"Providing and fixing required Stainless Steel Fitting of press fit design of grade AISI 304 (Male Thread Tee, For 48.60 mm outer dia x 40 mm nominal dia threaded)",item,each,1480.52,INR,M&E Containment,CPWD Delhi Schedule of Rates 2021 Vol-II
IN,18.94.21,"Providing and fixing required Stainless Steel Fitting of press fit design of grade AISI 304 (Male Thread Tee, For 48.60 mm outer dia x 50 mm nominal dia threaded)",item,each,1480.52,INR,M&E Containment,CPWD Delhi Schedule of Rates 2021 Vol-II
IN,18.94.3,"Providing and fixing required Stainless Steel Fitting of press fit design of grade AISI 304 (Male Thread Tee, For 22.22 mm outer dia x 20 mm nominal dia threaded)",item,each,355.64,INR,M&E Containment,CPWD Delhi Schedule of Rates 2021 Vol-II
IN,18.94.4,"Providing and fixing required Stainless Steel Fitting of press fit design of grade AISI 304 (Male Thread Tee, For 28.58 mm outer dia x 15 mm nominal dia threaded)",item,each,488,INR,M&E Containment,CPWD Delhi Schedule of Rates 2021 Vol-II
IN,18.94.5,"Providing and fixing required Stainless Steel Fitting of press fit design of grade AISI 304 (Male Thread Tee, For 28.58 mm outer dia x 20 mm nominal dia threaded)",item,each,488,INR,M&E Containment,CPWD Delhi Schedule of Rates 2021 Vol-II
IN,18.94.6,"Providing and fixing required Stainless Steel Fitting of press fit design of grade AISI 304 (Male Thread Tee, For 28.58 mm outer dia x 25 mm nominal dia threaded)",item,each,488,INR,M&E Containment,CPWD Delhi Schedule of Rates 2021 Vol-II
IN,18.94.7,"Providing and fixing required Stainless Steel Fitting of press fit design of grade AISI 304 (Male Thread Tee, For 34.00 mm outer dia x 15 mm nominal dia threaded)",item,each,769.18,INR,M&E Containment,CPWD Delhi Schedule of Rates 2021 Vol-II
IN,18.94.8,"Providing and fixing required Stainless Steel Fitting of press fit design of grade AISI 304 (Male Thread Tee, For 34.00 mm outer dia x 20 mm nominal dia threaded)",item,each,769.18,INR,M&E Containment,CPWD Delhi Schedule of Rates 2021 Vol-II
IN,18.94.9,"Providing and fixing required Stainless Steel Fitting of press fit design of grade AISI 304 (Male Thread Tee, For 34.00 mm outer dia x 25 mm nominal dia threaded)",item,each,769.18,INR,M&E Containment,CPWD Delhi Schedule of Rates 2021 Vol-II
IN,18.95.1,"Providing and fixing required Stainless Steel Fitting of press fit design of grade AISI 304 (Female Thread Tee, For 15.88 mm outer dia x15 mm nominal dia threaded)",item,each,306.01,INR,M&E Containment,CPWD Delhi Schedule of Rates 2021 Vol-II
IN,18.95.10,"Providing and fixing required Stainless Steel Fitting of press fit design of grade AISI 304 (Female Thread Tee, For 34.00 mm outer dia x 32 mm nominal dia threaded)",item,each,736.15,INR,M&E Containment,CPWD Delhi Schedule of Rates 2021 Vol-II
IN,18.95.11,"Providing and fixing required Stainless Steel Fitting of press fit design of grade AISI 304 (Female Thread Tee, For 42.70 mm outer dia x 15 mm nominal dia threaded)",item,each,1158,INR,M&E Containment,CPWD Delhi Schedule of Rates 2021 Vol-II
IN,18.95.12,"Providing and fixing required Stainless Steel Fitting of press fit design of grade AISI 304 (Female Thread Tee, For 42.70 mm outer dia x 20 mm nominal dia threaded)",item,each,1158,INR,M&E Containment,CPWD Delhi Schedule of Rates 2021 Vol-II
IN,18.95.13,"Providing and fixing required Stainless Steel Fitting of press fit design of grade AISI 304 (Female Thread Tee, For 42.70 mm outer dia x 25 mm nominal dia threaded)",item,each,1158,INR,M&E Containment,CPWD Delhi Schedule of Rates 2021 Vol-II
IN,18.95.14,"Providing and fixing required Stainless Steel Fitting of press fit design of grade AISI 304 (Female Thread Tee, For 42.70 mm outer dia x 32 mm nominal dia threaded)",item,each,1158,INR,M&E Containment,CPWD Delhi Schedule of Rates 2021 Vol-II
IN,18.95.15,"Providing and fixing required Stainless Steel Fitting of press fit design of grade AISI 304 (Female Thread Tee, For 42.70 mm outer dia x 40 mm nominal dia threaded)",item,each,1158,INR,M&E Containment,CPWD Delhi Schedule of Rates 2021 Vol-II
IN,18.95.16,"Providing and fixing required Stainless Steel Fitting of press fit design of grade AISI 304 (Female Thread Tee, For 48.60 mm outer dia x 15 mm nominal dia threaded)",item,each,1497.09,INR,M&E Containment,CPWD Delhi Schedule of Rates 2021 Vol-II
IN,18.95.17,"Providing and fixing required Stainless Steel Fitting of press fit design of grade AISI 304 (Female Thread Tee, For 48.60 mm outer dia x 20 mm nominal dia threaded)",item,each,1497.09,INR,M&E Containment,CPWD Delhi Schedule of Rates 2021 Vol-II
IN,18.95.18,"Providing and fixing required Stainless Steel Fitting of press fit design of grade AISI 304 (Female Thread Tee, For 48.60 mm outer dia x 25 mm nominal dia threaded)",item,each,1497.09,INR,M&E Containment,CPWD Delhi Schedule of Rates 2021 Vol-II
IN,18.95.19,"Providing and fixing required Stainless Steel Fitting of press fit design of grade AISI 304 (Female Thread Tee, For 48.60 mm outer dia x 32 mm nominal dia threaded)",item,each,1497.09,INR,M&E Containment,CPWD Delhi Schedule of Rates 2021 Vol-II
IN,18.95.2,"Providing and fixing required Stainless Steel Fitting of press fit design of grade AISI 304 (Female Thread Tee, For 22.22 mm outer dia x 15 mm nominal dia threaded)",item,each,339.14,INR,M&E Containment,CPWD Delhi Schedule of Rates 2021 Vol-II
IN,18.95.20,"Providing and fixing required Stainless Steel Fitting of press fit design of grade AISI 304 (Female Thread Tee, For 48.60 mm outer dia x 40 mm nominal dia threaded)",item,each,1497.09,INR,M&E Containment,CPWD Delhi Schedule of Rates 2021 Vol-II
IN,18.95.21,"Providing and fixing required Stainless Steel Fitting of press fit design of grade AISI 304 (Female Thread Tee, For 48.60 mm outer dia x 50 mm nominal dia threaded)",item,each,1497.09,INR,M&E Containment,CPWD Delhi Schedule of Rates 2021 Vol-II
IN,18.95.3,"Providing and fixing required Stainless Steel Fitting of press fit design of grade AISI 304 (Female Thread Tee, For 22.22 mm outer dia x 20 mm nominal dia threaded)",item,each,339.14,INR,M&E Containment,CPWD Delhi Schedule of Rates 2021 Vol-II
IN,18.95.4,"Providing and fixing required Stainless Steel Fitting of press fit design of grade AISI 304 (Female Thread Tee, For 28.58 mm outer dia x 15 mm nominal dia threaded)",item,each,454.93,INR,M&E Containment,CPWD Delhi Schedule of Rates 2021 Vol-II
IN,18.95.5,"Providing and fixing required Stainless Steel Fitting of press fit design of grade AISI 304 (Female Thread Tee, For 28.58 mm outer dia x 20 mm nominal dia threaded)",item,each,454.93,INR,M&E Containment,CPWD Delhi Schedule of Rates 2021 Vol-II
IN,18.95.6,"Providing and fixing required Stainless Steel Fitting of press fit design of grade AISI 304 (Female Thread Tee, For 28.58 mm outer dia x 25 mm nominal dia threaded)",item,each,454.93,INR,M&E Containment,CPWD Delhi Schedule of Rates 2021 Vol-II
IN,18.95.7,"Providing and fixing required Stainless Steel Fitting of press fit design of grade AISI 304 (Female Thread Tee, For 34.00 mm outer dia x 15 mm nominal dia threaded)",item,each,736.15,INR,M&E Containment,CPWD Delhi Schedule of Rates 2021 Vol-II
IN,18.95.8,"Providing and fixing required Stainless Steel Fitting of press fit design of grade AISI 304 (Female Thread Tee, For 34.00 mm outer dia x 20 mm nominal dia threaded)",item,each,736.15,INR,M&E Containment,CPWD Delhi Schedule of Rates 2021 Vol-II
IN,18.95.9,"Providing and fixing required Stainless Steel Fitting of press fit design of grade AISI 304 (Female Thread Tee, For 34.00 mm outer dia x 25 mm nominal dia threaded)",item,each,736.15,INR,M&E Containment,CPWD Delhi Schedule of Rates 2021 Vol-II
IN,18.95A.1,"Providing and fixing required Stainless Steel Fitting of press fit design of grade 316L (Female Thread Tee, For 15 mm outer dia x 1/2\ nominal dia threaded)""",item,each,926.38,INR,M&E Containment,CPWD Delhi Schedule of Rates 2021 Vol-II
IN,18.95A.10,"Providing and fixing required Stainless Steel Fitting of press fit design of grade 316L (Female Thread Tee, For 54 mm outer dia x 1-1/2\ nominal dia threaded)""",item,each,3176.13,INR,M&E Containment,CPWD Delhi Schedule of Rates 2021 Vol-II
IN,18.95A.11,"Providing and fixing required Stainless Steel Fitting of press fit design of grade 316L (Female Thread Tee, For 54 mm outer dia x 2\ nominal dia threaded)""",item,each,3816.27,INR,M&E Containment,CPWD Delhi Schedule of Rates 2021 Vol-II
IN,18.95A.2,"Providing and fixing required Stainless Steel Fitting of press fit design of grade 316L (Female Thread Tee, For 22mm outer dia x 1/2\ nominal dia threaded)""",item,each,1017.37,INR,M&E Containment,CPWD Delhi Schedule of Rates 2021 Vol-II
IN,18.95A.3,"Providing and fixing required Stainless Steel Fitting of press fit design of grade 316L (Female Thread Tee, For 22mm outer dia x 3/4\ nominal dia threaded)""",item,each,1141.44,INR,M&E Containment,CPWD Delhi Schedule of Rates 2021 Vol-II
IN,18.95A.4,"Providing and fixing required Stainless Steel Fitting of press fit design of grade 316L (Female Thread Tee, For 28 mm outer dia x 1/2\ nominal dia threaded)""",item,each,1207.59,INR,M&E Containment,CPWD Delhi Schedule of Rates 2021 Vol-II
IN,18.95A.5,"Providing and fixing required Stainless Steel Fitting of press fit design of grade 316L (Female Thread Tee, For 28 mm outer dia x 3/4\ nominal dia threaded)""",item,each,1248.95,INR,M&E Containment,CPWD Delhi Schedule of Rates 2021 Vol-II
IN,18.95A.6,"Providing and fixing required Stainless Steel Fitting of press fit design of grade 316L (Female Thread Tee, For 28 mm outer dia x 1\ nominal dia threaded)""",item,each,1389.53,INR,M&E Containment,CPWD Delhi Schedule of Rates 2021 Vol-II
IN,18.95A.7,"Providing and fixing required Stainless Steel Fitting of press fit design of grade 316L (Female Thread Tee, For 35 mm outer dia x 1/2\ nominal dia threaded)""",item,each,1397.81,INR,M&E Containment,CPWD Delhi Schedule of Rates 2021 Vol-II
IN,18.95A.8,"Providing and fixing required Stainless Steel Fitting of press fit design of grade 316L (Female Thread Tee, For 35 mm outer dia x 1-1/4\ nominal dia threaded)""",item,each,1917.22,INR,M&E Containment,CPWD Delhi Schedule of Rates 2021 Vol-II
IN,18.95A.9,"Providing and fixing required Stainless Steel Fitting of press fit design of grade 316L (Female Thread Tee, For 42 mm outer dia x 1-1/4\ nominal dia threaded)""",item,each,2226.57,INR,M&E Containment,CPWD Delhi Schedule of Rates 2021 Vol-II
IN,18.96.1,"Providing and fixing required Stainless Steel Fitting of press fit design of grade AISI 304 (Female Thread Connector/ Adapter, For 15.88 mm outer dia x 15 mm nominal dia threaded)",item,each,322.58,INR,M&E Containment,CPWD Delhi Schedule of Rates 2021 Vol-II
IN,18.96.10,"Providing and fixing required Stainless Steel Fitting of press fit design of grade AISI 304 (Female Thread Connector/ Adapter, For 42.70 mm outer dia x 40 mm nominal dia threaded)",item,each,1149.66,INR,M&E Containment,CPWD Delhi Schedule of Rates 2021 Vol-II
IN,18.96.11,"Providing and fixing required Stainless Steel Fitting of press fit design of grade AISI 304 (Female Thread Connector/ Adapter, For 48.60 mm outer dia x 40 mm nominal dia threaded)",item,each,1397.81,INR,M&E Containment,CPWD Delhi Schedule of Rates 2021 Vol-II
IN,18.96.12,"Providing and fixing required Stainless Steel Fitting of press fit design of grade AISI 304 (Female Thread Connector/ Adapter, For 48.60 mm outer dia x 50 mm nominal dia threaded)",item,each,1612.88,INR,M&E Containment,CPWD Delhi Schedule of Rates 2021 Vol-II
IN,18.96.2,"Providing and fixing required Stainless Steel Fitting of press fit design of grade AISI 304 (Female Thread Connector/ Adapter, For 22.22 mm outer dia x 15 mm nominal dia threaded)",item,each,380.51,INR,M&E Containment,CPWD Delhi Schedule of Rates 2021 Vol-II
IN,18.96.3,"Providing and fixing required Stainless Steel Fitting of press fit design of grade AISI 304 (Female Thread Connector/ Adapter, For 22.22 mm outer dia x 20 mm nominal dia threaded)",item,each,397.02,INR,M&E Containment,CPWD Delhi Schedule of Rates 2021 Vol-II
IN,18.96.4,"Providing and fixing required Stainless Steel Fitting of press fit design of grade AISI 304 (Female Thread Connector/ Adapter, For 28.58 mm outer dia x 15 mm nominal dia threaded)",item,each,458.21,INR,M&E Containment,CPWD Delhi Schedule of Rates 2021 Vol-II
IN,18.96.5,"Providing and fixing required Stainless Steel Fitting of press fit design of grade AISI 304 (Female Thread Connector/ Adapter, For 28.58 mm outer dia x 20 mm nominal dia threaded)",item,each,479.72,INR,M&E Containment,CPWD Delhi Schedule of Rates 2021 Vol-II
IN,18.96.6,"Providing and fixing required Stainless Steel Fitting of press fit design of grade AISI 304 (Female Thread Connector/ Adapter, For 28.58 mm outer dia x 25 mm nominal dia threaded)",item,each,587.24,INR,M&E Containment,CPWD Delhi Schedule of Rates 2021 Vol-II
IN,18.96.7,"Providing and fixing required Stainless Steel Fitting of press fit design of grade AISI 304 (Female Thread Connector/ Adapter, For 34.00 mm outer dia x 25 mm nominal dia threaded)",item,each,678.23,INR,M&E Containment,CPWD Delhi Schedule of Rates 2021 Vol-II
IN,18.96.8,"Providing and fixing required Stainless Steel Fitting of press fit design of grade AISI 304 (Female Thread Connector/ Adapter, For 34.00 mm outer dia x 32 mm nominal dia threaded)",item,each,893.3,INR,M&E Containment,CPWD Delhi Schedule of Rates 2021 Vol-II
IN,18.96.9,"Providing and fixing required Stainless Steel Fitting of press fit design of grade AISI 304 (Female Thread Connector/ Adapter, For 42.70 mm outer dia x 32 mm nominal dia threaded)",item,each,984.24,INR,M&E Containment,CPWD Delhi Schedule of Rates 2021 Vol-II
IN,18.96A.1,"Providing and fixing required Stainless Steel Fitting of press fit design of grade 316L (Female Thread Connector/ Adapter, For 15 mm outer dia x 1/2\ mm nominal dia threaded)""",item,each,727.87,INR,M&E Containment,CPWD Delhi Schedule of Rates 2021 Vol-II
IN,18.96A.2,"Providing and fixing required Stainless Steel Fitting of press fit design of grade 316L (Female Thread Connector/ Adapter, For 22 mm outer dia x 1/2\ mm nominal dia threaded)""",item,each,818.87,INR,M&E Containment,CPWD Delhi Schedule of Rates 2021 Vol-II
IN,18.96A.3,"Providing and fixing required Stainless Steel Fitting of press fit design of grade 316L (Female Thread Connector/ Adapter, For 22 mm outer dia x 3/4\ mm nominal dia threaded)""",item,each,959.45,INR,M&E Containment,CPWD Delhi Schedule of Rates 2021 Vol-II
IN,18.96A.4,"Providing and fixing required Stainless Steel Fitting of press fit design of grade 316L (Female Thread Connector/ Adapter, For 28 mm outer dia X 1\ nominal dia threaded)""",item,each,1579.81,INR,M&E Containment,CPWD Delhi Schedule of Rates 2021 Vol-II
IN,18.96A.5,"Providing and fixing required Stainless Steel Fitting of press fit design of grade 316L (Female Thread Connector/ Adapter, For 35 mm outer dia X 1-1/4\ nominal dia threaded)""",item,each,1687.32,INR,M&E Containment,CPWD Delhi Schedule of Rates 2021 Vol-II
IN,18.96A.6,"Providing and fixing required Stainless Steel Fitting of press fit design of grade 316L (Female Thread Connector/ Adapter, For 42 mm outer dia X 1-1/2\ nominal dia threaded)""",item,each,2588.84,INR,M&E Containment,CPWD Delhi Schedule of Rates 2021 Vol-II
IN,18.96A.7,"Providing and fixing required Stainless Steel Fitting of press fit design of grade 316L (Female Thread Connector/ Adapter, For 54 mm outer dia X 2\ nominal dia threaded)""",item,each,3970.21,INR,M&E Containment,CPWD Delhi Schedule of Rates 2021 Vol-II
IN,18.97.1,"Providing and fixing required Stainless Steel Fitting of press fit design of grade AISI 304 (Male Thread Connector/Adapter, For 15.88 mm outer dia x 15 mm nominal dia threaded)",item,each,322.58,INR,M&E Containment,CPWD Delhi Schedule of Rates 2021 Vol-II
IN,18.97.10,"Providing and fixing required Stainless Steel Fitting of press fit design of grade AISI 304 (Male Thread Connector/Adapter, For 48.60 mm outer dia x 40 mm nominal dia threaded)",item,each,1406.11,INR,M&E Containment,CPWD Delhi Schedule of Rates 2021 Vol-II
IN,18.97.11,"Providing and fixing required Stainless Steel Fitting of press fit design of grade AISI 304 (Male Thread Connector/Adapter, For 48.60 mm outer dia x 50 mm nominal dia threaded)",item,each,1885.86,INR,M&E Containment,CPWD Delhi Schedule of Rates 2021 Vol-II
IN,18.97.2,"Providing and fixing required Stainless Steel Fitting of press fit design of grade AISI 304 (Male Thread Connector/Adapter, For 22.22 mm outer dia x 15 mm nominal dia threaded)",item,each,380.51,INR,M&E Containment,CPWD Delhi Schedule of Rates 2021 Vol-II
IN,18.97.3,"Providing and fixing required Stainless Steel Fitting of press fit design of grade AISI 304 (Male Thread Connector/Adapter, For 22.22 mm outer dia x 20 mm nominal dia threaded)",item,each,421.78,INR,M&E Containment,CPWD Delhi Schedule of Rates 2021 Vol-II
IN,18.97.4,"Providing and fixing required Stainless Steel Fitting of press fit design of grade AISI 304 (Male Thread Connector/Adapter, For 28.58 mm outer dia x 20 mm nominal dia threaded)",item,each,537.71,INR,M&E Containment,CPWD Delhi Schedule of Rates 2021 Vol-II
IN,18.97.5,"Providing and fixing required Stainless Steel Fitting of press fit design of grade AISI 304 (Male Thread Connector/Adapter, For 28.58 mm outer dia x 25 mm nominal dia threaded)",item,each,537.71,INR,M&E Containment,CPWD Delhi Schedule of Rates 2021 Vol-II
IN,18.97.6,"Providing and fixing required Stainless Steel Fitting of press fit design of grade AISI 304 (Male Thread Connector/Adapter, For 34.00 mm outer dia x 25 mm nominal dia threaded)",item,each,785.74,INR,M&E Containment,CPWD Delhi Schedule of Rates 2021 Vol-II
IN,18.97.7,"Providing and fixing required Stainless Steel Fitting of press fit design of grade AISI 304 (Male Thread Connector/Adapter, For 34.00 mm outer dia x 32 mm nominal dia threaded)",item,each,934.67,INR,M&E Containment,CPWD Delhi Schedule of Rates 2021 Vol-II
IN,18.97.8,"Providing and fixing required Stainless Steel Fitting of press fit design of grade AISI 304 (Male Thread Connector/Adapter, For 42.70 mm outer dia x 32 mm nominal dia threaded)",item,each,1073.64,INR,M&E Containment,CPWD Delhi Schedule of Rates 2021 Vol-II
IN,18.97.9,"Providing and fixing required Stainless Steel Fitting of press fit design of grade AISI 304 (Male Thread Connector/Adapter, For 42.70 mm outer dia x 40 mm nominal dia threaded)",item,each,1207.59,INR,M&E Containment,CPWD Delhi Schedule of Rates 2021 Vol-II
IN,18.97A.1,"Providing and fixing required Stainless Steel Fitting of press fit design of grade 316L (Male Thread Connector/Adapter, For 15 mm outer dia X 1/2\ nominal dia threaded)""",item,each,669.95,INR,M&E Containment,CPWD Delhi Schedule of Rates 2021 Vol-II
IN,18.97A.2,"Providing and fixing required Stainless Steel Fitting of press fit design of grade 316L (Male Thread Connector/Adapter, For 22 mm outer dia X 1/2\ nominal dia threaded)""",item,each,793.98,INR,M&E Containment,CPWD Delhi Schedule of Rates 2021 Vol-II
IN,18.97A.3,"Providing and fixing required Stainless Steel Fitting of press fit design of grade 316L (Male Thread Connector/Adapter, For 22 mm outer dia X 3/4\ nominal dia threaded)""",item,each,835.33,INR,M&E Containment,CPWD Delhi Schedule of Rates 2021 Vol-II
IN,18.97A.4,"Providing and fixing required Stainless Steel Fitting of press fit design of grade 316L (Male Thread Connector/Adapter, For 28 mm outer dia X 1\ nominal dia threaded)""",item,each,1100.06,INR,M&E Containment,CPWD Delhi Schedule of Rates 2021 Vol-II
IN,18.97A.5,"Providing and fixing required Stainless Steel Fitting of press fit design of grade 316L (Male Thread Connector/Adapter, For 35 mm outer dia X 1-1/4\ nominal dia threaded)""",item,each,1604.59,INR,M&E Containment,CPWD Delhi Schedule of Rates 2021 Vol-II
IN,18.97A.6,"Providing and fixing required Stainless Steel Fitting of press fit design of grade 316L (Male Thread Connector/Adapter, For 42 mm outer dia X 1-1/2\ nominal dia threaded)""",item,each,2340.89,INR,M&E Containment,CPWD Delhi Schedule of Rates 2021 Vol-II
IN,18.97A.7,"Providing and fixing required Stainless Steel Fitting of press fit design of grade 316L (Male Thread Connector/Adapter, For 54 mm outer dia X 2\ nominal dia threaded)""",item,each,3134.65,INR,M&E Containment,CPWD Delhi Schedule of Rates 2021 Vol-II
IN,18.99.1,"Providing and fixing required Stainless Steel Fitting of press fit design of grade AISI 304 (Female Threaded Elbow 90°, For 15.88 mm outer dia x 15 mm nominal dia threaded)",item,each,264.64,INR,M&E Containment,CPWD Delhi Schedule of Rates 2021 Vol-II
IN,18.99.2,"Providing and fixing required Stainless Steel Fitting of press fit design of grade AISI 304 (Female Threaded Elbow 90°, For 22.22 mm outer dia x 15 mm nominal dia threaded)",item,each,355.64,INR,M&E Containment,CPWD Delhi Schedule of Rates 2021 Vol-II
IN,18.99.3,"Providing and fixing required Stainless Steel Fitting of press fit design of grade AISI 304 (Female Threaded Elbow 90°, For 22.22 mm outer dia x 20 mm nominal dia threaded)",item,each,355.64,INR,M&E Containment,CPWD Delhi Schedule of Rates 2021 Vol-II
IN,18.99.4,"Providing and fixing required Stainless Steel Fitting of press fit design of grade AISI 304 (Female Threaded Elbow 90°, For 25.58 mm outer dia x 25 mm nominal dia threaded)",item,each,355.64,INR,M&E Containment,CPWD Delhi Schedule of Rates 2021 Vol-II
IN,18.99.5,"Providing and fixing required Stainless Steel Fitting of press fit design of grade AISI 304 (Female Threaded Elbow 90°, For 34.00 mm outer dia x 32 mm nominal dia threaded)",item,each,488,INR,M&E Containment,CPWD Delhi Schedule of Rates 2021 Vol-II
IN,18.99.6,"Providing and fixing required Stainless Steel Fitting of press fit design of grade AISI 304 (Female Threaded Elbow 90°, For 42.70 mm outer dia x 32 mm nominal dia threaded)",item,each,793.98,INR,M&E Containment,CPWD Delhi Schedule of Rates 2021 Vol-II
IN,18.99.7,"Providing and fixing required Stainless Steel Fitting of press fit design of grade AISI 304 (Female Threaded Elbow 90°, For 42.70 mm outer dia x 40 mm nominal dia threaded)",item,each,793.98,INR,M&E Containment,CPWD Delhi Schedule of Rates 2021 Vol-II
IN,18.99.8,"Providing and fixing required Stainless Steel Fitting of press fit design of grade AISI 304 (Female Threaded Elbow 90°, For 48.60 mm outer dia x 40 mm nominal dia threaded)",item,each,1174.41,INR,M&E Containment,CPWD Delhi Schedule of Rates 2021 Vol-II
IN,18.99.9,"Providing and fixing required Stainless Steel Fitting of press fit design of grade AISI 304 (Female Threaded Elbow 90°, For 48.60 mm outer dia x 50 mm nominal dia threaded)",item,each,1174.41,INR,M&E Containment,CPWD Delhi Schedule of Rates 2021 Vol-II
IN,18.99A.1,"Providing and fixing required Stainless Steel Fitting of press fit design of grade 316L (Female Threaded Elbow 90°, For 15 mm outer dia X 1/2\ nominal dia threaded)""",item,each,1058.72,INR,M&E Containment,CPWD Delhi Schedule of Rates 2021 Vol-II
IN,18.99A.2,"Providing and fixing required Stainless Steel Fitting of press fit design of grade 316L (Female Threaded Elbow 90°, For 22 mm outer dia X 3/4\ nominal dia threaded)""",item,each,1422.62,INR,M&E Containment,CPWD Delhi Schedule of Rates 2021 Vol-II
IN,18.99A.3,"Providing and fixing required Stainless Steel Fitting of press fit design of grade 316L (Female Threaded Elbow 90°, For 28mm outer dia X 1\ nominal dia threaded)""",item,each,1952.03,INR,M&E Containment,CPWD Delhi Schedule of Rates 2021 Vol-II
IN,18.99A.4,"Providing and fixing required Stainless Steel Fitting of press fit design of grade 316L (Female Threaded Elbow 90°, For 35mm outer dia X 1-1/4\ nominal dia threaded)""",item,each,3171.17,INR,M&E Containment,CPWD Delhi Schedule of Rates 2021 Vol-II
IN,18.99A.5,"Providing and fixing required Stainless Steel Fitting of press fit design of grade 316L (Female Threaded Elbow 90°, For 42mm outer dia X 1-1/2\ nominal dia threaded)""",item,each,3453.99,INR,M&E Containment,CPWD Delhi Schedule of Rates 2021 Vol-II
IN,18.99A.6,"Providing and fixing required Stainless Steel Fitting of press fit design of grade 316L (Female Threaded Elbow 90°, For 54mm outer dia X 2\ nominal dia threaded)""",item,each,5338.56,INR,M&E Containment,CPWD Delhi Schedule of Rates 2021 Vol-II
IN,19.1.1,"Providing, laying and jointing glazed stoneware pipes class SP-1 (100 mm diameter)",m,metre,464.58,INR,M&E Containment,CPWD Delhi Schedule of Rates 2021 Vol-II
IN,19.1.2,"Providing, laying and jointing glazed stoneware pipes class SP-1 (150 mm diameter)",m,metre,731.22,INR,M&E Containment,CPWD Delhi Schedule of Rates 2021 Vol-II
IN,19.1.3,"Providing, laying and jointing glazed stoneware pipes class SP-1 (200 mm diameter)",m,metre,1026.72,INR,M&E Containment,CPWD Delhi Schedule of Rates 2021 Vol-II
IN,19.1.4,"Providing, laying and jointing glazed stoneware pipes class SP-1 (250 mm diameter)",m,metre,1599.78,INR,M&E Containment,CPWD Delhi Schedule of Rates 2021 Vol-II
IN,19.1.5,"Providing, laying and jointing glazed stoneware pipes class SP-1 (300 mm diameter)",m,metre,2194.02,INR,M&E Containment,CPWD Delhi Schedule of Rates 2021 Vol-II
IN,19.15.1,Providing M.S. foot rests including fixing in manholes (With 20x20 mm square bar),item,each,570.41,INR,M&E Containment,CPWD Delhi Schedule of Rates 2021 Vol-II
IN,19.15.2,Providing M.S. foot rests including fixing in manholes (With 20 mm diameter round bar),item,each,519.29,INR,M&E Containment,CPWD Delhi Schedule of Rates 2021 Vol-II
IN,19.17.1,Replacement of M.S. foot rests in manholes (With 20x20 mm square bar),item,each,570.41,INR,M&E Containment,CPWD Delhi Schedule of Rates 2021 Vol-II
IN,19.17.2,Replacement of M.S. foot rests in manholes (With 20 mm diameter round bar),item,each,519.29,INR,M&E Containment,CPWD Delhi Schedule of Rates 2021 Vol-II
IN,19.18.1,"Supplying and fixing C.I. cover without frame for manholes (455x610 mm rectangular C.I. cover, light duty)",item,each,1125.12,INR,M&E Containment,CPWD Delhi Schedule of Rates 2021 Vol-II
IN,19.18.2,"Supplying and fixing C.I. cover without frame for manholes (500 mm diameter C.I. cover, medium duty)",item,each,2843.72,INR,M&E Containment,CPWD Delhi Schedule of Rates 2021 Vol-II
IN,19.18.3,"Supplying and fixing C.I. cover without frame for manholes (560 mm diameter C.I. cover, heavy duty)",item,each,6305.64,INR,M&E Containment,CPWD Delhi Schedule of Rates 2021 Vol-II
IN,19.19.1.1,"Providing and fixing in position pre-cast R.C.C. manhole cover and frame (LD- 2.5, Rectangular shape 600x450 mm)",item,each,834.57,INR,M&E Containment,CPWD Delhi Schedule of Rates 2021 Vol-II
IN,19.19.1.2,"Providing and fixing in position pre-cast R.C.C. manhole cover and frame (LD- 2.5, Square shape 450 mm)",item,each,710.93,INR,M&E Containment,CPWD Delhi Schedule of Rates 2021 Vol-II
IN,19.19.1.3,"Providing and fixing in position pre-cast R.C.C. manhole cover and frame (LD- 2.5, Circular shape 450 mm)",item,each,710.93,INR,M&E Containment,CPWD Delhi Schedule of Rates 2021 Vol-II
IN,19.19.2.1,"Providing and fixing in position pre-cast R.C.C. manhole cover and frame (MD- 10, Square shape 450 mm)",item,each,828.39,INR,M&E Containment,CPWD Delhi Schedule of Rates 2021 Vol-II
IN,19.19.2.2,"Providing and fixing in position pre-cast R.C.C. manhole cover and frame (MD- 10, Circular shape 500 mm)",item,each,710.93,INR,M&E Containment,CPWD Delhi Schedule of Rates 2021 Vol-II
IN,19.19.3.1,"Providing and fixing in position pre-cast R.C.C. manhole cover and frame (HD- 20, Circular shape 560 mm)",item,each,1088.03,INR,M&E Containment,CPWD Delhi Schedule of Rates 2021 Vol-II
IN,19.19.4.1,"Providing and fixing in position pre-cast R.C.C. manhole cover and frame (EHD- 35, Circular shape 560 mm)",item,each,1446.59,INR,M&E Containment,CPWD Delhi Schedule of Rates 2021 Vol-II
IN,19.21.1,Making connection of drain or sewer line with existing manhole (For pipes 100 to 250 mm diameter),item,each,844.13,INR,M&E Containment,CPWD Delhi Schedule of Rates 2021 Vol-II
IN,19.21.2,Making connection of drain or sewer line with existing manhole (For pipes 250 to 300 mm diameter),item,each,1012.98,INR,M&E Containment,CPWD Delhi Schedule of Rates 2021 Vol-II
IN,19.21.3,Making connection of drain or sewer line with existing manhole (For pipes 350 to 450 mm diameter),item,each,1182,INR,M&E Containment,CPWD Delhi Schedule of Rates 2021 Vol-II
IN,19.24.1,Dismantling of manhole (Rectangular manhole 90x80 cm and 45 cm deep),item,each,2591.62,INR,M&E Containment,CPWD Delhi Schedule of Rates 2021 Vol-II
IN,19.24.2,Dismantling of manhole (Rectangular manhole 120x90 cm and 90 cm deep),item,each,4563.68,INR,M&E Containment,CPWD Delhi Schedule of Rates 2021 Vol-II
IN,19.24.3,Dismantling of manhole (Rectangular arch type manhole 140x90 cm and 2.45 m deep),item,each,8633.23,INR,M&E Containment,CPWD Delhi Schedule of Rates 2021 Vol-II
IN,19.24.4,Dismantling of manhole (Circular manhole 122 cm diameter and 1.68 m deep),item,each,6601.08,INR,M&E Containment,CPWD Delhi Schedule of Rates 2021 Vol-II
IN,19.25.1,Extra for depth of manholes dismantled (Rectangular manhole 90x80 cm),m,metre,2085.37,INR,M&E Containment,CPWD Delhi Schedule of Rates 2021 Vol-II
IN,19.25.2,Extra for depth of manholes dismantled (Rectangular manhole 120x90 cm),m,metre,2484.36,INR,M&E Containment,CPWD Delhi Schedule of Rates 2021 Vol-II
IN,19.25.3,Extra for depth of manholes dismantled (Rectangular arch type manhole 140x90 cm),m,metre,2014.03,INR,M&E Containment,CPWD Delhi Schedule of Rates 2021 Vol-II
IN,19.25.4,Extra for depth of manholes dismantled (Circular manhole 122 cm diameter),m,metre,2272.32,INR,M&E Containment,CPWD Delhi Schedule of Rates 2021 Vol-II
IN,19.26.1,Raising manhole cover and frame slab to required level (Rectangular manhole 90x80 cm),item,each,3367.52,INR,M&E Containment,CPWD Delhi Schedule of Rates 2021 Vol-II
IN,19.26.2,Raising manhole cover and frame slab to required level (Rectangular manhole 120x90 cm with circular cover 500 mm dia MD-10),item,each,5304.59,INR,M&E Containment,CPWD Delhi Schedule of Rates 2021 Vol-II
IN,19.26.3,Raising manhole cover and frame slab to required level (Rectangular manhole 120x90 cm with circular cover 560 mm dia HD-20),item,each,4932.49,INR,M&E Containment,CPWD Delhi Schedule of Rates 2021 Vol-II
IN,19.26.4,Raising manhole cover and frame slab to required level (Circular manhole 140cm dia with circular cover 600 mm dia EHD-35),item,each,403.62,INR,M&E Containment,CPWD Delhi Schedule of Rates 2021 Vol-II
IN,19.34.1,Providing and fixing S.W. intercepting trap in manholes (100mm dia),item,each,467.85,INR,M&E Containment,CPWD Delhi Schedule of Rates 2021 Vol-II
IN,19.34.2,Providing and fixing S.W. intercepting trap in manholes (150mm dia),item,each,634.36,INR,M&E Containment,CPWD Delhi Schedule of Rates 2021 Vol-II
IN,19.35.1,Providing and laying Non Pressure NP-3 class R.C.C. pipes (450mm dia),m,metre,2949.63,INR,M&E Containment,CPWD Delhi Schedule of Rates 2021 Vol-II
IN,19.35.2,Providing and laying Non Pressure NP-3 class R.C.C. pipes (600mm dia),m,metre,3773.06,INR,M&E Containment,CPWD Delhi Schedule of Rates 2021 Vol-II
IN,19.35.3,Providing and laying Non Pressure NP-3 class R.C.C. pipes (900mm dia),m,metre,5961.33,INR,M&E Containment,CPWD Delhi Schedule of Rates 2021 Vol-II
IN,19.35.4,Providing and laying Non Pressure NP-3 class R.C.C. pipes (1000mm dia),m,metre,7393.33,INR,M&E Containment,CPWD Delhi Schedule of Rates 2021 Vol-II
IN,19.35.5,Providing and laying Non Pressure NP-3 class R.C.C. pipes (1200mm dia),m,metre,10037.25,INR,M&E Containment,CPWD Delhi Schedule of Rates 2021 Vol-II
IN,19.35.6,Providing and laying Non Pressure NP-3 class R.C.C. pipes (1800mm dia),m,metre,17671.75,INR,M&E Containment,CPWD Delhi Schedule of Rates 2021 Vol-II
IN,19.36.1,Providing and laying Non Pressure NP-4 class R.C.C. pipes (450mm dia),m,metre,3363.01,INR,M&E Containment,CPWD Delhi Schedule of Rates 2021 Vol-II
IN,19.36.2,Providing and laying Non Pressure NP-4 class R.C.C. pipes (600mm dia),m,metre,4351.44,INR,M&E Containment,CPWD Delhi Schedule of Rates 2021 Vol-II
IN,19.36.3,Providing and laying Non Pressure NP-4 class R.C.C. pipes (900mm dia),m,metre,8152.92,INR,M&E Containment,CPWD Delhi Schedule of Rates 2021 Vol-II
IN,19.36.4,Providing and laying Non Pressure NP-4 class R.C.C. pipes (1000mm dia),m,metre,10131.52,INR,M&E Containment,CPWD Delhi Schedule of Rates 2021 Vol-II
IN,19.36.5,Providing and laying Non Pressure NP-4 class R.C.C. pipes (1200mm dia),m,metre,12204.67,INR,M&E Containment,CPWD Delhi Schedule of Rates 2021 Vol-II
IN,19.36.6,Providing and laying Non Pressure NP-4 class R.C.C. pipes (1800mm dia),m,metre,24619.32,INR,M&E Containment,CPWD Delhi Schedule of Rates 2021 Vol-II
IN,19.5.1,Dismantling of old S.W. pipes (100 mm diameter),m,metre,90.69,INR,M&E Containment,CPWD Delhi Schedule of Rates 2021 Vol-II
IN,19.5.2,Dismantling of old S.W. pipes (150 mm diameter),m,metre,100.27,INR,M&E Containment,CPWD Delhi Schedule of Rates 2021 Vol-II
IN,19.5.3,Dismantling of old S.W. pipes (200 mm diameter),m,metre,106.7,INR,M&E Containment,CPWD Delhi Schedule of Rates 2021 Vol-II
IN,19.5.4,Dismantling of old S.W. pipes (250 mm diameter),m,metre,113.07,INR,M&E Containment,CPWD Delhi Schedule of Rates 2021 Vol-II
IN,19.5.5,Dismantling of old S.W. pipes (300 mm diameter),m,metre,119.5,INR,M&E Containment,CPWD Delhi Schedule of Rates 2021 Vol-II
IN,19.5.6,Dismantling of old S.W. pipes (350 mm diameter),m,metre,137.62,INR,M&E Containment,CPWD Delhi Schedule of Rates 2021 Vol-II
IN,19.5.7,Dismantling of old S.W. pipes (400 mm diameter),m,metre,150.48,INR,M&E Containment,CPWD Delhi Schedule of Rates 2021 Vol-II
IN,19.5.8,Dismantling of old S.W. pipes (450 mm diameter),m,metre,156.84,INR,M&E Containment,CPWD Delhi Schedule of Rates 2021 Vol-II
IN,19.6.1,Providing and laying non-pressure NP2 class R.C.C. pipes (100 mm dia.),m,metre,552.98,INR,M&E Containment,CPWD Delhi Schedule of Rates 2021 Vol-II
IN,19.6.10,Providing and laying non-pressure NP2 class R.C.C. pipes (900 mm dia.),m,metre,5267.5,INR,M&E Containment,CPWD Delhi Schedule of Rates 2021 Vol-II
IN,19.6.11,Providing and laying non-pressure NP2 class R.C.C. pipes (1000 mm dia.),m,metre,6190.65,INR,M&E Containment,CPWD Delhi Schedule of Rates 2021 Vol-II
IN,19.6.12,Providing and laying non-pressure NP2 class R.C.C. pipes (1100 mm dia.),m,metre,6955.92,INR,M&E Containment,CPWD Delhi Schedule of Rates 2021 Vol-II
IN,19.6.13,Providing and laying non-pressure NP2 class R.C.C. pipes (1200 mm dia.),m,metre,7831.85,INR,M&E Containment,CPWD Delhi Schedule of Rates 2021 Vol-II
IN,19.6.2,Providing and laying non-pressure NP2 class R.C.C. pipes (150 mm dia.),m,metre,609.67,INR,M&E Containment,CPWD Delhi Schedule of Rates 2021 Vol-II
IN,19.6.3,Providing and laying non-pressure NP2 class R.C.C. pipes (250 mm dia.),m,metre,1002.91,INR,M&E Containment,CPWD Delhi Schedule of Rates 2021 Vol-II
IN,19.6.4,Providing and laying non-pressure NP2 class R.C.C. pipes (300 mm dia.),m,metre,1115.29,INR,M&E Containment,CPWD Delhi Schedule of Rates 2021 Vol-II
IN,19.6.5,Providing and laying non-pressure NP2 class R.C.C. pipes (450 mm dia.),m,metre,1831.79,INR,M&E Containment,CPWD Delhi Schedule of Rates 2021 Vol-II
IN,19.6.6,Providing and laying non-pressure NP2 class R.C.C. pipes (500 mm dia.),m,metre,2157.77,INR,M&E Containment,CPWD Delhi Schedule of Rates 2021 Vol-II
IN,19.6.7,Providing and laying non-pressure NP2 class R.C.C. pipes (600 mm dia.),m,metre,2594.09,INR,M&E Containment,CPWD Delhi Schedule of Rates 2021 Vol-II
IN,19.6.8,Providing and laying non-pressure NP2 class R.C.C. pipes (700 mm dia.),m,metre,3250.93,INR,M&E Containment,CPWD Delhi Schedule of Rates 2021 Vol-II
IN,19.6.9,Providing and laying non-pressure NP2 class R.C.C. pipes (800 mm dia.),m,metre,3887.8,INR,M&E Containment,CPWD Delhi Schedule of Rates 2021 Vol-II
IN,23.10.1,"Supplying, assembling, lowering and fixing in vertical position in bore well, ERW mild steel casing pipes (100 mm nominal size dia)",m,metre,1449.43,INR,M&E Containment,CPWD Delhi Schedule of Rates 2021 Vol-II
IN,23.10.2,"Supplying, assembling, lowering and fixing in vertical position in bore well, ERW mild steel casing pipes (150 mm nominal size dia)",m,metre,2071.96,INR,M&E Containment,CPWD Delhi Schedule of Rates 2021 Vol-II
IN,23.10.3,"Supplying, assembling, lowering and fixing in vertical position in bore well, ERW mild steel casing pipes (200 mm nominal size dia)",m,metre,2574.31,INR,M&E Containment,CPWD Delhi Schedule of Rates 2021 Vol-II
IN,23.11.1,"Supplying, assembling, lowering and fixing in vertical position in bore well, ERW mild steel slotted pipes (100 mm nominal size dia)",m,metre,1555.39,INR,M&E Containment,CPWD Delhi Schedule of Rates 2021 Vol-II
IN,23.11.2,"Supplying, assembling, lowering and fixing in vertical position in bore well, ERW mild steel slotted pipes (150 mm nominal size dia)",m,metre,2213.16,INR,M&E Containment,CPWD Delhi Schedule of Rates 2021 Vol-II
IN,23.11.3,"Supplying, assembling, lowering and fixing in vertical position in bore well, ERW mild steel slotted pipes (200 mm nominal size dia)",m,metre,2713.71,INR,M&E Containment,CPWD Delhi Schedule of Rates 2021 Vol-II
IN,23.3.1,"Supplying, assembling, lowering and fixing in vertical position in bore well, unplasticized PVC medium well casing (CM) pipe (100 mm nominal size dia)",m,metre,683.98,INR,M&E Containment,CPWD Delhi Schedule of Rates 2021 Vol-II
IN,23.3.2,"Supplying, assembling, lowering and fixing in vertical position in bore well, unplasticized PVC medium well casing (CM) pipe (150 mm nominal size dia)",m,metre,826.54,INR,M&E Containment,CPWD Delhi Schedule of Rates 2021 Vol-II
IN,23.3.3,"Supplying, assembling, lowering and fixing in vertical position in bore well, unplasticized PVC medium well casing (CM) pipe (200 mm nominal size dia)",m,metre,1200.92,INR,M&E Containment,CPWD Delhi Schedule of Rates 2021 Vol-II
IN,23.4.1,"Supplying, assembling, lowering and fixing in vertical position in bore well unplasticized PVC medium well screen (RMS) pipes (100 mm nominal size dia)",m,metre,717.06,INR,M&E Containment,CPWD Delhi Schedule of Rates 2021 Vol-II
IN,23.4.2,"Supplying, assembling, lowering and fixing in vertical position in bore well unplasticized PVC medium well screen (RMS) pipes (150 mm nominal size dia)",m,metre,843.11,INR,M&E Containment,CPWD Delhi Schedule of Rates 2021 Vol-II
IN,23.4.3,"Supplying, assembling, lowering and fixing in vertical position in bore well unplasticized PVC medium well screen (RMS) pipes (200 mm nominal size dia)",m,metre,1359.12,INR,M&E Containment,CPWD Delhi Schedule of Rates 2021 Vol-II
IN,26.16,Supplying & laying of drainage composite for use behind walls,m2,sqm,998.95,INR,M&E Containment,CPWD Delhi Schedule of Rates 2021 Vol-II
IN,26.17,Supplying & laying of drainage composite for use behind walls (HDPE geonet),m2,sqm,1180.83,INR,M&E Containment,CPWD Delhi Schedule of Rates 2021 Vol-II
IN,13.2.1,15 mm cement plaster on the rough side of single or half brick wall of mix 1:4,m2,sqm,420.01,INR,Masonry,CPWD Delhi Schedule of Rates 2021 Vol-II
IN,13.2.2,15 mm cement plaster on the rough side of single or half brick wall of mix 1:6,m2,sqm,400.97,INR,Masonry,CPWD Delhi Schedule of Rates 2021 Vol-II
IN,13.27,Extra for lining out plaster to imitate stone or concrete blocks walling,m2,sqm,115.92,INR,Masonry,CPWD Delhi Schedule of Rates 2021 Vol-II
IN,13.31.1,Pointing on brick work or brick flooring with cement mortar 1:3 (Flush / Ruled/Struck or weathered pointing),m2,sqm,265.08,INR,Masonry,CPWD Delhi Schedule of Rates 2021 Vol-II
IN,13.31.2,Pointing on brick work or brick flooring with cement mortar 1:3 (Raised and cut pointing),m2,sqm,431.94,INR,Masonry,CPWD Delhi Schedule of Rates 2021 Vol-II
IN,13.32.1,Pointing on tile brick work with cement mortar 1:3 (Flush/ Ruled/Struck or weathered pointing),m2,sqm,361.09,INR,Masonry,CPWD Delhi Schedule of Rates 2021 Vol-II
IN,13.5.1,15 mm cement plaster on rough side of single or half brick wall of mix 1:4,m2,sqm,438.3,INR,Masonry,CPWD Delhi Schedule of Rates 2021 Vol-II
IN,13.5.2,15 mm cement plaster on rough side of single or half brick wall of mix 1:6,m2,sqm,419.26,INR,Masonry,CPWD Delhi Schedule of Rates 2021 Vol-II
IN,13.70,Floor polishing on masonry or concrete floors with wax polish,m2,sqm,98.42,INR,Masonry,CPWD Delhi Schedule of Rates 2021 Vol-II
IN,13.8.1,15 mm cement plaster on rough side of single or half brick wall finished with a floating coat of neat cement of mix 1:3,m2,sqm,521.14,INR,Masonry,CPWD Delhi Schedule of Rates 2021 Vol-II
IN,13.8.2,15 mm cement plaster on rough side of single or half brick wall finished with a floating coat of neat cement of mix 1:4,m2,sqm,502.1,INR,Masonry,CPWD Delhi Schedule of Rates 2021 Vol-II
IN,14.13,Regrading terracing of mud phaska covered with tiles or brick,m2,sqm,714.52,INR,Masonry,CPWD Delhi Schedule of Rates 2021 Vol-II
IN,14.18.1,Flush pointing with cement mortar 1:3 (With F.P.S. brick tiles),m2,sqm,141.82,INR,Masonry,CPWD Delhi Schedule of Rates 2021 Vol-II
IN,14.18.2,Flush pointing with cement mortar 1:3 (With modular brick tiles),m2,sqm,143.36,INR,Masonry,CPWD Delhi Schedule of Rates 2021 Vol-II
IN,14.25,Brick work with common burnt clay bricks of class designation 7.5 in mud mortar,m3,cum,7048.16,INR,Masonry,CPWD Delhi Schedule of Rates 2021 Vol-II
IN,14.3,Fixing chowkhats in existing opening in brick/ RCC wall with dash fasteners/Chemical fasteners,item,each,235.23,INR,Masonry,CPWD Delhi Schedule of Rates 2021 Vol-II
IN,14.4.1,Making the opening in brick masonry for door/window/clerestory windows,m2,sqm,1294.44,INR,Masonry,CPWD Delhi Schedule of Rates 2021 Vol-II
IN,14.81,Cutting holes of required size in brick masonry wall for fixing of exhaust fan,item,each,300.57,INR,Masonry,CPWD Delhi Schedule of Rates 2021 Vol-II
IN,15.24,"Demolishing dry brick pitching in floors, drains etc.",m3,cum,1343.26,INR,Masonry,CPWD Delhi Schedule of Rates 2021 Vol-II
IN,15.26,Demolishing brick tile covering in terracing,m2,sqm,107.32,INR,Masonry,CPWD Delhi Schedule of Rates 2021 Vol-II
IN,15.7,Demolishing brick work manually/ by mechanical means,m3,cum,718.53,INR,Masonry,CPWD Delhi Schedule of Rates 2021 Vol-II
IN,15.7.1,Demolishing brick work (In mud mortar),m3,cum,1817.51,INR,Masonry,CPWD Delhi Schedule of Rates 2021 Vol-II
IN,15.7.2,Demolishing brick work (In lime mortar with old mughal bricks),m3,cum,867.89,INR,Masonry,CPWD Delhi Schedule of Rates 2021 Vol-II
IN,15.7.3,Demolishing brick work (In lime mortar),m3,cum,2099.96,INR,Masonry,CPWD Delhi Schedule of Rates 2021 Vol-II
IN,15.8.1,Removing mortar from bricks and cleaning bricks (From brick work in mud mortar),item,1000 Nos,4.7467,INR,Masonry,CPWD Delhi Schedule of Rates 2021 Vol-II
IN,15.8.2,Removing mortar from bricks and cleaning bricks (From brick work in lime mortar),item,1000 Nos,5.4577,INR,Masonry,CPWD Delhi Schedule of Rates 2021 Vol-II
IN,15.8.3,Removing mortar from bricks and cleaning bricks (From brick work in cement mortar),item,1000 Nos,6.8277,INR,Masonry,CPWD Delhi Schedule of Rates 2021 Vol-II
IN,15.9.1,Demolishing stone rubble masonry (In lime mortar),m3,cum,1180.52,INR,Masonry,CPWD Delhi Schedule of Rates 2021 Vol-II
IN,15.9.2,Demolishing stone rubble masonry (In cement mortar),m3,cum,2506.31,INR,Masonry,CPWD Delhi Schedule of Rates 2021 Vol-II
IN,16.12.1,Dry brick pitching half brick thick in drains (With common burnt clay F.P.S. bricks),m2,sqm,750.83,INR,Masonry,CPWD Delhi Schedule of Rates 2021 Vol-II
IN,16.3.4,Supplying and stacking at site (Over burnt (Jhama) brick aggregate 120 mm to 40 mm),m3,cum,1204.71,INR,Masonry,CPWD Delhi Schedule of Rates 2021 Vol-II
IN,16.3.5,Supplying and stacking at site (Over burnt (Jhama) brick aggregate 90 mm to 45 mm),m3,cum,1287.43,INR,Masonry,CPWD Delhi Schedule of Rates 2021 Vol-II
IN,16.5.1,Laying water bound macadam sub-base (Over burnt (Jhama) brick aggregate 120 mm to 40 mm),m3,cum,897.08,INR,Masonry,CPWD Delhi Schedule of Rates 2021 Vol-II
IN,16.5.2,Laying water bound macadam sub-base (Over burnt (Jhama) brick aggregate 90 mm to 45 mm),m3,cum,897.08,INR,Masonry,CPWD Delhi Schedule of Rates 2021 Vol-II
IN,16.52,Providing and fixing precast lime fly ash concrete blocks,m3,cum,14885.46,INR,Masonry,CPWD Delhi Schedule of Rates 2021 Vol-II
IN,16.64,Providing and laying 75mm thick compacted bed of dry brick aggregate,m2,sqm,966.13,INR,Masonry,CPWD Delhi Schedule of Rates 2021 Vol-II
IN,16.68,Providing and laying 60mm thick facility made cement concrete interlocking paver block,m2,sqm,1175.77,INR,Masonry,CPWD Delhi Schedule of Rates 2021 Vol-II
IN,16.7.1,Brick edging in full brick width and half brick depth (With common burnt clay F.P.S. bricks),m,metre,221.94,INR,Masonry,CPWD Delhi Schedule of Rates 2021 Vol-II
IN,16.8.1,Brick edging laid lengthwise with half brick depth (With common burnt clay F.P.S. bricks),m,metre,61.7,INR,Masonry,CPWD Delhi Schedule of Rates 2021 Vol-II
IN,16.83,Taking out existing CC interlocking paver blocks from footpath/ central verge,m2,sqm,134.34,INR,Masonry,CPWD Delhi Schedule of Rates 2021 Vol-II
IN,16.84,Laying old cement concrete interlocking paver blocks,m2,sqm,447.95,INR,Masonry,CPWD Delhi Schedule of Rates 2021 Vol-II
IN,16.91.1,Providing and laying factory made chamfered edge Cement Concrete paver blocks (60mm thick M-35),m2,sqm,1152.75,INR,Masonry,CPWD Delhi Schedule of Rates 2021 Vol-II
IN,16.91.2,Providing and laying factory made chamfered edge Cement Concrete paver blocks (80 mm thick M-30),m2,sqm,1250.25,INR,Masonry,CPWD Delhi Schedule of Rates 2021 Vol-II
IN,16.92,Providing and fixing 10x10x7.50cm Granite stone block,m2,sqm,2314.29,INR,Masonry,CPWD Delhi Schedule of Rates 2021 Vol-II
IN,17.61.1,Cutting chases in brick masonry walls for following diameter sand cast iron/centrifugally cast (spun) iron pipes (100 mm dia),m,metre,761.35,INR,Masonry,CPWD Delhi Schedule of Rates 2021 Vol-II
IN,17.61.2,Cutting chases in brick masonry walls for following diameter sand cast iron/centrifugally cast (spun) iron pipes (75 mm dia),m,metre,546.74,INR,Masonry,CPWD Delhi Schedule of Rates 2021 Vol-II
IN,17.61.3,Cutting chases in brick masonry walls for following diameter sand cast iron/centrifugally cast (spun) iron pipes (50 mm dia),m,metre,355.47,INR,Masonry,CPWD Delhi Schedule of Rates 2021 Vol-II
IN,18.32.1,"Constructing masonry Chamber 30x30x50cm inside, for stop cock",item,each,2116.81,INR,Masonry,CPWD Delhi Schedule of Rates 2021 Vol-II
IN,18.33.1,"Constructing masonry Chamber 60x60x75cm inside, for sluice valve",item,each,12490.73,INR,Masonry,CPWD Delhi Schedule of Rates 2021 Vol-II
IN,18.34.1,"Constructing masonry Chamber 90x90x100cm inside, for sluice valve",item,each,21733.6,INR,Masonry,CPWD Delhi Schedule of Rates 2021 Vol-II
IN,18.35.1,"Constructing masonry Chamber 120x120x100cm inside, for sluice valve",item,each,30154.38,INR,Masonry,CPWD Delhi Schedule of Rates 2021 Vol-II
IN,18.36.1,"Constructing masonry Chamber 60x60x75cm inside, for fire hydrants",item,each,11907.34,INR,Masonry,CPWD Delhi Schedule of Rates 2021 Vol-II
IN,18.37.1,"Constructing masonry Chamber 60x45x50cm inside, for water meter",item,each,11153.32,INR,Masonry,CPWD Delhi Schedule of Rates 2021 Vol-II
IN,18.76.1,Cutting holes up to 30x30 cm in walls including making good the same (With common burnt clay F.P.S. bricks),item,each,448.07,INR,Masonry,CPWD Delhi Schedule of Rates 2021 Vol-II
IN,18.79,Making hole up to 20x20 cm and embedding pipes up to 150mm diameter in masonry,m,metre,245.3,INR,Masonry,CPWD Delhi Schedule of Rates 2021 Vol-II
IN,19.10.1,Extra depth for circular type manhole 0.91m internal dia (With common burnt clay F.P.S. bricks),m,metre,8638.48,INR,Masonry,CPWD Delhi Schedule of Rates 2021 Vol-II
IN,19.10.2,Extra depth for circular type manhole 0.91m internal dia (With Sewer bricks),m,metre,8276.4,INR,Masonry,CPWD Delhi Schedule of Rates 2021 Vol-II
IN,19.11.1.1,"Constructing brick masonry circular manhole 1.22m internal dia (1.68m deep, With common burnt clay F.P.S. bricks)",item,each,28377.79,INR,Masonry,CPWD Delhi Schedule of Rates 2021 Vol-II
IN,19.11.1.2,"Constructing brick masonry circular manhole 1.22m internal dia (1.68m deep, With Sewer bricks)",item,each,27774.37,INR,Masonry,CPWD Delhi Schedule of Rates 2021 Vol-II
IN,19.12.1,Extra depth for circular type manhole 1.22m internal dia (With common burnt clay F.P.S. bricks),m,metre,11212.11,INR,Masonry,CPWD Delhi Schedule of Rates 2021 Vol-II
IN,19.12.2,Extra depth for circular type manhole 1.22m internal dia (With Sewer bricks),m,metre,10739.49,INR,Masonry,CPWD Delhi Schedule of Rates 2021 Vol-II
IN,19.13.1.1,"Constructing brick masonry circular manhole 1.52m internal dia (2.30m deep, With common burnt clay F.P.S. bricks)",item,each,60822.23,INR,Masonry,CPWD Delhi Schedule of Rates 2021 Vol-II
IN,19.13.1.2,"Constructing brick masonry circular manhole 1.52m internal dia (2.30m deep, With Sewer bricks)",item,each,59134.85,INR,Masonry,CPWD Delhi Schedule of Rates 2021 Vol-II
IN,19.14.1,Extra depth for circular type manhole 1.52m internal dia (With common burnt clay F.P.S. bricks),m,metre,26092.24,INR,Masonry,CPWD Delhi Schedule of Rates 2021 Vol-II
IN,19.14.2,Extra depth for circular type manhole 1.52m internal dia (With Sewer bricks),m,metre,24870.06,INR,Masonry,CPWD Delhi Schedule of Rates 2021 Vol-II
IN,19.27.1,"Constructing brick masonry road gully chamber (50x45x60cm, With common burnt clay F.P.S. bricks)",item,each,6909.75,INR,Masonry,CPWD Delhi Schedule of Rates 2021 Vol-II
IN,19.28.1,"Constructing brick masonry road gully chamber (45x45x77.5cm, With common burnt clay F.P.S. bricks)",item,each,7737.04,INR,Masonry,CPWD Delhi Schedule of Rates 2021 Vol-II
IN,19.29.1,"Constructing brick masonry road gully chamber (110x50x77.5cm, With common burnt clay F.P.S. bricks)",item,each,13102.13,INR,Masonry,CPWD Delhi Schedule of Rates 2021 Vol-II
IN,19.30.1.1,"Constructing brick masonry chamber for underground C.I. inspection chamber (455x610mm, With common burnt clay F.P.S. bricks)",item,each,7951.7,INR,Masonry,CPWD Delhi Schedule of Rates 2021 Vol-II
IN,19.30.2.1,"Constructing brick masonry chamber for underground C.I. inspection chamber (500x700mm, With common burnt clay F.P.S. bricks)",item,each,9035.85,INR,Masonry,CPWD Delhi Schedule of Rates 2021 Vol-II
IN,19.30.3.1,"Constructing brick masonry chamber for underground C.I. inspection chamber (600x850mm, With common burnt clay F.P.S. bricks)",item,each,10649.41,INR,Masonry,CPWD Delhi Schedule of Rates 2021 Vol-II
IN,19.31.1.1,Extra for depth beyond 45cm of brick masonry chamber (455x610mm),m,metre,6973.39,INR,Masonry,CPWD Delhi Schedule of Rates 2021 Vol-II
IN,19.31.2.1,Extra for depth beyond 45cm of brick masonry chamber (500x700mm),m,metre,7612.89,INR,Masonry,CPWD Delhi Schedule of Rates 2021 Vol-II
IN,19.31.3.1,Extra for depth beyond 45cm of brick masonry chamber (600x850mm),m,metre,8872.7,INR,Masonry,CPWD Delhi Schedule of Rates 2021 Vol-II
IN,19.32.1,Making soak pit 2.5m diameter 3.0 metre deep (With common burnt clay F.P.S. bricks),item,each,34650.24,INR,Masonry,CPWD Delhi Schedule of Rates 2021 Vol-II
IN,19.4.1.1,"Providing and fixing square-mouth S.W. gully trap class SP-1 (100x100 mm size P type, With common burnt clay F.P.S. bricks)",item,each,3033.57,INR,Masonry,CPWD Delhi Schedule of Rates 2021 Vol-II
IN,19.4.1.2,"Providing and fixing square-mouth S.W. gully trap class SP-1 (100x100 mm size P type, With Sewer bricks)",item,each,2976.82,INR,Masonry,CPWD Delhi Schedule of Rates 2021 Vol-II
IN,19.4.2.1,"Providing and fixing square-mouth S.W. gully trap class SP-1 (150 x 100 mm size P type, With common burnt clay F.P.S. bricks)",item,each,3059.34,INR,Masonry,CPWD Delhi Schedule of Rates 2021 Vol-II
IN,19.4.2.2,"Providing and fixing square-mouth S.W. gully trap class SP-1 (150 x 100 mm size P type, With sewer bricks)",item,each,3002.53,INR,Masonry,CPWD Delhi Schedule of Rates 2021 Vol-II
IN,19.4.3.1,"Providing and fixing square-mouth S.W. gully trap class SP-1 (180x150 mm size P type, With common burnt clay F.P.S. bricks)",item,each,3133.04,INR,Masonry,CPWD Delhi Schedule of Rates 2021 Vol-II
IN,19.4.3.2,"Providing and fixing square-mouth S.W. gully trap class SP-1 (180x150 mm size P type, With Sewer bricks)",item,each,3076.29,INR,Masonry,CPWD Delhi Schedule of Rates 2021 Vol-II
IN,19.7.1.1,"Constructing brick masonry manhole (Inside size 90x80cm and 45cm deep, With common burnt clay F.P.S. bricks)",item,each,14449.93,INR,Masonry,CPWD Delhi Schedule of Rates 2021 Vol-II
IN,19.7.1.2,"Constructing brick masonry manhole (Inside size 90x80cm and 45cm deep, With Sewer bricks)",item,each,14301.44,INR,Masonry,CPWD Delhi Schedule of Rates 2021 Vol-II
IN,19.7.2.1,"Constructing brick masonry manhole (Inside size 120x90cm and 90cm deep, With common burnt clay F.P.S. bricks)",item,each,30175.45,INR,Masonry,CPWD Delhi Schedule of Rates 2021 Vol-II
IN,19.7.2.2,"Constructing brick masonry manhole (Inside size 120x90cm and 90cm deep, With Sewer bricks)",item,each,29769.17,INR,Masonry,CPWD Delhi Schedule of Rates 2021 Vol-II
IN,19.7.3.1,"Constructing brick masonry manhole (Inside size 120x90cm and 90cm deep, heavy duty, With common burnt clay F.P.S. bricks)",item,each,37336.75,INR,Masonry,CPWD Delhi Schedule of Rates 2021 Vol-II
IN,19.7.3.2,"Constructing brick masonry manhole (Inside size 120x90cm and 90cm deep, heavy duty, With Sewer bricks)",item,each,36987.28,INR,Masonry,CPWD Delhi Schedule of Rates 2021 Vol-II
IN,19.8.1.1,"Extra for depth for manholes (Size 90x80cm, With common burnt clay F.P.S. bricks)",m,metre,10048.78,INR,Masonry,CPWD Delhi Schedule of Rates 2021 Vol-II
IN,19.8.1.2,"Extra for depth for manholes (Size 90x80cm, With Sewer bricks)",m,metre,9616.35,INR,Masonry,CPWD Delhi Schedule of Rates 2021 Vol-II
IN,19.8.2.1,"Extra for depth for manholes (Size 120x90cm, With common burnt clay F.P.S. bricks)",m,metre,12047.79,INR,Masonry,CPWD Delhi Schedule of Rates 2021 Vol-II
IN,19.8.2.2,"Extra for depth for manholes (Size 120x90cm, With Sewer bricks)",m,metre,11532.4,INR,Masonry,CPWD Delhi Schedule of Rates 2021 Vol-II
IN,19.9.1.1,"Constructing brick masonry circular type manhole (0.91m deep, With common burnt clay F.P.S. bricks)",item,each,14696.41,INR,Masonry,CPWD Delhi Schedule of Rates 2021 Vol-II
IN,19.9.1.2,"Constructing brick masonry circular type manhole (0.91m deep, With Sewer bricks)",item,each,14424.96,INR,Masonry,CPWD Delhi Schedule of Rates 2021 Vol-II
IN,21.8.1,Filling the gap in between aluminium frame & adjacent RCC/ Brick/ Stone work (Upto 5mm depth and 5 mm width),m,metre,105.4,INR,Masonry,CPWD Delhi Schedule of Rates 2021 Vol-II
IN,24.1,Raking out joints of stone masonry surface,m2,sqm,73.88,INR,Masonry,CPWD Delhi Schedule of Rates 2021 Vol-II
IN,24.5,Ruled / Flush pointing on Red sand stone masonry surface,m2,sqm,383.34,INR,Masonry,CPWD Delhi Schedule of Rates 2021 Vol-II
IN,24.6,Ruled/ Flush pointing on White sand stone masonry surface,m2,sqm,383.34,INR,Masonry,CPWD Delhi Schedule of Rates 2021 Vol-II
IN,26.68.1,Providing and laying factory made Precast concrete solid blocks of 200 mm thickness in foundation and plinth,m3,cum,7489.67,INR,Masonry,CPWD Delhi Schedule of Rates 2021 Vol-II
IN,26.69.1,Providing and laying factory made Precast concrete solid blocks of 200 mm thickness in superstructure,m3,cum,9998.87,INR,Masonry,CPWD Delhi Schedule of Rates 2021 Vol-II
IN,26.70.1,Providing and laying half block masonry with factory made Precast concrete solid blocks of 100 mm thickness in foundation and plinth,m2,sqm,906.71,INR,Masonry,CPWD Delhi Schedule of Rates 2021 Vol-II
IN,26.71.1,Providing and laying half block masonry with factory made Precast concrete solid blocks of 100 mm thickness in superstructure,m2,sqm,1129.57,INR,Masonry,CPWD Delhi Schedule of Rates 2021 Vol-II
IN,26.72,Providing and laying 60mm thick factory made cement concrete paver block of M-30 grade made of C&D waste,m2,sqm,935.95,INR,Masonry,CPWD Delhi Schedule of Rates 2021 Vol-II
IN,26.82,Providing and laying rigid EPS (cellular plastic material) blocks,m2,sqm,2506.99,INR,Masonry,CPWD Delhi Schedule of Rates 2021 Vol-II
IN,15.58,Demolishing R.C.C. work by mechanical means and stockpiling at designated locations,m3,cum,2879.14,INR,Piling,CPWD Delhi Schedule of Rates 2021 Vol-II
IN,20.3.1,"Boring with hydraulic piling rigs, providing and installing cast in situ single under reamed piles (300 mm dia piles)",m,metre,3166.31,INR,Piling,CPWD Delhi Schedule of Rates 2021 Vol-II
IN,20.3.2,"Boring with hydraulic piling rigs, providing and installing cast in situ single under reamed piles (400 mm dia piles)",m,metre,3929.31,INR,Piling,CPWD Delhi Schedule of Rates 2021 Vol-II
IN,20.3.3,"Boring with hydraulic piling rigs, providing and installing cast in situ single under reamed piles (450 mm dia piles)",m,metre,4383.24,INR,Piling,CPWD Delhi Schedule of Rates 2021 Vol-II
IN,20.3.4,"Boring with hydraulic piling rigs, providing and installing cast in situ single under reamed piles (550 mm dia piles)",m,metre,4892.14,INR,Piling,CPWD Delhi Schedule of Rates 2021 Vol-II
IN,20.4.1,Extra over single under ream for providing additional bulbs in under reamed piles (300 mm dia piles),item,each,2698.48,INR,Piling,CPWD Delhi Schedule of Rates 2021 Vol-II
IN,20.4.2,Extra over single under ream for providing additional bulbs in under reamed piles (400 mm dia piles),item,each,3008.99,INR,Piling,CPWD Delhi Schedule of Rates 2021 Vol-II
IN,20.4.3,Extra over single under ream for providing additional bulbs in under reamed piles (450 mm dia piles),item,each,3196.22,INR,Piling,CPWD Delhi Schedule of Rates 2021 Vol-II
IN,20.4.4,Extra over single under ream for providing additional bulbs in under reamed piles (550 mm dia piles),item,each,3462.73,INR,Piling,CPWD Delhi Schedule of Rates 2021 Vol-II
IN,20.6.1.1,"Vertical load testing of piles (Single pile upto 50 tonne Safe capacity, Initial test)",item,per test,63677.71,INR,Piling,CPWD Delhi Schedule of Rates 2021 Vol-II
IN,20.6.1.2,"Vertical load testing of piles (Single pile upto 50 tonne Safe capacity, Routine test)",item,per test,22825.51,INR,Piling,CPWD Delhi Schedule of Rates 2021 Vol-II
IN,20.6.2.1,"Vertical load testing of piles (Single pile above 50 tonne and upto 100 tonne Safe capacity, Initial test)",item,per test,71128.84,INR,Piling,CPWD Delhi Schedule of Rates 2021 Vol-II
IN,20.6.2.2,"Vertical load testing of piles (Single pile above 50 tonne and upto 100 tonne Safe capacity, Routine test)",item,per test,37716.1,INR,Piling,CPWD Delhi Schedule of Rates 2021 Vol-II
IN,20.6.3.1,"Vertical load testing of piles (Group of two or more piles upto 50 tonne Safe capacity, Initial test)",item,per test,81883.46,INR,Piling,CPWD Delhi Schedule of Rates 2021 Vol-II
IN,20.6.3.2,"Vertical load testing of piles (Group of two or more piles upto 50 tonne Safe capacity, Routine test)",item,per test,47145.24,INR,Piling,CPWD Delhi Schedule of Rates 2021 Vol-II
IN,20.7.1.1,"Cyclic vertical load testing of pile (Single pile, Upto 50 tonne Safe capacity)",item,per test,22825.51,INR,Piling,CPWD Delhi Schedule of Rates 2021 Vol-II
IN,20.7.1.2,"Cyclic vertical load testing of pile (Single pile, Above 50 tonne and upto 100 tonne Safe capacity)",item,per test,37716.1,INR,Piling,CPWD Delhi Schedule of Rates 2021 Vol-II
IN,20.7.2.1,"Cyclic vertical load testing of pile (Group of two or more piles, Upto 400 tonne Safe capacity of group)",item,per test,47145.24,INR,Piling,CPWD Delhi Schedule of Rates 2021 Vol-II
IN,20.8.1,Lateral load testing of single pile (Upto 50 tonne capacity pile),item,per test,22825.51,INR,Piling,CPWD Delhi Schedule of Rates 2021 Vol-II
IN,20.8.2,Lateral load testing of single pile (Above 50 tonne and upto 100 tonne capacity pile),item,per test,38209.18,INR,Piling,CPWD Delhi Schedule of Rates 2021 Vol-II
IN,20.9,Integrity testing of Pile using Low Strain/Sonic Integrity Test,item,per test,1214.82,INR,Piling,CPWD Delhi Schedule of Rates 2021 Vol-II
IN,13.1.1,12 mm cement plaster of mix 1:4 (1 cement : 4 fine sand),m2,sqm,364.55,INR,Plaster,CPWD Delhi Schedule of Rates 2021 Vol-II
IN,13.1.2,12 mm cement plaster of mix 1:6 (1 cement : 6 fine sand),m2,sqm,348.66,INR,Plaster,CPWD Delhi Schedule of Rates 2021 Vol-II
IN,13.10,15 mm cement plaster 1:3 finished with a floating coat of neat cement on the rough side of single or half brick wall,m2,sqm,539.44,INR,Plaster,CPWD Delhi Schedule of Rates 2021 Vol-II
IN,13.11,18 mm cement plaster in two coats under layer 12 mm thick cement plaster 1:5 finished with a top layer 6 mm thick cement plaster 1:6,m2,sqm,547.42,INR,Plaster,CPWD Delhi Schedule of Rates 2021 Vol-II
IN,13.12,18 mm cement plaster in two coats under layer 12 mm thick cement plaster 1:5 and a top layer 6 mm thick cement plaster 1:3 finished rough with sponge,m2,sqm,571.04,INR,Plaster,CPWD Delhi Schedule of Rates 2021 Vol-II
IN,13.13,12 mm cement plaster 1:2 (1 cement: 2 stone dust),m2,sqm,402.82,INR,Plaster,CPWD Delhi Schedule of Rates 2021 Vol-II
IN,13.14,15 mm cement plaster 1:2 (1 cement: 2 stone dust) on the rough side of single or half brick wall,m2,sqm,465.69,INR,Plaster,CPWD Delhi Schedule of Rates 2021 Vol-II
IN,13.15,20 mm cement plaster 1:2 (1 cement: 2 stone dust),m2,sqm,556.75,INR,Plaster,CPWD Delhi Schedule of Rates 2021 Vol-II
IN,13.16.1,6 mm cement plaster of mix 1:3 (1 cement: 3 fine sand),m2,sqm,312.87,INR,Plaster,CPWD Delhi Schedule of Rates 2021 Vol-II
IN,13.17,6 mm cement plaster 1:3 finished with a floating coat of neat cement and thick coat of Lime wash on top of walls when dry for bearing of R.C.C. slabs and beams,m2,sqm,413.2,INR,Plaster,CPWD Delhi Schedule of Rates 2021 Vol-II
IN,13.19.1,Rough cast plaster upto 10 m height above ground level with a mixture of sand and gravel or crushed stone from 6 mm to 10 mm nominal size (Ordinary cement finish),m2,sqm,930.27,INR,Plaster,CPWD Delhi Schedule of Rates 2021 Vol-II
IN,13.20,Pebble dash plaster upto 10 m height above ground level with a mixture of washed pebble or crushed stone 6 mm to 12.5 mm nominal size,m2,sqm,872.78,INR,Plaster,CPWD Delhi Schedule of Rates 2021 Vol-II
IN,13.22,Extra for plastering exterior walls of height more than 10 m from ground level for every additional height of 3 m or part thereof,m2,sqm,90.01,INR,Plaster,CPWD Delhi Schedule of Rates 2021 Vol-II
IN,13.23.1,Extra for plastering on circular work not exceeding 6 m in radius (In one coat),m2,sqm,48.65,INR,Plaster,CPWD Delhi Schedule of Rates 2021 Vol-II
IN,13.23.2,Extra for plastering on circular work not exceeding 6 m in radius (In two coats),m2,sqm,73.88,INR,Plaster,CPWD Delhi Schedule of Rates 2021 Vol-II
IN,13.24.1,"Extra for plastering done on moulding, cornices or architraves (In one coat)",m2,sqm,726.02,INR,Plaster,CPWD Delhi Schedule of Rates 2021 Vol-II
IN,13.24.2,"Extra for plastering done on moulding, cornices or architraves (In two coats)",m2,sqm,1196.67,INR,Plaster,CPWD Delhi Schedule of Rates 2021 Vol-II
IN,13.25.1,Extra for plastering (Spherical ceiling),m2,sqm,181.32,INR,Plaster,CPWD Delhi Schedule of Rates 2021 Vol-II
IN,13.25.2,Extra for plastering (Groined ceiling),m2,sqm,196.4,INR,Plaster,CPWD Delhi Schedule of Rates 2021 Vol-II
IN,13.25.3,Extra for plastering (Flowing soffits),m2,sqm,120,INR,Plaster,CPWD Delhi Schedule of Rates 2021 Vol-II
IN,13.26,Providing and applying plaster of paris putty of 2 mm thickness over plastered surface,m2,sqm,264.96,INR,Plaster,CPWD Delhi Schedule of Rates 2021 Vol-II
IN,13.3.1,20 mm cement plaster of mix 1:4,m2,sqm,497.22,INR,Plaster,CPWD Delhi Schedule of Rates 2021 Vol-II
IN,13.3.2,20 mm cement plaster of mix 1:6,m2,sqm,472.43,INR,Plaster,CPWD Delhi Schedule of Rates 2021 Vol-II
IN,13.4.1,12 mm cement plaster of mix 1:4 (coarse sand),m2,sqm,379.88,INR,Plaster,CPWD Delhi Schedule of Rates 2021 Vol-II
IN,13.4.2,12 mm cement plaster of mix 1:6 (coarse sand),m2,sqm,363.94,INR,Plaster,CPWD Delhi Schedule of Rates 2021 Vol-II
IN,13.6.1,20 mm cement plaster of mix 1:4,m2,sqm,521.02,INR,Plaster,CPWD Delhi Schedule of Rates 2021 Vol-II
IN,13.6.2,20 mm cement plaster of mix 1:6,m2,sqm,496.23,INR,Plaster,CPWD Delhi Schedule of Rates 2021 Vol-II
IN,13.7.1,12 mm cement plaster finished with a floating coat of neat cement of mix 1:3,m2,sqm,462.6,INR,Plaster,CPWD Delhi Schedule of Rates 2021 Vol-II
IN,13.7.2,12 mm cement plaster finished with a floating coat of neat cement of mix 1:4,m2,sqm,446.71,INR,Plaster,CPWD Delhi Schedule of Rates 2021 Vol-II
IN,13.72,Washed stone grit plaster on exterior walls height upto 10 metre,m2,sqm,1218.38,INR,Plaster,CPWD Delhi Schedule of Rates 2021 Vol-II
IN,13.73.1,Forming groove of uniform size in the top layer of washed stone grit plaster (15 mm wide and 15 mm deep),m,metre,77.28,INR,Plaster,CPWD Delhi Schedule of Rates 2021 Vol-II
IN,13.73.2,Forming groove of uniform size in the top layer of washed stone grit plaster (20 mm wide and 15 mm deep),m,metre,78.02,INR,Plaster,CPWD Delhi Schedule of Rates 2021 Vol-II
IN,13.74,Extra for washed grit plaster on exterior walls of height more than 10 m,m2,sqm,174.15,INR,Plaster,CPWD Delhi Schedule of Rates 2021 Vol-II
IN,13.75,Extra for washed stone grit plaster on circular work not exceeding 6 m in radius,m2,sqm,137.05,INR,Plaster,CPWD Delhi Schedule of Rates 2021 Vol-II
IN,13.77,Extra for using white cement in place of ordinary cement in the top layer of washed stone grit plaster,m2,sqm,102.56,INR,Plaster,CPWD Delhi Schedule of Rates 2021 Vol-II
IN,13.78,Providing and applying 12 mm thick (average) premixed formulated one coat gypsum lightweight plaster,m2,sqm,449.37,INR,Plaster,CPWD Delhi Schedule of Rates 2021 Vol-II
IN,13.9.1,12 mm cement plaster 1:3 finished with a floating coat of neat cement,m2,sqm,477.93,INR,Plaster,CPWD Delhi Schedule of Rates 2021 Vol-II
IN,13.9.2,20 mm cement plaster 1:3 finished with a floating coat of neat cement,m2,sqm,627.91,INR,Plaster,CPWD Delhi Schedule of Rates 2021 Vol-II
IN,14.1.1,Repairs to plaster of thickness 12mm to 20mm in patches (With cement mortar 1:4 fine sand),m2,sqm,571.59,INR,Plaster,CPWD Delhi Schedule of Rates 2021 Vol-II
IN,14.1.2,Repairs to plaster of thickness 12mm to 20mm in patches (With cement mortar 1:4 coarse sand),m2,sqm,590.99,INR,Plaster,CPWD Delhi Schedule of Rates 2021 Vol-II
IN,14.75,Repair to plaster of thickness 12mm to 20mm in patches with white cement based polymer modified self curing mortar,m2,sqm,668.09,INR,Plaster,CPWD Delhi Schedule of Rates 2021 Vol-II
IN,15.56,Dismantling old plaster or skirting raking out joints and cleaning the surface for plaster,m2,sqm,55.7,INR,Plaster,CPWD Delhi Schedule of Rates 2021 Vol-II
IN,26.42.1,"Providing and fixing of external wall system on Light gauge steel frame work (Outer face: 6mm+9mm fiber cement board, Inner Face: 12.5mm gypsum plaster board)",m2,sqm,4308.88,INR,Plaster,CPWD Delhi Schedule of Rates 2021 Vol-II
IN,26.42.2,"Providing and fixing of external wall system on Light gauge steel frame work (Outer face: 8mm+10mm cement bonded particle board, Inner face: 12.5mm gypsum plaster board)",m2,sqm,3417.48,INR,Plaster,CPWD Delhi Schedule of Rates 2021 Vol-II
IN,15.5,Extra for cutting reinforcement bars in R.C.C. or R.B. work,m2,sqm,9.21,INR,Reinforcement,CPWD Delhi Schedule of Rates 2021 Vol-II
IN,15.6,"Extra for scrapping, cleaning and straightening reinforcement from R.C.C. or R.B. work",t,kg,0.0092,INR,Reinforcement,CPWD Delhi Schedule of Rates 2021 Vol-II
IN,17.69.1,Providing and fixing PTMT Waste Coupling for wash basin and sink (Waste coupling 31 mm dia),item,each,127.35,INR,Reinforcement,CPWD Delhi Schedule of Rates 2021 Vol-II
IN,17.69.2,Providing and fixing PTMT Waste Coupling for wash basin and sink (Waste coupling 38 mm dia),item,each,135.63,INR,Reinforcement,CPWD Delhi Schedule of Rates 2021 Vol-II
IN,17.70.1,Providing and fixing PTMT Bottle Trap for Wash basin and sink (Bottle trap 31mm),item,each,401.96,INR,Reinforcement,CPWD Delhi Schedule of Rates 2021 Vol-II
IN,17.70.2,Providing and fixing PTMT Bottle Trap for Wash basin and sink (Bottle trap 38mm),item,each,401.96,INR,Reinforcement,CPWD Delhi Schedule of Rates 2021 Vol-II
IN,17.71,Providing and fixing PTMT liquid soap container,item,each,180.88,INR,Reinforcement,CPWD Delhi Schedule of Rates 2021 Vol-II
IN,17.72,Providing and fixing PTMT towel ring trapezoidal shape,item,each,253.09,INR,Reinforcement,CPWD Delhi Schedule of Rates 2021 Vol-II
IN,17.73.1,Providing and fixing PTMT towel rail complete with brackets (450 mm long towel rail),item,each,709.19,INR,Reinforcement,CPWD Delhi Schedule of Rates 2021 Vol-II
IN,17.73.2,Providing and fixing PTMT towel rail complete with brackets (600 mm long towel rail),item,each,742.27,INR,Reinforcement,CPWD Delhi Schedule of Rates 2021 Vol-II
IN,17.74,Providing and fixing PTMT shelf,item,each,750.55,INR,Reinforcement,CPWD Delhi Schedule of Rates 2021 Vol-II
IN,17.75,Providing and fixing PTMT 15 mm Urinal spreader,item,each,114.67,INR,Reinforcement,CPWD Delhi Schedule of Rates 2021 Vol-II
IN,17.76.1,Providing and fixing PTMT urinal cock (15 mm nominal bore),item,each,185.39,INR,Reinforcement,CPWD Delhi Schedule of Rates 2021 Vol-II
IN,17.7B,"Providing and fixing wash basin with C.I. brackets, 15 mm PTMT pillar cock (White Vitreous China Flat back wash basin size 550x400 mm with single 15 mm PTMT pillar cock)",item,each,3118.02,INR,Reinforcement,CPWD Delhi Schedule of Rates 2021 Vol-II
IN,18.54.1,"Providing and fixing PTMT bib cock (15mm nominal bore, 86 mm long)",item,each,135.82,INR,Reinforcement,CPWD Delhi Schedule of Rates 2021 Vol-II
IN,18.54.2,"Providing and fixing PTMT bib cock (15 mm nominal bore, 122mm long)",item,each,177.19,INR,Reinforcement,CPWD Delhi Schedule of Rates 2021 Vol-II
IN,18.54.3,"Providing and fixing PTMT bib cock (15 mm nominal bore, 165 mm long)",item,each,193.7,INR,Reinforcement,CPWD Delhi Schedule of Rates 2021 Vol-II
IN,18.54.4,"Providing and fixing PTMT bib cock (15 mm nominal bore, 90 mm long)",item,each,210.27,INR,Reinforcement,CPWD Delhi Schedule of Rates 2021 Vol-II
IN,18.55.1,"Providing and fixing PTMT stop cock (15 mm nominal bore, 86 mm long)",item,each,127.54,INR,Reinforcement,CPWD Delhi Schedule of Rates 2021 Vol-II
IN,18.55.2,"Providing and fixing PTMT stop cock (20 mm nominal bore, 89 mm long)",item,each,140.77,INR,Reinforcement,CPWD Delhi Schedule of Rates 2021 Vol-II
IN,18.55.3,"Providing and fixing PTMT stop cock (Concealed stop cock, 15 mm nominal bore, 108 mm long)",item,each,226.77,INR,Reinforcement,CPWD Delhi Schedule of Rates 2021 Vol-II
IN,18.56.1,"Providing and fixing PTMT pillar cock (15 mm nominal bore, 107 mm long)",item,each,223.56,INR,Reinforcement,CPWD Delhi Schedule of Rates 2021 Vol-II
IN,18.56.2,"Providing and fixing PTMT pillar cock (15 mm nominal bore, 125 mm long foam flow)",item,each,240.07,INR,Reinforcement,CPWD Delhi Schedule of Rates 2021 Vol-II
IN,18.57.1,"Providing and fixing PTMT push cock (15 mm nominal bore, 98 mm long)",item,each,119.25,INR,Reinforcement,CPWD Delhi Schedule of Rates 2021 Vol-II
IN,18.57.2,"Providing and fixing PTMT push cock (15 mm nominal bore, 80 mm long)",item,each,102.68,INR,Reinforcement,CPWD Delhi Schedule of Rates 2021 Vol-II
IN,18.58.1.1,"Providing and fixing PTMT grating (Circular type, 100 mm nominal dia)",item,each,41.05,INR,Reinforcement,CPWD Delhi Schedule of Rates 2021 Vol-II
IN,18.58.1.2,"Providing and fixing PTMT grating (Circular type, 125 mm nominal dia with 25 mm waste hole)",item,each,55.95,INR,Reinforcement,CPWD Delhi Schedule of Rates 2021 Vol-II
IN,18.58.2.1,"Providing and fixing PTMT grating (Rectangular type with openable circular lid, 150 mm nominal size square)",item,each,209.82,INR,Reinforcement,CPWD Delhi Schedule of Rates 2021 Vol-II
IN,18.62.1,"Providing and fixing PTMT Ball cock (15 mm nominal bore, 105 mm long)",item,each,199.75,INR,Reinforcement,CPWD Delhi Schedule of Rates 2021 Vol-II
IN,18.62.2,"Providing and fixing PTMT Ball cock (20 mm nominal bore, 120 mm long)",item,each,276.34,INR,Reinforcement,CPWD Delhi Schedule of Rates 2021 Vol-II
IN,18.62.3,"Providing and fixing PTMT Ball cock (25 mm nominal bore, 152mm long)",item,each,568,INR,Reinforcement,CPWD Delhi Schedule of Rates 2021 Vol-II
IN,18.62.4,"Providing and fixing PTMT Ball cock (40 mm nominal bore, 206mm long)",item,each,807.95,INR,Reinforcement,CPWD Delhi Schedule of Rates 2021 Vol-II
IN,18.62.5,"Providing and fixing PTMT Ball cock (50 mm nominal bore, 242mm long)",item,each,1469.67,INR,Reinforcement,CPWD Delhi Schedule of Rates 2021 Vol-II
IN,18.63,Providing and fixing PTMT angle stop cock 15 mm nominal bore,item,each,168.89,INR,Reinforcement,CPWD Delhi Schedule of Rates 2021 Vol-II
IN,18.64,"Providing and fixing PTMT swivelling shower, 15 mm nominal bore",item,each,131.25,INR,Reinforcement,CPWD Delhi Schedule of Rates 2021 Vol-II
IN,18.65,Providing and fixing PTMT soap Dish Holder,item,each,119.62,INR,Reinforcement,CPWD Delhi Schedule of Rates 2021 Vol-II
IN,18.74.1,"Providing and fixing unpalsticised P.V.C. connection pipe with PTMT Nuts, collar and bush (15 mm nominal bore with 30cm length)",item,each,105.71,INR,Reinforcement,CPWD Delhi Schedule of Rates 2021 Vol-II
IN,18.74.2,"Providing and fixing unpalsticised P.V.C. connection pipe with PTMT Nuts, collar and bush (15 mm nominal bore with 45 cm length)",item,each,133.41,INR,Reinforcement,CPWD Delhi Schedule of Rates 2021 Vol-II
IN,18.75.1,Providing and fixing PTMT extension nipple for water tank pipe (15 mm nominal bore),item,each,53.23,INR,Reinforcement,CPWD Delhi Schedule of Rates 2021 Vol-II
IN,18.75.2,Providing and fixing PTMT extension nipple for water tank pipe (20 mm nominal bore),item,each,94.58,INR,Reinforcement,CPWD Delhi Schedule of Rates 2021 Vol-II
IN,18.75.3,Providing and fixing PTMT extension nipple for water tank pipe (25mm nominal bore),item,each,124.32,INR,Reinforcement,CPWD Delhi Schedule of Rates 2021 Vol-II
IN,26.29.1,Cleaning of reinforcement from rust (Bars upto 12 mm diameter),m,metre,8.22,INR,Reinforcement,CPWD Delhi Schedule of Rates 2021 Vol-II
IN,26.29.2,Cleaning of reinforcement from rust (Bars above 12 mm diameter),m,metre,16.51,INR,Reinforcement,CPWD Delhi Schedule of Rates 2021 Vol-II
IN,14.87,Providing and laying in situ five course water proofing treatment with APP modified Polymeric membrane over roof,m2,sqm,760.39,INR,Waterproofing,CPWD Delhi Schedule of Rates 2021 Vol-II
IN,14.88,Providing and laying in situ seven course water proofing treatment with APP modified Polymeric membrane over roof (2mm thick),m2,sqm,760.39,INR,Waterproofing,CPWD Delhi Schedule of Rates 2021 Vol-II
IN,14.89.1,Providing and fixing APP modified prefabricated five layer 2 mm thick water proofing membrane (for corrugated roof sheets),m2,sqm,562.31,INR,Waterproofing,CPWD Delhi Schedule of Rates 2021 Vol-II
IN,14.90.1,"Providing and laying APP modified prefabricated five layer, 3mm thick water proofing membrane",m2,sqm,660.36,INR,Waterproofing,CPWD Delhi Schedule of Rates 2021 Vol-II
IN,14.91.1,Providing and laying APP modified prefabricated five layer 3mm thick water proofing membrane (reinforced with non-woven polyester matt),m2,sqm,696.71,INR,Waterproofing,CPWD Delhi Schedule of Rates 2021 Vol-II
IN,14.92,"Extra for covering top of membrane with Geotextile, 120 gsm non woven",m2,sqm,127.97,INR,Waterproofing,CPWD Delhi Schedule of Rates 2021 Vol-II
IN,15.43.2,Dismantling (bituminous road),m2,sqm,437.25,INR,Waterproofing,CPWD Delhi Schedule of Rates 2021 Vol-II
IN,15.59,Dismantling of flexible pavement (bituminous courses) by mechanical means,m3,cum,430.16,INR,Waterproofing,CPWD Delhi Schedule of Rates 2021 Vol-II
IN,16.13.1,Cutting road and making good the same (bituminous portion),m3,cum,5141.22,INR,Waterproofing,CPWD Delhi Schedule of Rates 2021 Vol-II
IN,16.30.2,Providing and applying tack coat using hot straight run bitumen of grade VG - 10 (On bituminous surface @ 0.50 Kg / sqm),m2,sqm,45.25,INR,Waterproofing,CPWD Delhi Schedule of Rates 2021 Vol-II
IN,16.31.1.2,Providing and applying tack coat using bitumen emulsion (On bituminous surface @ 0.25kg/sqm),m2,sqm,9.77,INR,Waterproofing,CPWD Delhi Schedule of Rates 2021 Vol-II
IN,16.31.2.2,Providing and applying tack coat using medium setting bitumen emulsion (On bituminous surface @ 0.25kg/sqm),m2,sqm,13.41,INR,Waterproofing,CPWD Delhi Schedule of Rates 2021 Vol-II
IN,16.54.1,Providing and laying Dense Graded Bituminous Macadam (prepared in Batch Type Hot Mix Plant),m3,cum,12380.1,INR,Waterproofing,CPWD Delhi Schedule of Rates 2021 Vol-II
IN,16.54.2,Providing and laying Dense Graded Bituminous Macadam (prepared in Drum Type Hot Mix Plant),m3,cum,12278.26,INR,Waterproofing,CPWD Delhi Schedule of Rates 2021 Vol-II
IN,16.55.1,Providing and laying bituminous macadam (prepared in Batch Type Hot Mix Plant),m3,cum,9589.99,INR,Waterproofing,CPWD Delhi Schedule of Rates 2021 Vol-II
IN,16.55.2,Providing and laying bituminous macadam (prepared in Drum Type Hot Mix Plant),m3,cum,9493.18,INR,Waterproofing,CPWD Delhi Schedule of Rates 2021 Vol-II
IN,16.77,Scarifying the existing bituminous road surface to a depth of 50 mm,m2,sqm,7.23,INR,Waterproofing,CPWD Delhi Schedule of Rates 2021 Vol-II
IN,22.12,Supplying and applying bituminous solution primer on roof and / or wall surface,m2,sqm,62.13,INR,Waterproofing,CPWD Delhi Schedule of Rates 2021 Vol-II
IN,22.22A,Providing and applying fibre reinforced elastomeric liquid water proofing membrane,m2,sqm,586.24,INR,Waterproofing,CPWD Delhi Schedule of Rates 2021 Vol-II
IN,22.23.1,Providing and applying integral crystalline slurry for waterproofing treatment (For vertical surface),m2,sqm,502.29,INR,Waterproofing,CPWD Delhi Schedule of Rates 2021 Vol-II
IN,22.23.2,Providing and applying integral crystalline slurry for waterproofing treatment (For horizontal surface),m2,sqm,385.14,INR,Waterproofing,CPWD Delhi Schedule of Rates 2021 Vol-II
IN,22.23A,"Providing & Applying polymer modified, flexible cementatious negative side waterproofing coating",m2,sqm,645.65,INR,Waterproofing,CPWD Delhi Schedule of Rates 2021 Vol-II
IN,22.24,Providing and applying integral crystalline (dry shake) for waterproofing treatment,m2,sqm,328.58,INR,Waterproofing,CPWD Delhi Schedule of Rates 2021 Vol-II
IN,13.100.1,Painting with aluminium paint (One or more coats on old work),m2,sqm,98.17,INR,,CPWD Delhi Schedule of Rates 2021 Vol-II
IN,13.101.1,Painting with acid proof paint (One or more coats on old work),m2,sqm,112.82,INR,,CPWD Delhi Schedule of Rates 2021 Vol-II
IN,13.102.1,Painting with black anti-corrosive bitumastic paint (One or more coats on old work),m2,sqm,95.27,INR,,CPWD Delhi Schedule of Rates 2021 Vol-II
IN,13.103.1,French spirit polishing (One or more coats on old work),m2,sqm,229.23,INR,,CPWD Delhi Schedule of Rates 2021 Vol-II
IN,13.104.1,Polishing on wood work with ready made wax polish (Old work),m2,sqm,102.56,INR,,CPWD Delhi Schedule of Rates 2021 Vol-II
IN,13.106,Painting with black Japan paint,m2,sqm,97.18,INR,,CPWD Delhi Schedule of Rates 2021 Vol-II
IN,13.107.1,Providing and fixing C.P. brass chain and rubber plug (32 mm dia),item,each,94.46,INR,,CPWD Delhi Schedule of Rates 2021 Vol-II
IN,13.107.2,Providing and fixing C.P. brass chain and rubber plug (40 mm dia),item,each,94.46,INR,,CPWD Delhi Schedule of Rates 2021 Vol-II
IN,13.108.1,"Distempering with 1st quality acrylic distemper (Old work, one or more coats)",m2,sqm,62.57,INR,,CPWD Delhi Schedule of Rates 2021 Vol-II
IN,13.109.1,"Finishing walls with water proofing cement paint (Old work, one or more coats over priming coat)",m2,sqm,116.41,INR,,CPWD Delhi Schedule of Rates 2021 Vol-II
IN,13.109.2,"Finishing walls with water proofing cement paint (Old work, one or more coats)",m2,sqm,78.2,INR,,CPWD Delhi Schedule of Rates 2021 Vol-II
IN,13.110.1,"Finishing walls with textured exterior paint (Old work, Two or more coats)",m2,sqm,236.64,INR,,CPWD Delhi Schedule of Rates 2021 Vol-II
IN,13.110.2,"Finishing walls with textured exterior paint (Old work, One or more coats)",m2,sqm,146.96,INR,,CPWD Delhi Schedule of Rates 2021 Vol-II
IN,13.111.1,"Finishing walls with Acrylic Smooth exterior paint (Old work, Two or more coat)",m2,sqm,137.99,INR,,CPWD Delhi Schedule of Rates 2021 Vol-II
IN,13.111.2,"Finishing walls with Acrylic Smooth exterior paint (Old work, One or more coat)",m2,sqm,92.42,INR,,CPWD Delhi Schedule of Rates 2021 Vol-II
IN,13.112.1,"Finishing walls with Premium Acrylic Smooth exterior paint with Silicone additives (Old work, Two or more coats)",m2,sqm,134.28,INR,,CPWD Delhi Schedule of Rates 2021 Vol-II
IN,13.112.2,"Finishing walls with Premium Acrylic Smooth exterior paint with Silicone additives (Old work, one or more coats)",m2,sqm,91.62,INR,,CPWD Delhi Schedule of Rates 2021 Vol-II
IN,13.113.1,Varnishing with varnish (One or more coats with copal varnish),m2,sqm,98.23,INR,,CPWD Delhi Schedule of Rates 2021 Vol-II
IN,13.113.2,Varnishing with varnish (One or more coats with spar varnish),m2,sqm,98.72,INR,,CPWD Delhi Schedule of Rates 2021 Vol-II
IN,13.114,Melamine polishing on wood work (one or more coat),m2,sqm,146.34,INR,,CPWD Delhi Schedule of Rates 2021 Vol-II
IN,13.115,Varnishing with flatting varnish one or more coats on old work,m2,sqm,102.56,INR,,CPWD Delhi Schedule of Rates 2021 Vol-II
IN,13.116,Polishing in high gloss/matt finish melamine clear polish on wood work,m2,sqm,1429.86,INR,,CPWD Delhi Schedule of Rates 2021 Vol-II
IN,13.18,Neat cement punning,m2,sqm,83.83,INR,,CPWD Delhi Schedule of Rates 2021 Vol-II
IN,13.33.1,Pointing on stone work with cement mortar 1:3 (Flush/ Ruled pointing),m2,sqm,394.85,INR,,CPWD Delhi Schedule of Rates 2021 Vol-II
IN,13.33.2,Pointing on stone work with cement mortar 1:3 (Raised and cut pointing),m2,sqm,717.44,INR,,CPWD Delhi Schedule of Rates 2021 Vol-II
IN,13.34,Raised and cut pointing on stone work in white cement mortar 1:3,m2,sqm,738.89,INR,,CPWD Delhi Schedule of Rates 2021 Vol-II
IN,13.35.1,Pointing on stone slab ceiling with cement mortar 1:2 (Flush/ Ruled pointing),m2,sqm,219.89,INR,,CPWD Delhi Schedule of Rates 2021 Vol-II
IN,13.36,Extra for pointing on walls on the outside at height more than 10 m from ground level for every additional height of 3 m or part there of,m2,sqm,9.4,INR,,CPWD Delhi Schedule of Rates 2021 Vol-II
IN,13.37.1,"White washing with lime to give an even shade (New work, three or more coats)",m2,sqm,40.12,INR,,CPWD Delhi Schedule of Rates 2021 Vol-II
IN,13.38,Satna lime wash on walls with one coat,m2,sqm,16.2,INR,,CPWD Delhi Schedule of Rates 2021 Vol-II
IN,13.39.1,"Colour washing such as green, blue or buff to give an even shade (New work, two or more coats with a base coat of white washing with lime)",m2,sqm,54.71,INR,,CPWD Delhi Schedule of Rates 2021 Vol-II
IN,13.39.2,"Colour washing such as green, blue or buff to give an even shade (New work, two or more coats with a base coat of whiting)",m2,sqm,54.16,INR,,CPWD Delhi Schedule of Rates 2021 Vol-II
IN,13.41.1,"Distempering with oil bound washable distemper (New work, two or more coats over and including water thinnable priming coat with cement primer)",m2,sqm,200.98,INR,,CPWD Delhi Schedule of Rates 2021 Vol-II
IN,13.42.1,Distempering with 1st quality acrylic distemper (Two or more coats on new work),m2,sqm,114.68,INR,,CPWD Delhi Schedule of Rates 2021 Vol-II
IN,13.43.1,Applying one coat of water thinnable cement primer on wall surface,m2,sqm,79.69,INR,,CPWD Delhi Schedule of Rates 2021 Vol-II
IN,13.44.1,"Finishing walls with water proofing cement paint (New work, Two or more coats applied @ 3.84 kg/10 sqm)",m2,sqm,120.67,INR,,CPWD Delhi Schedule of Rates 2021 Vol-II
IN,13.45.1,"Finishing walls with textured exterior paint (New work, Two or more coats applied @ 3.28 ltr/10 sqm over and including priming coat of exterior primer applied @ 2.20kg/10 sqm)",m2,sqm,302.92,INR,,CPWD Delhi Schedule of Rates 2021 Vol-II
IN,13.46.1,"Finishing walls with Acrylic Smooth exterior paint (New work, Two or more coat applied @ 1.67 ltr/10 sqm over and including priming coat of exterior primer applied @ 2.20 kg/10 sqm)",m2,sqm,206.3,INR,,CPWD Delhi Schedule of Rates 2021 Vol-II
IN,13.47.1,"Finishing walls with Premium Acrylic Smooth exterior paint with Silicone additives (New work, Two or more coats applied @ 1.43 ltr/10 sqm over and including priming coat of exterior primer applied @ 2.20 kg/10 sqm)",m2,sqm,200.73,INR,,CPWD Delhi Schedule of Rates 2021 Vol-II
IN,13.48.1,Finishing with Deluxe Multi surface paint system (Two or more coats applied on walls @ 1.25 ltr/10 sqm over and including one coat of Special primer applied @ 0.75 ltr/10 sqm),m2,sqm,196.53,INR,,CPWD Delhi Schedule of Rates 2021 Vol-II
IN,13.48.2,Painting wood work with Deluxe Multi Surface Paint (Two or more coat applied @ 0.90 ltr/10 sqm over an under coat of primer applied @0.75 ltr/10 sqm),m2,sqm,179.16,INR,,CPWD Delhi Schedule of Rates 2021 Vol-II
IN,13.48.3,Painting Steel work with Deluxe Multi Surface Paint (Two or more coat applied @ 0.90 ltr/ 10 sqm over an under coat of primer applied @ 0.80 ltr/ 10 sqm),m2,sqm,173.16,INR,,CPWD Delhi Schedule of Rates 2021 Vol-II
IN,13.48A.1,"Finishing walls with 100% Premium acrylic emulsion paint (New work, Two or more coats applied @ 1.43 litre/ 10 sqm. Over and including priming coat of exterior primer applied @ 0.90 litre/10 sqm)",m2,sqm,190.97,INR,,CPWD Delhi Schedule of Rates 2021 Vol-II
IN,13.50.1,Applying priming coat with ready mixed pink or Grey primer on wood work,m2,sqm,75.98,INR,,CPWD Delhi Schedule of Rates 2021 Vol-II
IN,13.50.2,Applying priming coat with ready mixed aluminium primer on resinous wood and plywood,m2,sqm,77.83,INR,,CPWD Delhi Schedule of Rates 2021 Vol-II
IN,13.50.3,Applying priming coat with ready mixed red oxide zinc chromate primer on steel galvanised iron/ steel works,m2,sqm,68.62,INR,,CPWD Delhi Schedule of Rates 2021 Vol-II
IN,13.50.4,Applying priming coat with ready mixed red oxide zinc chromate primer on steel work (second coat),m2,sqm,36.78,INR,,CPWD Delhi Schedule of Rates 2021 Vol-II
IN,13.51.1,Painting with silicon & acrylic emulsion based water thinnable sealer (One coat),m2,sqm,103.24,INR,,CPWD Delhi Schedule of Rates 2021 Vol-II
IN,13.51.2,Painting with silicon & acrylic emulsion based water thinnable sealer (Two coats),m2,sqm,164.01,INR,,CPWD Delhi Schedule of Rates 2021 Vol-II
IN,13.52.1,Finishing with Epoxy paint (On steel work),m2,sqm,249.38,INR,,CPWD Delhi Schedule of Rates 2021 Vol-II
IN,13.53.1,Painting on G.S. sheet with synthetic enamel paint (New work),m2,sqm,185.71,INR,,CPWD Delhi Schedule of Rates 2021 Vol-II
IN,13.54.1,Applying a coat of mordant solution on G.S. sheet (With a solution of 38 gms of copper acetate in a litre of soft water),m2,sqm,65.16,INR,,CPWD Delhi Schedule of Rates 2021 Vol-II
IN,13.54.2,Applying a coat of mordant solution on G.S. sheet (With a solution made of 13 gms of hydrochloric acid...),m2,sqm,64.91,INR,,CPWD Delhi Schedule of Rates 2021 Vol-II
IN,13.57.1,"Painting with oil type wood preservative (New work, two or more coats)",m2,sqm,58.23,INR,,CPWD Delhi Schedule of Rates 2021 Vol-II
IN,13.58,Providing and applying two coats of fire retardant paint on cleaned wood / ply surface,m2,sqm,353.36,INR,,CPWD Delhi Schedule of Rates 2021 Vol-II
IN,13.59,Coal tarring two coats on new work,m2,sqm,68.68,INR,,CPWD Delhi Schedule of Rates 2021 Vol-II
IN,13.60.1,Wall painting with acrylic emulsion paint (Two or more coats on new work),m2,sqm,170.44,INR,,CPWD Delhi Schedule of Rates 2021 Vol-II
IN,13.61.1,Painting with synthetic enamel paint (Two or more coats on new work),m2,sqm,162.53,INR,,CPWD Delhi Schedule of Rates 2021 Vol-II
IN,13.62.1,Painting with synthetic enamel paint of required colour (Two or more coats on new work over an under coat of suitable shade with ordinary paint),m2,sqm,236.64,INR,,CPWD Delhi Schedule of Rates 2021 Vol-II
IN,13.63.1,Painting with aluminium paint (Two or more coats on new work),m2,sqm,172.17,INR,,CPWD Delhi Schedule of Rates 2021 Vol-II
IN,13.64.1,Painting with acid proof paint (Two or more coats on new work),m2,sqm,172.17,INR,,CPWD Delhi Schedule of Rates 2021 Vol-II
IN,13.65.1,Painting with black anti-corrosive bitumastic paint (Two or more coats on new work),m2,sqm,142.31,INR,,CPWD Delhi Schedule of Rates 2021 Vol-II
IN,13.67.1,Varnishing with varnish (Two or more coats of glue sizing with copal varnish over an under coat of flatting varnish),m2,sqm,244.06,INR,,CPWD Delhi Schedule of Rates 2021 Vol-II
IN,13.67.2,Varnishing with varnish (Two or more coats glue sizing with spar varnish or an under coat of flatting varnish),m2,sqm,245.05,INR,,CPWD Delhi Schedule of Rates 2021 Vol-II
IN,13.68.1,French spirit polishing (Two or more coats on new works including a coat of wood filler),m2,sqm,455.37,INR,,CPWD Delhi Schedule of Rates 2021 Vol-II
IN,13.69.1,Polishing on wood work with ready mixed wax polish (New work),m2,sqm,202.96,INR,,CPWD Delhi Schedule of Rates 2021 Vol-II
IN,13.76,Forming groove of uniform size from 12x12 mm and upto 25x15 mm,m,metre,109.67,INR,,CPWD Delhi Schedule of Rates 2021 Vol-II
IN,13.80,Providing and applying white cement based putty of average thickness 1 mm,m2,sqm,153.13,INR,,CPWD Delhi Schedule of Rates 2021 Vol-II
IN,13.81.1,Distempering with 1st quality acrylic distemper (One coat),m2,sqm,67.69,INR,,CPWD Delhi Schedule of Rates 2021 Vol-II
IN,13.81.2,Distempering with 1st quality acrylic distemper (Two coats),m2,sqm,111.34,INR,,CPWD Delhi Schedule of Rates 2021 Vol-II
IN,13.82.1,Wall painting with acrylic emulsion paint (One coat),m2,sqm,96.44,INR,,CPWD Delhi Schedule of Rates 2021 Vol-II
IN,13.82.2,Wall painting with acrylic emulsion paint (Two coats),m2,sqm,143.48,INR,,CPWD Delhi Schedule of Rates 2021 Vol-II
IN,13.83.1,Wall painting with premium acrylic emulsion paint of interior grade (One coat),m2,sqm,99.22,INR,,CPWD Delhi Schedule of Rates 2021 Vol-II
IN,13.83.2,Wall painting with premium acrylic emulsion paint of interior grade (Two coats),m2,sqm,150.28,INR,,CPWD Delhi Schedule of Rates 2021 Vol-II
IN,13.85.1,Applying priming coats with primer (With ready mixed pink or grey primer on wood work),m2,sqm,75.98,INR,,CPWD Delhi Schedule of Rates 2021 Vol-II
IN,13.85.3,Applying priming coats with primer (With water thinnable cement primer on wall surface),m2,sqm,79.69,INR,,CPWD Delhi Schedule of Rates 2021 Vol-II
IN,13.87.1,"White washing with lime (Old work, two or more coats)",m2,sqm,23.49,INR,,CPWD Delhi Schedule of Rates 2021 Vol-II
IN,13.87.2,"White washing with lime (Old work, one or more coats)",m2,sqm,14.34,INR,,CPWD Delhi Schedule of Rates 2021 Vol-II
IN,13.88,Removing white or colour wash by scrapping and sand papering,m2,sqm,20.22,INR,,CPWD Delhi Schedule of Rates 2021 Vol-II
IN,13.90.1,"Distempering with 1st quality acrylic distemper (Old work, one or more coats)",m2,sqm,70.23,INR,,CPWD Delhi Schedule of Rates 2021 Vol-II
IN,13.91,"Removing dry or oil bound distemper, water proofing cement paint and the like",m2,sqm,25.78,INR,,CPWD Delhi Schedule of Rates 2021 Vol-II
IN,13.92.1,"Painting on G.S. sheet with synthetic enamel paint (Old work, one or more coats)",m2,sqm,95.45,INR,,CPWD Delhi Schedule of Rates 2021 Vol-II
IN,13.97.1,"Painting with oil type wood preservative (Old work, one or more coats)",m2,sqm,44.26,INR,,CPWD Delhi Schedule of Rates 2021 Vol-II
IN,13.98.1,Wall painting with plastic emulsion paint (One or more coats on old work),m2,sqm,112.33,INR,,CPWD Delhi Schedule of Rates 2021 Vol-II
IN,13.99.1,Painting with synthetic enamel paint (One or more coats on old work),m2,sqm,107.01,INR,,CPWD Delhi Schedule of Rates 2021 Vol-II
IN,14.10,Refixing old glass panes with putty and nails,m2,sqm,745.61,INR,,CPWD Delhi Schedule of Rates 2021 Vol-II
IN,14.11,Fixing old glass panes with wooden fillets (excluding cost of fillets),m2,sqm,693.13,INR,,CPWD Delhi Schedule of Rates 2021 Vol-II
IN,14.12,Providing and fixing 16 mm M.S. Fan clamps in existing R.C.C. slab,item,each,579.13,INR,,CPWD Delhi Schedule of Rates 2021 Vol-II
IN,14.14,Replacing sand stone slabs in roofing,m2,sqm,1358.99,INR,,CPWD Delhi Schedule of Rates 2021 Vol-II
IN,14.15,Renewing wooden battens in roofs,m3,cum,114013,INR,,CPWD Delhi Schedule of Rates 2021 Vol-II
IN,14.16.1.1,"Renewing wooden beams in roofs (Sal wood, not exceeding 4.00 metres)",m3,cum,119609.9,INR,,CPWD Delhi Schedule of Rates 2021 Vol-II
IN,14.16.1.2,"Renewing wooden beams in roofs (Hollock wood, not exceeding 4.00 metres)",m3,cum,78188.58,INR,,CPWD Delhi Schedule of Rates 2021 Vol-II
IN,14.16.2.1,"Renewing wooden beams in roofs (Sal wood, above 4.00 metres and upto 5.00 metres)",m3,cum,122418.19,INR,,CPWD Delhi Schedule of Rates 2021 Vol-II
IN,14.16.2.2,"Renewing wooden beams in roofs (Hollock wood, above 4.00 metres and upto 5.00 metres)",m3,cum,80989.9,INR,,CPWD Delhi Schedule of Rates 2021 Vol-II
IN,14.17,Raking out joints in lime or cement mortar and preparing the surface,m2,sqm,73.88,INR,,CPWD Delhi Schedule of Rates 2021 Vol-II
IN,14.19,Taking out wind ties from roof,t,kg,0.0055,INR,,CPWD Delhi Schedule of Rates 2021 Vol-II
IN,14.2.1,Fixing chowkhats in existing opening (Door chowkhats),item,each,1861.15,INR,,CPWD Delhi Schedule of Rates 2021 Vol-II
IN,14.2.2,Fixing chowkhats in existing opening (Window chowkhats),item,each,1172.17,INR,,CPWD Delhi Schedule of Rates 2021 Vol-II
IN,14.2.3,Fixing chowkhats in existing opening (Clerestory window chowkhats),item,each,881.37,INR,,CPWD Delhi Schedule of Rates 2021 Vol-II
IN,14.21,Renewing bottom rail and/or top runner of collapsible gate,t,kg,0.3043,INR,,CPWD Delhi Schedule of Rates 2021 Vol-II
IN,14.24,Mud mortar made with local clay good earth,m3,cum,1017.74,INR,,CPWD Delhi Schedule of Rates 2021 Vol-II
IN,14.28.1,Providing and fixing brass curtain rods (20 mm diameter),m,metre,364.99,INR,,CPWD Delhi Schedule of Rates 2021 Vol-II
IN,14.28.2,Providing and fixing brass curtain rods (25 mm diameter),m,metre,447.7,INR,,CPWD Delhi Schedule of Rates 2021 Vol-II
IN,14.29,Providing and fixing M.S. round or square bars with M.S. flats in wooden frames,t,kg,0.1233,INR,,CPWD Delhi Schedule of Rates 2021 Vol-II
IN,14.30.1,Providing joists (karires) (Sal wood),m3,cum,112693.6,INR,,CPWD Delhi Schedule of Rates 2021 Vol-II
IN,14.30.2,Providing joists (karires) (Hollock wood),m3,cum,71691.91,INR,,CPWD Delhi Schedule of Rates 2021 Vol-II
IN,14.31.1,Providing and fixing bright finished brass single acting spring hinges (150 mm),item,each,806.63,INR,,CPWD Delhi Schedule of Rates 2021 Vol-II
IN,14.31.2,Providing and fixing bright finished brass single acting spring hinges (125 mm),item,each,575.05,INR,,CPWD Delhi Schedule of Rates 2021 Vol-II
IN,14.31.3,Providing and fixing bright finished brass single acting spring hinges (100 mm),item,each,510.57,INR,,CPWD Delhi Schedule of Rates 2021 Vol-II
IN,14.32.1,Providing and fixing bright finished brass double acting spring hinges (150 mm),item,each,897.63,INR,,CPWD Delhi Schedule of Rates 2021 Vol-II
IN,14.32.2,Providing and fixing bright finished brass double acting spring hinges (125 mm),item,each,765.27,INR,,CPWD Delhi Schedule of Rates 2021 Vol-II
IN,14.32.3,Providing and fixing bright finished brass double acting spring hinges (100 mm),item,each,742.15,INR,,CPWD Delhi Schedule of Rates 2021 Vol-II
IN,14.33.1,Providing and fixing bright finished brass flush bolts (250 mm),item,each,285.3,INR,,CPWD Delhi Schedule of Rates 2021 Vol-II
IN,14.33.2,Providing and fixing bright finished brass flush bolts (150 mm),item,each,247.96,INR,,CPWD Delhi Schedule of Rates 2021 Vol-II
IN,14.33.3,Providing and fixing bright finished brass flush bolts (100 mm),item,each,181.81,INR,,CPWD Delhi Schedule of Rates 2021 Vol-II
IN,14.34,Providing and fixing 150 mm bright finished floor brass door stopper,item,each,288.21,INR,,CPWD Delhi Schedule of Rates 2021 Vol-II
IN,14.35.1,Providing and fixing bright finished brass hard drawn hooks and eyes (300 mm),item,each,107.38,INR,,CPWD Delhi Schedule of Rates 2021 Vol-II
IN,14.35.2,Providing and fixing bright finished brass hard drawn hooks and eyes (250 mm),item,each,103.05,INR,,CPWD Delhi Schedule of Rates 2021 Vol-II
IN,14.35.3,Providing and fixing bright finished brass hard drawn hooks and eyes (200 mm),item,each,92.48,INR,,CPWD Delhi Schedule of Rates 2021 Vol-II
IN,14.35.4,Providing and fixing bright finished brass hard drawn hooks and eyes (150 mm),item,each,74.25,INR,,CPWD Delhi Schedule of Rates 2021 Vol-II
IN,14.35.5,Providing and fixing bright finished brass hard drawn hooks and eyes (100 mm),item,each,65.16,INR,,CPWD Delhi Schedule of Rates 2021 Vol-II
IN,14.36,Providing and fixing bright finished brass fan light pivot,item,each,49.7,INR,,CPWD Delhi Schedule of Rates 2021 Vol-II
IN,14.37,Providing and fixing 300 mm long bright finished brass chain with hook for fan light,item,each,79.44,INR,,CPWD Delhi Schedule of Rates 2021 Vol-II
IN,14.38,Providing and fixing bright finished brass quadrant stay 300 mm long,item,each,201.84,INR,,CPWD Delhi Schedule of Rates 2021 Vol-II
IN,14.39,Providing and fixing bright finished brass helical door spring (superior quality),item,each,572.14,INR,,CPWD Delhi Schedule of Rates 2021 Vol-II
IN,14.40,Providing and fixing chromium plated brass butt hinges,item,each,212.91,INR,,CPWD Delhi Schedule of Rates 2021 Vol-II
IN,14.40.1,Providing and fixing chromium plated brass butt hinges (125x70x4 mm ordinary type),item,each,182.62,INR,,CPWD Delhi Schedule of Rates 2021 Vol-II
IN,14.40.2,Providing and fixing chromium plated brass butt hinges (100x70x4 mm ordinary type),item,each,203.02,INR,,CPWD Delhi Schedule of Rates 2021 Vol-II
IN,14.40.3,Providing and fixing chromium plated brass butt hinges (75x65x4 mm heavy type),item,each,122.9,INR,,CPWD Delhi Schedule of Rates 2021 Vol-II
IN,14.40.4,Providing and fixing chromium plated brass butt hinges (75x40x2.5 mm ordinary type),item,each,51.06,INR,,CPWD Delhi Schedule of Rates 2021 Vol-II
IN,14.41,Providing and fixing 85x42 mm chromium plated brass pull bolt lock,item,each,316.27,INR,,CPWD Delhi Schedule of Rates 2021 Vol-II
IN,14.5.1,"Renewing glass panes, with putty and nails (Float glass panes 4 mm)",m2,sqm,1164.63,INR,,CPWD Delhi Schedule of Rates 2021 Vol-II
IN,14.5.2,"Renewing glass panes, with putty and nails (Float glass panes 5 mm)",m2,sqm,1539.51,INR,,CPWD Delhi Schedule of Rates 2021 Vol-II
IN,14.6.1,"Renewing glass panes, with wooden fillets (Float glass panes 4 mm)",m2,sqm,1670.56,INR,,CPWD Delhi Schedule of Rates 2021 Vol-II
IN,14.6.2,"Renewing glass panes, with wooden fillets (Float glass panes 5 mm)",m2,sqm,2045.38,INR,,CPWD Delhi Schedule of Rates 2021 Vol-II
IN,14.7.1,Renewing glass panes and refining existing wooden fillets (Float glass panes 4 mm),m2,sqm,1304.65,INR,,CPWD Delhi Schedule of Rates 2021 Vol-II
IN,14.7.2,Renewing glass panes and refining existing wooden fillets (Float glass panes 5 mm),m2,sqm,1679.47,INR,,CPWD Delhi Schedule of Rates 2021 Vol-II
IN,14.72,Providing and fixing double scaffolding system (cup lock type),m2,sqm,117.46,INR,,CPWD Delhi Schedule of Rates 2021 Vol-II
IN,14.73,Providing and fixing bright finished brass casement window fasteners or peg stays,t,kg,0.5988,INR,,CPWD Delhi Schedule of Rates 2021 Vol-II
IN,14.74,Providing and fixing 14mm bright finished brass spring catch to steel centre hung ventilators,item,each,73.44,INR,,CPWD Delhi Schedule of Rates 2021 Vol-II
IN,14.76,Cleaning and desilting of gully trap chamber,item,each,110.6,INR,,CPWD Delhi Schedule of Rates 2021 Vol-II
IN,14.77,Cleaning of chocked sewer line by diesel running vehicle mounting hydraulic operated high pressure suction cum jetting sewer cleaning machine,m,metre,353.49,INR,,CPWD Delhi Schedule of Rates 2021 Vol-II
IN,14.78,"Cleaning of under ground sump, Over Head R.C.C. Tank",m2,sqm,88.16,INR,,CPWD Delhi Schedule of Rates 2021 Vol-II
IN,14.79,Disconnecting damaged overhead/terrace PVC water storage tank,item,each,442.08,INR,,CPWD Delhi Schedule of Rates 2021 Vol-II
IN,14.8.1,Supplying and fixing new wooden fillets (2nd class teak wood fillets),m,metre,81.67,INR,,CPWD Delhi Schedule of Rates 2021 Vol-II
IN,14.8.2,Supplying and fixing new wooden fillets (Hollock wood fillets),m,metre,73.38,INR,,CPWD Delhi Schedule of Rates 2021 Vol-II
IN,14.82,Dismantling W.C. Pan of all sizes,item,each,136.87,INR,,CPWD Delhi Schedule of Rates 2021 Vol-II
IN,14.83,Hacking of CC flooring including cleaning for surface,m2,sqm,3.52,INR,,CPWD Delhi Schedule of Rates 2021 Vol-II
IN,14.86,Providing and laying in situ seven course water proofing treatment with APP modified Polymeric memberane over roof,m2,sqm,760.39,INR,,CPWD Delhi Schedule of Rates 2021 Vol-II
IN,14.9,Renewal of old putty of glass panes (length),m,metre,57.37,INR,,CPWD Delhi Schedule of Rates 2021 Vol-II
IN,14.93,Providing round the clock security guard without gun for watch & ward of Government premises,item,each job,1331.97,INR,,CPWD Delhi Schedule of Rates 2021 Vol-II
IN,14.94,Providing round the clock security guard with gun for watch & ward of Government premises,item,each job,1446.15,INR,,CPWD Delhi Schedule of Rates 2021 Vol-II
IN,15.10.1,Dismantling dressed stone work (In lime mortar),m3,cum,1492.64,INR,,CPWD Delhi Schedule of Rates 2021 Vol-II
IN,15.10.2,Dismantling dressed stone work (In cement mortar),m3,cum,2933.11,INR,,CPWD Delhi Schedule of Rates 2021 Vol-II
IN,15.11.1,Removing mortar from and cleaning stones (In lime mortar),m3,cum,487.7,INR,,CPWD Delhi Schedule of Rates 2021 Vol-II
IN,15.11.2,Removing mortar from and cleaning stones (In cement mortar),m3,cum,702.46,INR,,CPWD Delhi Schedule of Rates 2021 Vol-II
IN,15.14.1,"Dismantling wood work in frames, trusses, purlins and rafters (Of sectional area 40 sq cm and above)",m3,cum,4543.15,INR,,CPWD Delhi Schedule of Rates 2021 Vol-II
IN,15.14.2,"Dismantling wood work in frames, trusses, purlins and rafters (Of sectional area below 40 sq cm)",m,metre,18.18,INR,,CPWD Delhi Schedule of Rates 2021 Vol-II
IN,15.17.1,Dismantling steel work in single sections (R.S. Joists),t,kg,0.0035,INR,,CPWD Delhi Schedule of Rates 2021 Vol-II
IN,15.17.2,"Dismantling steel work in single sections (Channels, angles, tees and flats)",t,kg,0.0024,INR,,CPWD Delhi Schedule of Rates 2021 Vol-II
IN,15.18,Dismantling steel work in built up sections,t,kg,0.0057,INR,,CPWD Delhi Schedule of Rates 2021 Vol-II
IN,15.19,Dismantling steel work manually/ by mechanical means in built up sections without dismembering,t,kg,0.004,INR,,CPWD Delhi Schedule of Rates 2021 Vol-II
IN,15.22,Extra for marking of structural steel work required to be re-erected,t,kg,0.0047,INR,,CPWD Delhi Schedule of Rates 2021 Vol-II
IN,15.23.1,Dismantling tile work in floors and roofs laid in cement mortar (For thickness of tiles 10mm to 25mm),m2,sqm,74.8,INR,,CPWD Delhi Schedule of Rates 2021 Vol-II
IN,15.23.2,Dismantling tile work in floors and roofs laid in cement mortar (For thickness of tiles above 25mm and up to 40mm),m2,sqm,115.48,INR,,CPWD Delhi Schedule of Rates 2021 Vol-II
IN,15.25,Dismantling stone slab flooring laid in cement mortar,m2,sqm,271.69,INR,,CPWD Delhi Schedule of Rates 2021 Vol-II
IN,15.27,Demolishing mud phaska in terracing,m3,cum,931.94,INR,,CPWD Delhi Schedule of Rates 2021 Vol-II
IN,15.28.1,"Dismantling roofing including ridges, hips, valleys and gutters etc. (G.S. Sheet)",m2,sqm,168.15,INR,,CPWD Delhi Schedule of Rates 2021 Vol-II
IN,15.28.2,"Dismantling roofing including ridges, hips, valleys and gutters etc. (Asbestos Cement sheet)",m2,sqm,78.82,INR,,CPWD Delhi Schedule of Rates 2021 Vol-II
IN,15.29,Dismantling stone slab roofing over wooden karries or R.C.C. battens,m3,cum,2717.15,INR,,CPWD Delhi Schedule of Rates 2021 Vol-II
IN,15.3,Demolishing R.C.C. work manually/ by mechanical means,m3,cum,3238.68,INR,,CPWD Delhi Schedule of Rates 2021 Vol-II
IN,15.30,Dismantling jack arch roofing and floors,m2,sqm,258.9,INR,,CPWD Delhi Schedule of Rates 2021 Vol-II
IN,15.31,"Dismantling tiled roofing with battens, boarding etc. complete",m2,sqm,214.09,INR,,CPWD Delhi Schedule of Rates 2021 Vol-II
IN,15.32,"Demolishing thatch roofing including mats, bamboo, jaffari etc.",m2,sqm,58.92,INR,,CPWD Delhi Schedule of Rates 2021 Vol-II
IN,15.33,Dismantling wooden ballies in posts and struts,m,metre,21.39,INR,,CPWD Delhi Schedule of Rates 2021 Vol-II
IN,15.34.2,"Dismantling and stacking, fencing posts or struts (R.C.C.)",item,each,253.23,INR,,CPWD Delhi Schedule of Rates 2021 Vol-II
IN,15.35,Cutting ballies or wooden posts of fencing,item,each,14.59,INR,,CPWD Delhi Schedule of Rates 2021 Vol-II
IN,15.36,Dismantling barbed wire or flexible wire rope in fencing,t,kg,0.0375,INR,,CPWD Delhi Schedule of Rates 2021 Vol-II
IN,15.37,Dismantling wooden trellis work excluding frames,m2,sqm,66.15,INR,,CPWD Delhi Schedule of Rates 2021 Vol-II
IN,15.38,Dismantling expanded metal or I.R.C. fabrics,m2,sqm,77.28,INR,,CPWD Delhi Schedule of Rates 2021 Vol-II
IN,15.39.1,Dismantling wooden boardings in lining of walls and partitions (Up to 10 mm thick),m2,sqm,62.26,INR,,CPWD Delhi Schedule of Rates 2021 Vol-II
IN,15.39.2,Dismantling wooden boardings in lining of walls and partitions (Thickness above 10 mm up to 25 mm),m2,sqm,79.32,INR,,CPWD Delhi Schedule of Rates 2021 Vol-II
IN,15.39.3,Dismantling wooden boardings in lining of walls and partitions (Thickness above 25 mm up to 40 mm),m2,sqm,92.36,INR,,CPWD Delhi Schedule of Rates 2021 Vol-II
IN,15.4,Demolishing R.B. work manually/ by mechanical means,m3,cum,1170.99,INR,,CPWD Delhi Schedule of Rates 2021 Vol-II
IN,15.41,Dismantling cement asbestos or other hard board ceiling or partition walls,m2,sqm,57.49,INR,,CPWD Delhi Schedule of Rates 2021 Vol-II
IN,15.43.1,Dismantling (Water bound macadam road),m2,sqm,222.12,INR,,CPWD Delhi Schedule of Rates 2021 Vol-II
IN,15.49,Taking out C.I. cover with frame from R.C.C. top slab of inspection chambers,item,each,415.75,INR,,CPWD Delhi Schedule of Rates 2021 Vol-II
IN,15.50,Dismantling of R.C.C. spun vent shaft,item,each,4720.44,INR,,CPWD Delhi Schedule of Rates 2021 Vol-II
IN,15.51,Dismantling of road gully chamber,item,each,978.79,INR,,CPWD Delhi Schedule of Rates 2021 Vol-II
IN,15.54,Dismantling of spindle fire hydrant,item,each,739.44,INR,,CPWD Delhi Schedule of Rates 2021 Vol-II
IN,15.57,"Dismantling aluminium/ Gypsum partitions, doors, windows, fixed glazing and false ceiling",m2,sqm,57.49,INR,,CPWD Delhi Schedule of Rates 2021 Vol-II
IN,15.60,"Disposal of building rubbish / malba / similar unserviceable, dismantled or waste materials by mechanical means",m3,cum,271.21,INR,,CPWD Delhi Schedule of Rates 2021 Vol-II
IN,16.1,Preparation and consolidation of sub grade with power road roller of 8 to 12 tonne capacity,m2,sqm,223.17,INR,,CPWD Delhi Schedule of Rates 2021 Vol-II
IN,16.10,Making bajri path,m2,sqm,235,INR,,CPWD Delhi Schedule of Rates 2021 Vol-II
IN,16.11,Dry stone pitching 22.5 cm thick,m2,sqm,1016.45,INR,,CPWD Delhi Schedule of Rates 2021 Vol-II
IN,16.13.2,Cutting road and making good the same (Water bound macadam),m3,cum,3204.92,INR,,CPWD Delhi Schedule of Rates 2021 Vol-II
IN,16.14,Cutting bajri paths and making good the same,m2,sqm,300.27,INR,,CPWD Delhi Schedule of Rates 2021 Vol-II
IN,16.15.1,Supplying at site (R.C.C. Standards post/struts/rails/pales),m3,cum,35367.15,INR,,CPWD Delhi Schedule of Rates 2021 Vol-II
IN,16.15.2,Supplying at site (Welded steel wire fabric),t,kg,0.092,INR,,CPWD Delhi Schedule of Rates 2021 Vol-II
IN,16.16,Supplying and fixing turn buckles and straining bolts for barbed wire fencing,item,each set,301.38,INR,,CPWD Delhi Schedule of Rates 2021 Vol-II
IN,16.17.1,Fencing with R.C.C. post (With G.I. barbed wire),m,metre,15.39,INR,,CPWD Delhi Schedule of Rates 2021 Vol-II
IN,16.18.1,Fencing with angle iron post (With G.I. barbed wire),m,metre,24.23,INR,,CPWD Delhi Schedule of Rates 2021 Vol-II
IN,16.19,Supplying at site Angle iron post & strut of required size,t,kg,0.1236,INR,,CPWD Delhi Schedule of Rates 2021 Vol-II
IN,16.20,Welded steel wire fabric fencing,m2,sqm,68,INR,,CPWD Delhi Schedule of Rates 2021 Vol-II
IN,16.21,Engraving letters in hard stone,item,each,274.96,INR,,CPWD Delhi Schedule of Rates 2021 Vol-II
IN,16.22,Providing and fixing 15x15x90cm boundary stone of hard stone,item,each,274.96,INR,,CPWD Delhi Schedule of Rates 2021 Vol-II
IN,16.25,Surface dressing on new surface with paving bitumen of grade VG - 10,m2,sqm,220.25,INR,,CPWD Delhi Schedule of Rates 2021 Vol-II
IN,16.26,Surface dressing on new surface in two coats with bitumen of grade VG - 10,m2,sqm,306.63,INR,,CPWD Delhi Schedule of Rates 2021 Vol-II
IN,16.27,Surface dressing on old surface with hot bitumen of grade VG - 10,m2,sqm,170.44,INR,,CPWD Delhi Schedule of Rates 2021 Vol-II
IN,16.28,Surface dressing one coat on new surface with bitumen of specified grade,m2,sqm,209.95,INR,,CPWD Delhi Schedule of Rates 2021 Vol-II
IN,16.29,Surface dressing one coat on old surface with bitumen of specified grade,m2,sqm,132.85,INR,,CPWD Delhi Schedule of Rates 2021 Vol-II
IN,16.3.1,Supplying and stacking at site (90 mm to 45 mm size stone aggregate),m3,cum,2395.84,INR,,CPWD Delhi Schedule of Rates 2021 Vol-II
IN,16.3.10,Supplying and stacking at site (Moorum),m3,cum,1098.3,INR,,CPWD Delhi Schedule of Rates 2021 Vol-II
IN,16.3.2,Supplying and stacking at site (63 mm to 45 mm size stone aggregate),m3,cum,2008.68,INR,,CPWD Delhi Schedule of Rates 2021 Vol-II
IN,16.3.3,Supplying and stacking at site (53 mm to 22.4 mm size stone aggregate),m3,cum,2271.89,INR,,CPWD Delhi Schedule of Rates 2021 Vol-II
IN,16.3.6,Supplying and stacking at site (Stone screening 13.2 mm nominal size (Type A)),m3,cum,2306.37,INR,,CPWD Delhi Schedule of Rates 2021 Vol-II
IN,16.3.7,Supplying and stacking at site (Stone screening 11.2 mm nominal size (Type B)),m3,cum,2554.51,INR,,CPWD Delhi Schedule of Rates 2021 Vol-II
IN,16.3.8,Supplying and stacking at site (Red bajri),m3,cum,1925.64,INR,,CPWD Delhi Schedule of Rates 2021 Vol-II
IN,16.3.9,Supplying and stacking at site (Good earth),m3,cum,772.34,INR,,CPWD Delhi Schedule of Rates 2021 Vol-II
IN,16.30.1,Providing and applying tack coat using hot straight run bitumen of grade VG - 10 (On W.B.M. @ 0.75 Kg / sqm),m2,sqm,55.88,INR,,CPWD Delhi Schedule of Rates 2021 Vol-II
IN,16.31.1.1,Providing and applying tack coat using bitumen emulsion (On W.B.M / W.M.M. @ 0.4kg/sqm),m2,sqm,14.34,INR,,CPWD Delhi Schedule of Rates 2021 Vol-II
IN,16.31.2.1,Providing and applying tack coat using medium setting bitumen emulsion (On W.B.M / W.M.M. @ 0.4kg/sqm),m2,sqm,20.21,INR,,CPWD Delhi Schedule of Rates 2021 Vol-II
IN,16.32.1,2 cm premix carpet surfacing (With paving Asphalt grade VG - 10 heated and then mixed with solvent),m2,sqm,233.99,INR,,CPWD Delhi Schedule of Rates 2021 Vol-II
IN,16.32.2,2 cm premix carpet surfacing (With paving Asphalt grade VG - 30 with no solvent),m2,sqm,261.5,INR,,CPWD Delhi Schedule of Rates 2021 Vol-II
IN,16.32.3,2 cm premix carpet surfacing (With Refinery Modified Bitumen CRMB 55),m2,sqm,242.33,INR,,CPWD Delhi Schedule of Rates 2021 Vol-II
IN,16.33.1,2.5 cm premix carpet surfacing (With paving Asphalt grade VG - 10 heated and then mixed with solvent),m2,sqm,280.66,INR,,CPWD Delhi Schedule of Rates 2021 Vol-II
IN,16.33.2,2.5 cm premix carpet surfacing (With paving Asphalt grade VG - 30 with no solvent),m2,sqm,315.04,INR,,CPWD Delhi Schedule of Rates 2021 Vol-II
IN,16.33.3,2.5 cm premix carpet surfacing (With Refinery Modified Bitumen CRMB 55),m2,sqm,291.11,INR,,CPWD Delhi Schedule of Rates 2021 Vol-II
IN,16.34,2 cm premix carpet surfacing with bitumen emulsion,m2,sqm,210.44,INR,,CPWD Delhi Schedule of Rates 2021 Vol-II
IN,16.35,2.5 cm premix carpet surfacing with bitumen emulsion,m2,sqm,253.77,INR,,CPWD Delhi Schedule of Rates 2021 Vol-II
IN,16.36.1,Providing and laying Bitumen Penetration Macadam (For 50mm compacted thickness),m2,sqm,512.12,INR,,CPWD Delhi Schedule of Rates 2021 Vol-II
IN,16.36.2,Providing and laying Bitumen Penetration Macadam (For 75 mm compacted thickness),m2,sqm,756.12,INR,,CPWD Delhi Schedule of Rates 2021 Vol-II
IN,16.37.1,Providing and laying bitumen mastic wearing course (25 mm thick),m2,sqm,898.8,INR,,CPWD Delhi Schedule of Rates 2021 Vol-II
IN,16.37.2,Providing and laying bitumen mastic wearing course (40 mm thick),m2,sqm,1438.05,INR,,CPWD Delhi Schedule of Rates 2021 Vol-II
IN,16.38.1,2.5 cm thick bitumastic sheet with hot bitumen (With paving Asphalt grade VG-10),m2,sqm,352.37,INR,,CPWD Delhi Schedule of Rates 2021 Vol-II
IN,16.38.2,2.5 cm thick bitumastic sheet with hot bitumen (With paving Asphalt grade VG-30),m2,sqm,410.17,INR,,CPWD Delhi Schedule of Rates 2021 Vol-II
IN,16.38.3,2.5 cm thick bitumastic sheet with hot bitumen (With Refinery Modified Bitumen CRM5 55),m2,sqm,369.84,INR,,CPWD Delhi Schedule of Rates 2021 Vol-II
IN,16.39.1,4 cm thick bitumastic sheet with hot bitumen (With paving Asphalt grade VG-10),m2,sqm,528.85,INR,,CPWD Delhi Schedule of Rates 2021 Vol-II
IN,16.39.2,4 cm thick bitumastic sheet with hot bitumen (With paving asphalt grade VG-30),m2,sqm,620.29,INR,,CPWD Delhi Schedule of Rates 2021 Vol-II
IN,16.39.3,4 cm thick bitumastic sheet with hot bitumen (With Refinery Modified Bitumen CRM5 55),m2,sqm,556.62,INR,,CPWD Delhi Schedule of Rates 2021 Vol-II
IN,16.4,"Laying, spreading and compacting stone aggregate of specified sizes to WBM specifications",m3,cum,1070.59,INR,,CPWD Delhi Schedule of Rates 2021 Vol-II
IN,16.40,Providing and laying seal coat of premixed fine aggregate,m2,sqm,98.73,INR,,CPWD Delhi Schedule of Rates 2021 Vol-II
IN,16.41,Providing and laying seal coat over prepared surface of road with bitumen,m2,sqm,131.18,INR,,CPWD Delhi Schedule of Rates 2021 Vol-II
IN,16.47.1,"Painting runway/taxi track/apon marking (New work, Two or more coats)",m2,sqm,195.97,INR,,CPWD Delhi Schedule of Rates 2021 Vol-II
IN,16.47.2,"Painting runway/taxi track/apon marking (Old work, One or more coats)",m2,sqm,125.62,INR,,CPWD Delhi Schedule of Rates 2021 Vol-II
IN,16.48.1,"Painting road surface marking (New work, Two or more coats)",m2,sqm,296.67,INR,,CPWD Delhi Schedule of Rates 2021 Vol-II
IN,16.48.2,"Painting road surface marking (Old work, One or more coats)",m2,sqm,194.86,INR,,CPWD Delhi Schedule of Rates 2021 Vol-II
IN,16.50,Providing and fixing Glow studs of size 100x20mm,item,each,216.99,INR,,CPWD Delhi Schedule of Rates 2021 Vol-II
IN,16.51.1,"Preparation of sub- base road pavement with commercial dry lime (slaked), fly ash stabilised soil (Minimum thickness 15cm)",m3,cum,1634.41,INR,,CPWD Delhi Schedule of Rates 2021 Vol-II
IN,16.53,Providing and fixing concertina coil fencing,m,metre,375.44,INR,,CPWD Delhi Schedule of Rates 2021 Vol-II
IN,16.59.1,"Manufacturing, supplying and fixing retro reflective sign boards (Mandatory/Regulatory sign boards of 900 mm diameter)",m2,sqm,771.2,INR,,CPWD Delhi Schedule of Rates 2021 Vol-II
IN,16.59.2,"Manufacturing, supplying and fixing retro reflective sign boards (Cautionary/warning sign boards of equilateral triangular shape)",m2,sqm,655.04,INR,,CPWD Delhi Schedule of Rates 2021 Vol-II
IN,16.6.1,"Supplying, stacking and Spreading 6 mm thick red bajri (With road roller/ hand roller)",m2,sqm,26.95,INR,,CPWD Delhi Schedule of Rates 2021 Vol-II
IN,16.60.1,"Manufacturing, supplying and fixing retro reflective overhead signage boards (Overhead informatory road signage)",m2,sqm,6935.61,INR,,CPWD Delhi Schedule of Rates 2021 Vol-II
IN,16.61,Providing Retro-reflective regulatory sign board of size 900mm diameter,m2,sqm,771.2,INR,,CPWD Delhi Schedule of Rates 2021 Vol-II
IN,16.62,Providing and applying 2.5 mm thick road marking strips (retro-reflective),m2,sqm,655.04,INR,,CPWD Delhi Schedule of Rates 2021 Vol-II
IN,16.63,"Providing, laying and making kerb channel 30cm wide and 50mm thick",m,metre,242.7,INR,,CPWD Delhi Schedule of Rates 2021 Vol-II
IN,16.65,Providing and fixing post delineators,item,each,37.03,INR,,CPWD Delhi Schedule of Rates 2021 Vol-II
IN,16.66.1,Excavating holes upto 0.10cm (All kind of soil),item,each,7765.68,INR,,CPWD Delhi Schedule of Rates 2021 Vol-II
IN,16.70.1,Providing and fixing G.I. chain link fabric fencing (Made of G.I. wire of dia 4mm),m2,sqm,1062.66,INR,,CPWD Delhi Schedule of Rates 2021 Vol-II
IN,16.70.2,Providing and fixing G.I. chain link fabric fencing (PVC coated),m2,sqm,1114.78,INR,,CPWD Delhi Schedule of Rates 2021 Vol-II
IN,16.71,Providing and fixing G.I. chain link fabric fencing of required width in mesh size 25x25mm,m2,sqm,1201.62,INR,,CPWD Delhi Schedule of Rates 2021 Vol-II
IN,16.72,Supplying and stacking of hard stone (for stone pitching),m3,cum,1311.59,INR,,CPWD Delhi Schedule of Rates 2021 Vol-II
IN,16.73,Dry stone pitching 22.5cm thick,m2,sqm,671.18,INR,,CPWD Delhi Schedule of Rates 2021 Vol-II
IN,16.74.1,75mm thick back filling for pitching (Moorum),m2,sqm,101.38,INR,,CPWD Delhi Schedule of Rates 2021 Vol-II
IN,16.74.2,75mm thick back filling for pitching (Stone aggregate 20mm),m2,sqm,217.42,INR,,CPWD Delhi Schedule of Rates 2021 Vol-II
IN,16.74.3,75mm thick back filling for pitching (Stone aggregate 40mm),m2,sqm,206.79,INR,,CPWD Delhi Schedule of Rates 2021 Vol-II
IN,16.78.1,Construction of granular sub-base (Grade- I),m3,cum,3286.47,INR,,CPWD Delhi Schedule of Rates 2021 Vol-II
IN,16.78.2,Construction of granular sub-base (Grade- II),m3,cum,3431.82,INR,,CPWD Delhi Schedule of Rates 2021 Vol-II
IN,16.78.3,Construction of granular sub-base (Grade- III),m3,cum,3230.65,INR,,CPWD Delhi Schedule of Rates 2021 Vol-II
IN,16.79,"Providing, laying, spreading and compacting graded stone aggregate to wet mix macadam (WMM) specification",m3,cum,3466.43,INR,,CPWD Delhi Schedule of Rates 2021 Vol-II
IN,16.81,Providing and erecting 2.00 metre high temporary barricading at site,m,metre,3496,INR,,CPWD Delhi Schedule of Rates 2021 Vol-II
IN,16.82,Taking out existing kerb stones of all types from footpath/ central verge,m,metre,40.06,INR,,CPWD Delhi Schedule of Rates 2021 Vol-II
IN,16.85,Laying at or near ground level old kerb stones,m,metre,112.33,INR,,CPWD Delhi Schedule of Rates 2021 Vol-II
IN,16.86,"Providing and laying gang saw cut 18mm thick, mirror polished pre moulded and pre polished machine cut granite stone",m2,sqm,2125.37,INR,,CPWD Delhi Schedule of Rates 2021 Vol-II
IN,16.87,"Providing and laying gang saw cut 30mm thick, mirror polished pre moulded and pre polished machine cut granite stone",m2,sqm,2125.37,INR,,CPWD Delhi Schedule of Rates 2021 Vol-II
IN,16.88,Providing and laying matt finished vitrified tile,m2,sqm,2125.37,INR,,CPWD Delhi Schedule of Rates 2021 Vol-II
IN,16.89,Providing and laying matt finished vitrified tile of size,m2,sqm,2125.37,INR,,CPWD Delhi Schedule of Rates 2021 Vol-II
IN,16.9,Scarifying metalled (water-bound) road surface,m2,sqm,34.07,INR,,CPWD Delhi Schedule of Rates 2021 Vol-II
IN,16.90,Providing and laying tactile tile,m2,sqm,2125.37,INR,,CPWD Delhi Schedule of Rates 2021 Vol-II
IN,16.94,Providing & making Gabion structure (Zinc coated),m3,cum,4608.93,INR,,CPWD Delhi Schedule of Rates 2021 Vol-II
IN,16.95,Providing & making Gabion structure (Zinc+PVC coated),m3,cum,4769.04,INR,,CPWD Delhi Schedule of Rates 2021 Vol-II
IN,16.96,Providing & making Gabion structure (Zinc+10%Al alloy+PVC coated),m3,cum,5133.01,INR,,CPWD Delhi Schedule of Rates 2021 Vol-II
IN,17.10.1.1,Providing and fixing Stainless Steel AISI 304 kitchen sink (510x1040 mm bowl depth 250 mm),item,each,7428.85,INR,,CPWD Delhi Schedule of Rates 2021 Vol-II
IN,17.10.1.2,Providing and fixing Stainless Steel AISI 304 kitchen sink (510x1040 mm bowl depth 225 mm),item,each,8255.94,INR,,CPWD Delhi Schedule of Rates 2021 Vol-II
IN,17.10.1.3,Providing and fixing Stainless Steel AISI 304 kitchen sink (510x1040 mm bowl depth 200 mm),item,each,7759.65,INR,,CPWD Delhi Schedule of Rates 2021 Vol-II
IN,17.10.1.4,Providing and fixing Stainless Steel AISI 304 kitchen sink (510x1040 mm bowl depth 178 mm),item,each,7428.85,INR,,CPWD Delhi Schedule of Rates 2021 Vol-II
IN,17.10.2.1,Providing and fixing Stainless Steel AISI 304 kitchen sink without drain board (610x510 mm bowl depth 200 mm),item,each,5284.87,INR,,CPWD Delhi Schedule of Rates 2021 Vol-II
IN,17.10.2.2,Providing and fixing Stainless Steel AISI 304 kitchen sink without drain board (610x460 mm bowl depth 200 mm),item,each,4126.92,INR,,CPWD Delhi Schedule of Rates 2021 Vol-II
IN,17.10.2.3,Providing and fixing Stainless Steel AISI 304 kitchen sink without drain board (470x420 mm bowl depth 178 mm),item,each,3630.63,INR,,CPWD Delhi Schedule of Rates 2021 Vol-II
IN,17.11.1,Providing and fixing white vitreous china laboratory sink (Size 450x300x150 mm),item,each,5283.08,INR,,CPWD Delhi Schedule of Rates 2021 Vol-II
IN,17.11.2,Providing and fixing white vitreous china laboratory sink (Size 600x450x200 mm),item,each,6937.25,INR,,CPWD Delhi Schedule of Rates 2021 Vol-II
IN,17.12.1,Providing and fixing draining board with C.I. brackets (White glazed fire clay draining board of size 600x450x25 mm),item,each,1671.18,INR,,CPWD Delhi Schedule of Rates 2021 Vol-II
IN,17.14.1,Extra for using coloured W.C. pan instead of white W.C. pan (Orissa pattern W.C. pan 580x440 mm),item,each,512.8,INR,,CPWD Delhi Schedule of Rates 2021 Vol-II
IN,17.16A,Providing and fixing 8 mm dia C.P. / S.S. Jet with flexible tube upto 1 metre long with S.S. triangular plate to European type W.C.,item,each,370.12,INR,,CPWD Delhi Schedule of Rates 2021 Vol-II
IN,17.17.1,Providing and fixing a pair of white vitreous china foot rests (250x130x30 mm),item,pair,271.51,INR,,CPWD Delhi Schedule of Rates 2021 Vol-II
IN,17.17.2,Providing and fixing a pair of white vitreous china foot rests (250x125x25 mm),item,pair,276.46,INR,,CPWD Delhi Schedule of Rates 2021 Vol-II
IN,17.20.1,Providing and fixing solid plastic seat with lid for pedestal type W.C. pan (White solid plastic seat with lid),item,each,725.21,INR,,CPWD Delhi Schedule of Rates 2021 Vol-II
IN,17.20.2,Providing and fixing solid plastic seat with lid for pedestal type W.C. pan (Black solid plastic seat with lid),item,each,584.57,INR,,CPWD Delhi Schedule of Rates 2021 Vol-II
IN,17.20.3,Providing and fixing solid plastic seat with lid for pedestal type W.C. pan (Coloured (other than black & white) solid plastic seat with lid),item,each,625.93,INR,,CPWD Delhi Schedule of Rates 2021 Vol-II
IN,17.22A,Providing and fixing CP Brass 32mm size Bottle Trap,item,each,1095.76,INR,,CPWD Delhi Schedule of Rates 2021 Vol-II
IN,17.22B,Providing and fixing CP Brass Single lever telephonic wall mixer (15 mm nominal dia),item,each,7565.72,INR,,CPWD Delhi Schedule of Rates 2021 Vol-II
IN,17.26.1,Providing and fixing kitchen sink (White glazed fire clay sink of size 600x450x250 mm),item,each,2330.12,INR,,CPWD Delhi Schedule of Rates 2021 Vol-II
IN,17.27.1,Providing and fixing white vitreous china laboratory sink (Size 450x300x150 mm),item,each,2661,INR,,CPWD Delhi Schedule of Rates 2021 Vol-II
IN,17.27.2,Providing and fixing white vitreous china laboratory sink (Size 600x450x200 mm),item,each,4315.22,INR,,CPWD Delhi Schedule of Rates 2021 Vol-II
IN,17.29,Providing and fixing 100 mm sand cast Iron grating for gully trap,item,each,55.95,INR,,CPWD Delhi Schedule of Rates 2021 Vol-II
IN,17.30,Providing and fixing in position 25 mm diameter mosquito proof coupling of approved municipal design,item,each,56.01,INR,,CPWD Delhi Schedule of Rates 2021 Vol-II
IN,17.31,Providing and fixing 600x450 mm beveled edge mirror of superior glass,item,each,1744.71,INR,,CPWD Delhi Schedule of Rates 2021 Vol-II
IN,17.32.1,Providing and fixing mirror of superior glass with plastic moulded frame (Circular shape 450 mm dia),item,each,1543.73,INR,,CPWD Delhi Schedule of Rates 2021 Vol-II
IN,17.32.2,Providing and fixing mirror of superior glass with plastic moulded frame (Rectangular shape 453x357 mm),item,each,1432.86,INR,,CPWD Delhi Schedule of Rates 2021 Vol-II
IN,17.32.3,Providing and fixing mirror of superior glass with plastic moulded frame (Oval shape 450x350 mm),item,each,1430.94,INR,,CPWD Delhi Schedule of Rates 2021 Vol-II
IN,17.32.4,Providing and fixing mirror of superior glass with plastic moulded frame (Rectangular shape 1500x450 mm),item,each,2246.78,INR,,CPWD Delhi Schedule of Rates 2021 Vol-II
IN,17.33,Providing and fixing 600x120x5 mm glass shelf,item,each,1164.88,INR,,CPWD Delhi Schedule of Rates 2021 Vol-II
IN,17.34.1,Providing and fixing toilet paper holder (C.P. brass),item,each,841.69,INR,,CPWD Delhi Schedule of Rates 2021 Vol-II
IN,17.34.2,Providing and fixing toilet paper holder (Vitreous china),item,each,572.42,INR,,CPWD Delhi Schedule of Rates 2021 Vol-II
IN,17.38.1.1,"Providing and fixing bend of required degree with access door (100 mm dia, Sand cast iron S&S)",item,each,656.15,INR,,CPWD Delhi Schedule of Rates 2021 Vol-II
IN,17.38.1.2,"Providing and fixing bend of required degree with access door (100 mm dia, Sand cast iron S&S as per IS - 3989)",item,each,738.85,INR,,CPWD Delhi Schedule of Rates 2021 Vol-II
IN,17.38.1.3,"Providing and fixing bend of required degree with access door (100 mm dia, Hubless centrifugally cast (spun) iron epoxy coated)",item,each,681.02,INR,,CPWD Delhi Schedule of Rates 2021 Vol-II
IN,17.38.2.1,"Providing and fixing bend of required degree with access door (75 mm dia, Sand cast iron S&S as per IS - 1729)",item,each,544.02,INR,,CPWD Delhi Schedule of Rates 2021 Vol-II
IN,17.38.2.2,"Providing and fixing bend of required degree with access door (75 mm dia, Sand cast iron S&S as per IS - 3989)",item,each,560.58,INR,,CPWD Delhi Schedule of Rates 2021 Vol-II
IN,17.38.2.3,"Providing and fixing bend of required degree with access door (75 mm dia, Hubless centrifugally cast (spun) iron epoxy coated)",item,each,544.02,INR,,CPWD Delhi Schedule of Rates 2021 Vol-II
IN,17.39.1.1,"Providing and fixing plain bend of required degree (100 mm dia, Sand cast iron S&S as per IS - 1729)",item,each,510.57,INR,,CPWD Delhi Schedule of Rates 2021 Vol-II
IN,17.39.1.2,"Providing and fixing plain bend of required degree (100 mm dia, Sand cast iron S&S as per IS : 3989)",item,each,543.71,INR,,CPWD Delhi Schedule of Rates 2021 Vol-II
IN,17.39.2.1,"Providing and fixing plain bend of required degree (75 mm dia, Sand cast iron S&S as per IS -1729)",item,each,385.18,INR,,CPWD Delhi Schedule of Rates 2021 Vol-II
IN,17.39.2.2,"Providing and fixing plain bend of required degree (75 mm dia, Sand cast iron S&S as per IS -3989)",item,each,368.68,INR,,CPWD Delhi Schedule of Rates 2021 Vol-II
IN,17.41.1.1,"Providing and fixing double equal junction of required degree with access door (100x100x100x100 mm, Sand cast iron S&S as per IS -1729)",item,each,1284.35,INR,,CPWD Delhi Schedule of Rates 2021 Vol-II
IN,17.41.1.2,"Providing and fixing double equal junction of required degree with access door (100x100x100x100 mm, Sand cast iron S&S as per IS -3989)",item,each,1118.89,INR,,CPWD Delhi Schedule of Rates 2021 Vol-II
IN,17.41.2.1,"Providing and fixing double equal junction of required degree with access door (75x75x75x75 mm, Sand cast iron S&S as per IS -1729)",item,each,932.81,INR,,CPWD Delhi Schedule of Rates 2021 Vol-II
IN,17.41.2.2,"Providing and fixing double equal junction of required degree with access door (75x75x75x75 mm, Sand cast iron S&S as per IS -3989)",item,each,891.45,INR,,CPWD Delhi Schedule of Rates 2021 Vol-II
IN,17.42.1.1,"Providing and fixing double equal plain junction of required degree (100x100x100x100 mm, Sand cast iron S&S as per IS -1729)",item,each,1064.81,INR,,CPWD Delhi Schedule of Rates 2021 Vol-II
IN,17.42.1.2,"Providing and fixing double equal plain junction of required degree (100x100x100x100 mm, Sand cast iron S&S as per IS -3989)",item,each,1089.6,INR,,CPWD Delhi Schedule of Rates 2021 Vol-II
IN,17.42.2.1,"Providing and fixing double equal plain junction of required degree (75x75x75x75 mm, Sand cast iron S&S as per IS -1729)",item,each,716.03,INR,,CPWD Delhi Schedule of Rates 2021 Vol-II
IN,17.42.2.2,"Providing and fixing double equal plain junction of required degree (75x75x75x75 mm, Sand cast iron S&S as per IS -3989)",item,each,815.33,INR,,CPWD Delhi Schedule of Rates 2021 Vol-II
IN,17.43.1.1,"Providing and fixing single equal plain junction of required degree with access door (100x100x100 mm, Sand cast iron S&S as per IS - 1729)",item,each,829.86,INR,,CPWD Delhi Schedule of Rates 2021 Vol-II
IN,17.43.1.2,"Providing and fixing single equal plain junction of required degree with access door (100x100x100 mm, Sand cast iron S&S as per IS - 3989)",item,each,904.29,INR,,CPWD Delhi Schedule of Rates 2021 Vol-II
IN,17.43.2.1,"Providing and fixing single equal plain junction of required degree with access door (75x75x75 mm, Sand cast iron S&S as per IS - 1729)",item,each,709.44,INR,,CPWD Delhi Schedule of Rates 2021 Vol-II
IN,17.43.2.2,"Providing and fixing single equal plain junction of required degree with access door (75x75x75 mm, Sand cast iron S&S as per IS - 3989)",item,each,709.44,INR,,CPWD Delhi Schedule of Rates 2021 Vol-II
IN,17.44.1.1,"Providing and fixing single equal plain junction of required degree (100x100x100 mm, Sand cast iron S&S as per IS - 1729)",item,each,717.33,INR,,CPWD Delhi Schedule of Rates 2021 Vol-II
IN,17.44.1.2,"Providing and fixing single equal plain junction of required degree (100x100x100 mm, Sand cast iron S&S as per IS - 3989)",item,each,874.48,INR,,CPWD Delhi Schedule of Rates 2021 Vol-II
IN,17.44.1.3,"Providing and fixing single equal plain junction of required degree (100x100x100 mm, Hubless centrifugally cast (spun) iron epoxy coated)",item,each,709.07,INR,,CPWD Delhi Schedule of Rates 2021 Vol-II
IN,17.44.2.1,"Providing and fixing single equal plain junction of required degree (75x75x75 mm, Sand cast iron S&S as per IS - 1729)",item,each,558.86,INR,,CPWD Delhi Schedule of Rates 2021 Vol-II
IN,17.44.2.2,"Providing and fixing single equal plain junction of required degree (75x75x75 mm, Sand cast iron S&S as per IS - 3989)",item,each,616.78,INR,,CPWD Delhi Schedule of Rates 2021 Vol-II
IN,17.44.2.3,"Providing and fixing single equal plain junction of required degree (75x75x75 mm, Hubless centrifugally cast (spun) iron epoxy coated)",item,each,393.44,INR,,CPWD Delhi Schedule of Rates 2021 Vol-II
IN,17.45.1.1,"Providing and fixing double unequal junction of required degree with access door (100x100x75x75 mm, Sand cast iron S&S as per IS - 1729)",item,each,1276.47,INR,,CPWD Delhi Schedule of Rates 2021 Vol-II
IN,17.45.1.2,"Providing and fixing double unequal junction of required degree with access door (100x100x75x75 mm, Sand cast iron S&S as per IS - 3989)",item,each,1565.94,INR,,CPWD Delhi Schedule of Rates 2021 Vol-II
IN,17.46.1.1,"Providing and fixing double unequal plain junction of required degree (100x100x75x75 mm, Sand cast iron S&S as per IS - 1729)",item,each,1081.32,INR,,CPWD Delhi Schedule of Rates 2021 Vol-II
IN,17.46.1.2,"Providing and fixing double unequal plain junction of required degree (100x100x75x75 mm, Sand cast iron S&S as per IS - 3989)",item,each,1370.82,INR,,CPWD Delhi Schedule of Rates 2021 Vol-II
IN,17.46.1.3,"Providing and fixing double unequal plain junction of required degree (100x100x75x75 mm, Hubless centrifugally cast (spun) iron epoxy coated)",item,each,709.07,INR,,CPWD Delhi Schedule of Rates 2021 Vol-II
IN,17.47.1.1,"Providing and fixing single unequal junction of required degree with access door (100x100x75 mm, Sand cast iron S&S as per IS - 1729)",item,each,1028.36,INR,,CPWD Delhi Schedule of Rates 2021 Vol-II
IN,17.47.1.2,"Providing and fixing single unequal junction of required degree with access door (100x100x75 mm, Sand cast iron S&S as per IS - 3989)",item,each,1152.44,INR,,CPWD Delhi Schedule of Rates 2021 Vol-II
IN,17.48.1.1,"Providing and fixing single unequal plain junction of required degree (100x100x75 mm, Sand cast iron S&S as per IS - 1729)",item,each,915.85,INR,,CPWD Delhi Schedule of Rates 2021 Vol-II
IN,17.48.1.2,"Providing and fixing single unequal plain junction of required degree (100x100x75 mm, Sand cast iron S&S as per IS - 3989)",item,each,1039.94,INR,,CPWD Delhi Schedule of Rates 2021 Vol-II
IN,17.48.1.3,"Providing and fixing single unequal plain junction of required degree (100x100x75 mm, Hubless centrifugally cast (spun) iron epoxy coated)",item,each,667.77,INR,,CPWD Delhi Schedule of Rates 2021 Vol-II
IN,17.49.1.1,"Providing and fixing double equal plain invert branch of required degree (100x100x100x100 mm, Sand cast iron S&S as per IS - 1729)",item,each,957.21,INR,,CPWD Delhi Schedule of Rates 2021 Vol-II
IN,17.49.1.2,"Providing and fixing double equal plain invert branch of required degree (100x100x100x100 mm, Sand cast iron S&S as per IS 3989)",item,each,940.71,INR,,CPWD Delhi Schedule of Rates 2021 Vol-II
IN,17.49.1.3,"Providing and fixing double equal plain invert branch of required degree (100x100x100x100 mm, Hubless centrifugally cast (spun) iron epoxy coated)",item,each,1081.32,INR,,CPWD Delhi Schedule of Rates 2021 Vol-II
IN,17.49.2.1,"Providing and fixing double equal plain invert branch of required degree (75x75x75x75 mm, Sand cast iron S&S as per IS - 1729)",item,each,740.91,INR,,CPWD Delhi Schedule of Rates 2021 Vol-II
IN,17.49.2.2,"Providing and fixing double equal plain invert branch of required degree (75x75x75x75 mm, Sand cast iron S&S as per IS - 3989)",item,each,782.27,INR,,CPWD Delhi Schedule of Rates 2021 Vol-II
IN,17.50.1.1,"Providing and fixing single equal plain invert branch of required degree (100x100x100 mm, Sand cast iron S&S as per iron 1729)",item,each,767,INR,,CPWD Delhi Schedule of Rates 2021 Vol-II
IN,17.50.1.2,"Providing and fixing single equal plain invert branch of required degree (100x100x100 mm, Sand cast iron S&S as per IS - 3989)",item,each,758.72,INR,,CPWD Delhi Schedule of Rates 2021 Vol-II
IN,17.50.1.3,"Providing and fixing single equal plain invert branch of required degree (100x100x100 mm, Hubless centrifugally cast (spun) iron epoxy coated)",item,each,692.57,INR,,CPWD Delhi Schedule of Rates 2021 Vol-II
IN,17.50.2.1,"Providing and fixing single equal plain invert branch of required degree (75x75x75 mm, Sand cast iron S&S as per IS - 1729)",item,each,616.78,INR,,CPWD Delhi Schedule of Rates 2021 Vol-II
IN,17.50.2.2,"Providing and fixing single equal plain invert branch of required degree (75x75x75 mm, Sand cast iron S&S as per IS - 3989)",item,each,583.71,INR,,CPWD Delhi Schedule of Rates 2021 Vol-II
IN,17.50.2.3,"Providing and fixing single equal plain invert branch of required degree (75x75x75 mm, Hubless centrifugally cast (spun) iron epoxy coated)",item,each,467.91,INR,,CPWD Delhi Schedule of Rates 2021 Vol-II
IN,17.51.1.1,"Providing and fixing double unequal invert branch of required degree (100x100x75x75 mm, Sand cast iron S&S as per IS - 1729)",item,each,1039.94,INR,,CPWD Delhi Schedule of Rates 2021 Vol-II
IN,17.51.1.2,"Providing and fixing double unequal invert branch of required degree (100x100x75x75 mm, Sand cast iron S&S as per IS - 3989)",item,each,1255,INR,,CPWD Delhi Schedule of Rates 2021 Vol-II
IN,17.52.1.1,"Providing and fixing single unequal plain invert branch of required degree (100x100x75 mm, Sand cast iron S&S as per IS - 1729)",item,each,874.48,INR,,CPWD Delhi Schedule of Rates 2021 Vol-II
IN,17.52.1.2,"Providing and fixing single unequal plain invert branch of required degree (100x100x75 mm, Sand cast iron S&S as per IS - 3989)",item,each,957.21,INR,,CPWD Delhi Schedule of Rates 2021 Vol-II
IN,17.52.1.3,"Providing and fixing single unequal plain invert branch of required degree (100x100x75 mm, Hubless centrifugally cast (spun) iron epoxy coated)",item,each,758.72,INR,,CPWD Delhi Schedule of Rates 2021 Vol-II
IN,17.54A.1.1,"Providing and fixing Hubless centrifugally cast iron offsets epoxy coated inside & outside as per IS:15905 (130 mm offsets, With 100 mm dia)",item,each,775.29,INR,,CPWD Delhi Schedule of Rates 2021 Vol-II
IN,17.54A.1.2,"Providing and fixing Hubless centrifugally cast iron offsets epoxy coated inside & outside as per IS:15905 (130 mm offsets, With 75 mm dia)",item,each,550.62,INR,,CPWD Delhi Schedule of Rates 2021 Vol-II
IN,17.55.1.1,"Providing and fixing door piece, insertion rubber washer 3mm thick, bolts & nuts complete (100 mm, Sand cast iron S&S as per IS - 1729)",item,each,879.49,INR,,CPWD Delhi Schedule of Rates 2021 Vol-II
IN,17.55.1.2,"Providing and fixing door piece, insertion rubber washer 3mm thick, bolts & nuts complete (100 mm, Sand cast iron S&S as per IS - 3989)",item,each,755.43,INR,,CPWD Delhi Schedule of Rates 2021 Vol-II
IN,17.56.1.1,"Providing and fixing terminal guard (100 mm, Sand cast iron S&S as per IS - 1729)",item,each,485.77,INR,,CPWD Delhi Schedule of Rates 2021 Vol-II
IN,17.56.1.2,"Providing and fixing terminal guard (100 mm, Sand cast iron S&S as per IS - 3989)",item,each,543.71,INR,,CPWD Delhi Schedule of Rates 2021 Vol-II
IN,17.56.1.3,"Providing and fixing terminal guard (100 mm, Hubless centrifugally cast (spun) iron epoxy coated)",item,each,494.05,INR,,CPWD Delhi Schedule of Rates 2021 Vol-II
IN,17.56.2.1,"Providing and fixing terminal guard (75 mm, Sand cast iron S&S as per IS - 1729)",item,each,393.44,INR,,CPWD Delhi Schedule of Rates 2021 Vol-II
IN,17.56.2.2,"Providing and fixing terminal guard (75 mm, Sand cast iron S&S as per IS - 3989)",item,each,385.18,INR,,CPWD Delhi Schedule of Rates 2021 Vol-II
IN,17.57.1.1,"Providing and fixing collar (100 mm, Sand cast iron S&S as per IS - 1729)",item,each,494.05,INR,,CPWD Delhi Schedule of Rates 2021 Vol-II
IN,17.57.1.2,"Providing and fixing collar (100 mm, Sand cast iron S&S as per IS - 3989)",item,each,543.71,INR,,CPWD Delhi Schedule of Rates 2021 Vol-II
IN,17.57.2.1,"Providing and fixing collar (75 mm, Sand cast iron S&S as per IS - 1729)",item,each,335.59,INR,,CPWD Delhi Schedule of Rates 2021 Vol-II
IN,17.57.2.2,"Providing and fixing collar (75 mm, Sand cast iron S&S as per IS - 3989)",item,each,335.59,INR,,CPWD Delhi Schedule of Rates 2021 Vol-II
IN,17.60.1.1,"Providing and fixing trap of self cleansing design with screwed down or hinged grating (100 mm inlet and 100 mm outlet, Sand cast iron S&S as per IS: 3989)",item,each,1983.31,INR,,CPWD Delhi Schedule of Rates 2021 Vol-II
IN,17.60.1.2,"Providing and fixing trap of self cleansing design with screwed down or hinged grating (100 mm inlet and 100 mm outlet, Sand Cast Iron S&S as per IS: 1729)",item,each,1735.23,INR,,CPWD Delhi Schedule of Rates 2021 Vol-II
IN,17.60.1.3,"Providing and fixing trap of self cleansing design with screwed down or hinged grating (100 mm inlet and 100 mm outlet, Hubless centrifugally cast (spun) iron epoxy coated)",item,each,940.71,INR,,CPWD Delhi Schedule of Rates 2021 Vol-II
IN,17.60.2.1,"Providing and fixing trap of self cleansing design with screwed down or hinged grating (100 mm inlet and 75 mm outlet, Sand cast iron S&S as per IS - 3989)",item,each,2066.02,INR,,CPWD Delhi Schedule of Rates 2021 Vol-II
IN,17.60.2.2,"Providing and fixing trap of self cleansing design with screwed down or hinged grating (100 mm inlet and 75 mm outlet, Sand Cast Iron S&S as per IS - 1729)",item,each,1603.03,INR,,CPWD Delhi Schedule of Rates 2021 Vol-II
IN,17.60.2.3,"Providing and fixing trap of self cleansing design with screwed down or hinged grating (100 mm inlet and 75 mm outlet, Hubless centrifugally cast (spun) iron epoxy coated)",item,each,684.29,INR,,CPWD Delhi Schedule of Rates 2021 Vol-II
IN,17.67,Repainting bath tub of size 1700x730x430 mm with enamel paint,item,each,846.31,INR,,CPWD Delhi Schedule of Rates 2021 Vol-II
IN,17.9.1,Providing and fixing kitchen sink with C.I. brackets (White glazed fire clay kitchen sink of size 600x450x250 mm),item,each,4083.77,INR,,CPWD Delhi Schedule of Rates 2021 Vol-II
IN,18.13.1,Making connection of G.I. distribution branch with G.I. main (25 to 40 mm nominal bore),item,each,936.09,INR,,CPWD Delhi Schedule of Rates 2021 Vol-II
IN,18.13.2,Making connection of G.I. distribution branch with G.I. main (50 to 80 mm nominal bore),item,each,1871.55,INR,,CPWD Delhi Schedule of Rates 2021 Vol-II
IN,18.15.1,Providing and fixing brass bib cock of approved quality (15 mm nominal bore),item,each,375.66,INR,,CPWD Delhi Schedule of Rates 2021 Vol-II
IN,18.15.2,Providing and fixing brass bib cock of approved quality (20 mm nominal bore),item,each,405.47,INR,,CPWD Delhi Schedule of Rates 2021 Vol-II
IN,18.16.1,Providing and fixing brass stop cock of approved quality (15 mm nominal bore),item,each,375.66,INR,,CPWD Delhi Schedule of Rates 2021 Vol-II
IN,18.16.2,Providing and fixing brass stop cock of approved quality (20 mm nominal bore),item,each,405.47,INR,,CPWD Delhi Schedule of Rates 2021 Vol-II
IN,18.20.1,Providing and fixing brass ferrule with C.I. mouth cover (15 mm nominal bore),item,each,372.9,INR,,CPWD Delhi Schedule of Rates 2021 Vol-II
IN,18.20.2,Providing and fixing brass ferrule with C.I. mouth cover (20 mm nominal bore),item,each,430.13,INR,,CPWD Delhi Schedule of Rates 2021 Vol-II
IN,18.20.3,Providing and fixing brass ferrule with C.I. mouth cover (25 mm nominal bore),item,each,552.67,INR,,CPWD Delhi Schedule of Rates 2021 Vol-II
IN,18.22.1,Providing and fixing C.P. brass shower rose with 15 or 20 mm inlet (100 mm diameter),item,each,205.68,INR,,CPWD Delhi Schedule of Rates 2021 Vol-II
IN,18.22.2,Providing and fixing C.P. brass shower rose with 15 or 20 mm inlet (150 mm diameter),item,each,235.04,INR,,CPWD Delhi Schedule of Rates 2021 Vol-II
IN,18.24,"Laying in position S&S or flanged C.I. special such as tees, bends, collars, tapers and caps etc.(excluding cost of specials)",item,each,675.07,INR,,CPWD Delhi Schedule of Rates 2021 Vol-II
IN,18.25.1,Providing and laying S&S C.I. standard specials (Up to 300 mm dia),t,quintal,64.1692,INR,,CPWD Delhi Schedule of Rates 2021 Vol-II
IN,18.25.2,Providing and laying S&S C.I. standard specials (Over 300 mm dia),t,quintal,76.6568,INR,,CPWD Delhi Schedule of Rates 2021 Vol-II
IN,18.26.1,Providing and laying flanged C.I. standard specials (Up to 300 mm dia),t,quintal,70.4748,INR,,CPWD Delhi Schedule of Rates 2021 Vol-II
IN,18.26.2,Providing and laying flanged C.I. standard specials (Over 300 mm dia),t,quintal,64.911,INR,,CPWD Delhi Schedule of Rates 2021 Vol-II
IN,18.29,Supplying pig lead at site of work,t,kg,0.2596,INR,,CPWD Delhi Schedule of Rates 2021 Vol-II
IN,18.49.1,Providing and fixing C.P. brass bib cock of approved quality (15 mm nominal bore),item,each,536.85,INR,,CPWD Delhi Schedule of Rates 2021 Vol-II
IN,18.50.1,Providing and fixing C.P. brass long nose bib cock (15 mm nominal bore),item,each,884.13,INR,,CPWD Delhi Schedule of Rates 2021 Vol-II
IN,18.51.1,Providing and fixing C.P. brass long body bib cock (15 mm nominal bore),item,each,875.9,INR,,CPWD Delhi Schedule of Rates 2021 Vol-II
IN,18.52.1,Providing and fixing C.P. brass stop cock (concealed) (15 mm nominal bore),item,each,735.38,INR,,CPWD Delhi Schedule of Rates 2021 Vol-II
IN,18.53A,Providing and fixing C.P. Brass extension nipple (size 15mmx50mm),item,each,76.29,INR,,CPWD Delhi Schedule of Rates 2021 Vol-II
IN,18.60.1,Providing and fixing enclosed type water meter (bulk type) (80 mm dia nominal bore),item,each,4038.19,INR,,CPWD Delhi Schedule of Rates 2021 Vol-II
IN,18.60.2,Providing and fixing enclosed type water meter (bulk type) (100 mm dia nominal bore),item,each,6177.13,INR,,CPWD Delhi Schedule of Rates 2021 Vol-II
IN,18.60.3,Providing and fixing enclosed type water meter (bulk type) (150 mm dia nominal bore),item,each,9096.8,INR,,CPWD Delhi Schedule of Rates 2021 Vol-II
IN,18.60.4,Providing and fixing enclosed type water meter (bulk type) (200 mm dia nominal bore),item,each,9990.47,INR,,CPWD Delhi Schedule of Rates 2021 Vol-II
IN,18.61.1,Providing and fixing C.I. dirt box strainer for bulk type water meter (80 mm dia),item,each,5113.6,INR,,CPWD Delhi Schedule of Rates 2021 Vol-II
IN,18.61.2,Providing and fixing C.I. dirt box strainer for bulk type water meter (100 mm dia),item,each,8207.23,INR,,CPWD Delhi Schedule of Rates 2021 Vol-II
IN,18.61.3,Providing and fixing C.I. dirt box strainer for bulk type water meter (150 mm dia),item,each,10379.39,INR,,CPWD Delhi Schedule of Rates 2021 Vol-II
IN,18.61.4,Providing and fixing C.I. dirt box strainer for bulk type water meter (200 mm dia),item,each,14483.13,INR,,CPWD Delhi Schedule of Rates 2021 Vol-II
IN,18.66.1,Providing and laying S&S C.I. Standard specials (Up to 300 mm dia),t,quintal,92.8462,INR,,CPWD Delhi Schedule of Rates 2021 Vol-II
IN,18.66.2,Providing and laying S&S C.I. Standard specials (Above 300 mm dia),t,quintal,109.5537,INR,,CPWD Delhi Schedule of Rates 2021 Vol-II
IN,18.67.1,Providing and laying S&S C.I. Standard specials suitable for mechanical jointing (Up to 300 mm dia),t,quintal,148.7754,INR,,CPWD Delhi Schedule of Rates 2021 Vol-II
IN,18.67.2,Providing and laying S&S C.I. Standard specials suitable for mechanical jointing (Above 300 mm dia),t,quintal,156.6661,INR,,CPWD Delhi Schedule of Rates 2021 Vol-II
IN,18.68.1,Providing and laying D.I. specials of class K-12 (Up to 600 mm dia),t,quintal,212.1155,INR,,CPWD Delhi Schedule of Rates 2021 Vol-II
IN,18.68.2,Providing and laying D.I. specials of class K-12 (Above 600 mm dia),t,quintal,291.5184,INR,,CPWD Delhi Schedule of Rates 2021 Vol-II
IN,18.69.1,Providing and laying D.I. Specials of Class K - 12 suitable for mechanical jointing (Up to 600 mm dia),t,quintal,222.8685,INR,,CPWD Delhi Schedule of Rates 2021 Vol-II
IN,18.69.2,Providing and laying D.I. Specials of Class K - 12 suitable for mechanical jointing (Above 600 mm dia),t,quintal,317.1595,INR,,CPWD Delhi Schedule of Rates 2021 Vol-II
IN,18.6A.1,Providing and fixing PPR Unions (PPR Union 20mm),item,each,365.67,INR,,CPWD Delhi Schedule of Rates 2021 Vol-II
IN,18.6A.2,Providing and fixing PPR Unions (PPR Union 25mm),item,each,448.41,INR,,CPWD Delhi Schedule of Rates 2021 Vol-II
IN,18.6A.3,Providing and fixing PPR Unions (PPR Union 32mm),item,each,514.56,INR,,CPWD Delhi Schedule of Rates 2021 Vol-II
IN,18.6A.4,Providing and fixing PPR Unions (PPR Union 40mm),item,each,630.36,INR,,CPWD Delhi Schedule of Rates 2021 Vol-II
IN,18.6A.5,Providing and fixing PPR Unions (PPR Union 50mm),item,each,944.72,INR,,CPWD Delhi Schedule of Rates 2021 Vol-II
IN,18.6A.6,Providing and fixing PPR Unions (PPR Union 63mm),item,each,1176.32,INR,,CPWD Delhi Schedule of Rates 2021 Vol-II
IN,18.6A.7,Providing and fixing PPR Unions (PPR Union 75mm),item,each,2086.42,INR,,CPWD Delhi Schedule of Rates 2021 Vol-II
IN,18.78,Making chases up to 7.5x7.5 cm in walls including making good and finishing,m,metre,212.42,INR,,CPWD Delhi Schedule of Rates 2021 Vol-II
IN,18.84.1,Providing & fixing chrome plated brass battery based infrared sensor operated pillar cock (15 mm nominal bore),item,each,9953.62,INR,,CPWD Delhi Schedule of Rates 2021 Vol-II
IN,19.16,Providing orange colour safety foot rest,item,each,611.28,INR,,CPWD Delhi Schedule of Rates 2021 Vol-II
IN,19.20,Supplying and fixing C.I. cover 300x300 mm without frame for gully trap,item,each,589.76,INR,,CPWD Delhi Schedule of Rates 2021 Vol-II
IN,19.22.1,Providing sand cast iron drop connection externally for 60cm drop (100 mm dia),item,each,12534.19,INR,,CPWD Delhi Schedule of Rates 2021 Vol-II
IN,19.22.2,Providing sand cast iron drop connection externally for 60cm drop (150 mm dia),item,each,17049.65,INR,,CPWD Delhi Schedule of Rates 2021 Vol-II
IN,19.23.1,Extra for depths beyond 60 cm of sand cast iron drop connection (100 mm dia),m,metre,3452.89,INR,,CPWD Delhi Schedule of Rates 2021 Vol-II
IN,19.23.2,Extra for depths beyond 60 cm of sand cast iron drop connection (150 mm dia),m,metre,4460.93,INR,,CPWD Delhi Schedule of Rates 2021 Vol-II
IN,19.33,Constructing soak pit 1.20x1.20x1.20m,item,each,3635.18,INR,,CPWD Delhi Schedule of Rates 2021 Vol-II
IN,21.1.1.1,"Providing and fixing aluminium work for doors, windows, ventilators and partitions (For fixed portion, Anodised aluminium)",t,kg,0.5365,INR,,CPWD Delhi Schedule of Rates 2021 Vol-II
IN,21.1.1.2,"Providing and fixing aluminium work for doors, windows, ventilators and partitions (For fixed portion, Powder coated aluminium)",t,kg,0.5765,INR,,CPWD Delhi Schedule of Rates 2021 Vol-II
IN,21.1.1.3,"Providing and fixing aluminium work for doors, windows, ventilators and partitions (For fixed portion, Polyester powder coated aluminium)",t,kg,0.5869,INR,,CPWD Delhi Schedule of Rates 2021 Vol-II
IN,21.10,"Providing and fixing double glazed hermetically sealed glazing in aluminium windows, ventilators and partition",m2,sqm,4962.11,INR,,CPWD Delhi Schedule of Rates 2021 Vol-II
IN,21.11.1,Providing and fixing stainless steel adjustable friction windows stays (205 X 19 mm),item,each,362.02,INR,,CPWD Delhi Schedule of Rates 2021 Vol-II
IN,21.11.2,Providing and fixing stainless steel adjustable friction windows stays (255 X 19 mm),item,each,407.02,INR,,CPWD Delhi Schedule of Rates 2021 Vol-II
IN,21.11.3,Providing and fixing stainless steel adjustable friction windows stays (355 X 19 mm),item,each,357.38,INR,,CPWD Delhi Schedule of Rates 2021 Vol-II
IN,21.11.4,Providing and fixing stainless steel adjustable friction windows stays (510 X 19 mm),item,each,919.82,INR,,CPWD Delhi Schedule of Rates 2021 Vol-II
IN,21.11.5,Providing and fixing stainless steel adjustable friction windows stays (710 X 19 mm),item,each,1564.97,INR,,CPWD Delhi Schedule of Rates 2021 Vol-II
IN,21.12.1,Providing and fixing aluminium tubular handle bar (Anodized AC 15),item,each,634.52,INR,,CPWD Delhi Schedule of Rates 2021 Vol-II
IN,21.12.2,Providing and fixing aluminium tubular handle bar (Powder coated),item,each,696.71,INR,,CPWD Delhi Schedule of Rates 2021 Vol-II
IN,21.12.3,Providing and fixing aluminium tubular handle bar (Polyester powder coated),item,each,712.91,INR,,CPWD Delhi Schedule of Rates 2021 Vol-II
IN,21.13,Providing and fixing Brass 100mm mortice latch and lock with 6 levers,item,each,555.82,INR,,CPWD Delhi Schedule of Rates 2021 Vol-II
IN,21.14,Providing and fixing anodised aluminium sub frame work for windows and ventilators,t,kg,0.4425,INR,,CPWD Delhi Schedule of Rates 2021 Vol-II
IN,21.15.1,Providing and fixing aluminium casement windows fastener (Anodized AC 15),item,each,90.94,INR,,CPWD Delhi Schedule of Rates 2021 Vol-II
IN,21.15.2,Providing and fixing aluminium casement windows fastener (Powder coated),item,each,98.6,INR,,CPWD Delhi Schedule of Rates 2021 Vol-II
IN,21.15.3,Providing and fixing aluminium casement windows fastener (Polyester powder coated),item,each,96.75,INR,,CPWD Delhi Schedule of Rates 2021 Vol-II
IN,21.16.1,Providing and fixing aluminium round shape handle (Anodized AC 15),item,each,109.73,INR,,CPWD Delhi Schedule of Rates 2021 Vol-II
IN,21.16.2,Providing and fixing aluminium round shape handle (Powder coated),item,each,110.78,INR,,CPWD Delhi Schedule of Rates 2021 Vol-II
IN,21.16.3,Providing and fixing aluminium round shape handle (Polyester powder coated),item,each,114.06,INR,,CPWD Delhi Schedule of Rates 2021 Vol-II
IN,21.17,Providing and fixing anodised aluminium grill,t,kg,0.6934,INR,,CPWD Delhi Schedule of Rates 2021 Vol-II
IN,21.18,Providing and fixing Brass 100mm mortice latch and lock with 6 levers (for aluminium doors),m2,sqm,5614.13,INR,,CPWD Delhi Schedule of Rates 2021 Vol-II
IN,21.19.1,Filling the gap in between aluminium/ stone/ wood frame and adjacent work with PU sealant (Upto 5 mm depth and 5 mm width),m,metre,160.98,INR,,CPWD Delhi Schedule of Rates 2021 Vol-II
IN,21.19.2,Filling the gap in between aluminium/ stone/ wood frame and adjacent work with PU sealant (Upto 10 mm depth and 10 mm width),m,metre,218.84,INR,,CPWD Delhi Schedule of Rates 2021 Vol-II
IN,21.19.3,Filling the gap in between aluminium/ stone/ wood frame and adjacent work with PU sealant (Upto 20 mm depth and 20 mm width),m,metre,395.96,INR,,CPWD Delhi Schedule of Rates 2021 Vol-II
IN,21.2.1,Providing and fixing 12 mm thick prelaminated particle board (one side decorative lamination),m2,sqm,1193.26,INR,,CPWD Delhi Schedule of Rates 2021 Vol-II
IN,21.2.2,Providing and fixing 12 mm thick prelaminated particle board (both sides decorative lamination),m2,sqm,1175.89,INR,,CPWD Delhi Schedule of Rates 2021 Vol-II
IN,21.4.1,Providing and fixing double action hydraulic floor spring (With stainless steel cover plate),item,each,3027.76,INR,,CPWD Delhi Schedule of Rates 2021 Vol-II
IN,21.4.2,Providing and fixing double action hydraulic floor spring (With brass cover plate),item,each,3226.26,INR,,CPWD Delhi Schedule of Rates 2021 Vol-II
IN,21.5,Providing and fixing powder coated aluminium work for false ceiling,t,kg,0.8341,INR,,CPWD Delhi Schedule of Rates 2021 Vol-II
IN,21.6,Providing and fixing 6 mm dia. G.I. level adjusting hangers,item,each,87.72,INR,,CPWD Delhi Schedule of Rates 2021 Vol-II
IN,21.7.1,Providing and fixing machine moulded aluminium covering (Anodised aluminium sheet 2.5mm thick),t,kg,0.7459,INR,,CPWD Delhi Schedule of Rates 2021 Vol-II
IN,21.7.2,Providing and fixing machine moulded aluminium covering (Powder coated aluminium sheet 2.5mm thick),t,kg,0.7859,INR,,CPWD Delhi Schedule of Rates 2021 Vol-II
IN,21.9.1,Extra for applying additional anodic coating AC 25 instead of AC 15 (For fixed portion),t,kg,0.0166,INR,,CPWD Delhi Schedule of Rates 2021 Vol-II
IN,22.1.1,Providing and laying integral cement based treatment for water proofing on horizontal surface (Using rough kota stone),m2,sqm,1685.15,INR,,CPWD Delhi Schedule of Rates 2021 Vol-II
IN,22.10,Providing and laying six courses water proofing treatment with bitumen felt over roofs (type 2 grade I),m2,sqm,956.36,INR,,CPWD Delhi Schedule of Rates 2021 Vol-II
IN,22.11,Providing and laying six courses water proofing treatment with bitumen felt over roofs (type 2 grade II),m2,sqm,956.91,INR,,CPWD Delhi Schedule of Rates 2021 Vol-II
IN,22.13.1,Deduct for omitting in water proofing treatment final course of spreading stone grit (at 6 cudm per sqm),m2,sqm,19.54,INR,,CPWD Delhi Schedule of Rates 2021 Vol-II
IN,22.13.2,Deduct for omitting in water proofing treatment final course of spreading stone grit (at 8 cudm per sqm),m2,sqm,24.54,INR,,CPWD Delhi Schedule of Rates 2021 Vol-II
IN,22.14.2,Grading roof for water proofing treatment with Cement mortar 1:3,m3,cum,17650.53,INR,,CPWD Delhi Schedule of Rates 2021 Vol-II
IN,22.14.3,Grading roof for water proofing treatment with Cement mortar 1:4,m3,cum,16540.74,INR,,CPWD Delhi Schedule of Rates 2021 Vol-II
IN,22.2.1,Providing and laying integral cement based treatment for water proofing on the vertical surface (Using rough Kota stone),m2,sqm,2201.16,INR,,CPWD Delhi Schedule of Rates 2021 Vol-II
IN,22.24A,Providing & Applying high quality acrylic modified resin based texture,m2,sqm,596.01,INR,,CPWD Delhi Schedule of Rates 2021 Vol-II
IN,22.25.1,Providing and applying crystalline mortar (For sealing cracks and faulty construction joints),m,metre,580.68,INR,,CPWD Delhi Schedule of Rates 2021 Vol-II
IN,22.25.2,Providing and applying crystalline mortar (For patching of tie rod holes),item,each hole,24.67,INR,,CPWD Delhi Schedule of Rates 2021 Vol-II
IN,22.26,Providing and applying of swellable type water stop tape,m,metre,612.52,INR,,CPWD Delhi Schedule of Rates 2021 Vol-II
IN,22.3,"Providing and laying water proofing treatment to vertical and horizontal surfaces of depressed portions of W.C., kitchen",m2,sqm,957.28,INR,,CPWD Delhi Schedule of Rates 2021 Vol-II
IN,22.4.1,Providing and Placing in position suitable PVC water stops (Serrated with central bulb),m,metre,353.13,INR,,CPWD Delhi Schedule of Rates 2021 Vol-II
IN,22.4.2,Providing and Placing in position suitable PVC water stops (Dumb bell with central bulb),m,metre,286.91,INR,,CPWD Delhi Schedule of Rates 2021 Vol-II
IN,22.4.3,Providing and Placing in position suitable PVC water stops (Kickers),m,metre,286.91,INR,,CPWD Delhi Schedule of Rates 2021 Vol-II
IN,22.5,"Providing and laying water proofing treatment in sunken portion of WCs, bathroom etc.",m2,sqm,638.72,INR,,CPWD Delhi Schedule of Rates 2021 Vol-II
IN,22.6,Providing and laying water proofing treatment on roofs of slabs by applying cement slurry mixed with water proofing cement compound,m2,sqm,723.97,INR,,CPWD Delhi Schedule of Rates 2021 Vol-II
IN,22.7.1,"Providing and laying integral cement based water proofing treatment on roofs, balconies, terraces etc.",m2,sqm,1882.97,INR,,CPWD Delhi Schedule of Rates 2021 Vol-II
IN,22.8.1,Providing and laying four courses water proofing treatment with bitumen felt over roofs,m2,sqm,534.25,INR,,CPWD Delhi Schedule of Rates 2021 Vol-II
IN,22.9,Providing and laying six courses water proofing treatment with bitumen felt over roofs,m2,sqm,834.57,INR,,CPWD Delhi Schedule of Rates 2021 Vol-II
IN,23.1.1.1,"Boring/drilling bore well (All types of soil, 300 mm dia, upto 90 metre depth)",m,metre,732.03,INR,,CPWD Delhi Schedule of Rates 2021 Vol-II
IN,23.1.1.2,"Boring/drilling bore well (All types of soil, 350 mm dia, upto 90 metre depth)",m,metre,800.66,INR,,CPWD Delhi Schedule of Rates 2021 Vol-II
IN,23.1.1.3,"Boring/drilling bore well (All types of soil, 400 mm dia, upto 90 metre depth)",m,metre,1024.82,INR,,CPWD Delhi Schedule of Rates 2021 Vol-II
IN,23.1.2.1,"Boring/drilling bore well (Rocky strata including Boulders, 300 mm dia, upto 90 metre depth)",m,metre,1751.15,INR,,CPWD Delhi Schedule of Rates 2021 Vol-II
IN,23.1.2.2,"Boring/drilling bore well (Rocky strata including Boulders, 350 mm dia, upto 90 metre depth)",m,metre,1851.22,INR,,CPWD Delhi Schedule of Rates 2021 Vol-II
IN,23.1.2.3,"Boring/drilling bore well (Rocky strata including Boulders, 400 mm dia, upto 90 metre depth)",m,metre,2198.22,INR,,CPWD Delhi Schedule of Rates 2021 Vol-II
IN,23.13.1,Providing and fixing suitable size threaded mild steel cap (100 mm dia),item,each,234.48,INR,,CPWD Delhi Schedule of Rates 2021 Vol-II
IN,23.13.2,Providing and fixing suitable size threaded mild steel cap (150 mm dia),item,each,260.57,INR,,CPWD Delhi Schedule of Rates 2021 Vol-II
IN,23.13.3,Providing and fixing suitable size threaded mild steel cap (200 mm dia),item,each,347.39,INR,,CPWD Delhi Schedule of Rates 2021 Vol-II
IN,23.14.1,Providing and fixing M.S. clamp (100 mm clamp),item,each,1882.42,INR,,CPWD Delhi Schedule of Rates 2021 Vol-II
IN,23.14.2,Providing and fixing M.S. clamp (150 mm clamp),item,each,1989.68,INR,,CPWD Delhi Schedule of Rates 2021 Vol-II
IN,23.14.3,Providing and fixing M.S. clamp (200 mm clamp),item,each,2258.9,INR,,CPWD Delhi Schedule of Rates 2021 Vol-II
IN,23.15.1,Providing and fixing Bail plug/ Bottom plug (100 mm dia),item,each,282.21,INR,,CPWD Delhi Schedule of Rates 2021 Vol-II
IN,23.15.2,Providing and fixing Bail plug/ Bottom plug (150 mm dia),item,each,348.38,INR,,CPWD Delhi Schedule of Rates 2021 Vol-II
IN,23.15.3,Providing and fixing Bail plug/ Bottom plug (200 mm dia),item,each,381.51,INR,,CPWD Delhi Schedule of Rates 2021 Vol-II
IN,23.2.1.1,"Boring/drilling bore well (All types of soil, 300 mm dia, beyond 90 metre & upto 150 metre depth)",m,metre,853.99,INR,,CPWD Delhi Schedule of Rates 2021 Vol-II
IN,23.2.1.2,"Boring/drilling bore well (All types of soil, 350 mm dia, beyond 90 metre & upto 150 metre depth)",m,metre,948.87,INR,,CPWD Delhi Schedule of Rates 2021 Vol-II
IN,23.2.1.3,"Boring/drilling bore well (All types of soil, 400 mm dia, beyond 90 metre & upto 150 metre depth)",m,metre,1281.04,INR,,CPWD Delhi Schedule of Rates 2021 Vol-II
IN,23.2.2.1,"Boring/drilling bore well (Rocky strata including Boulders, 300 mm dia, beyond 90 metre & upto 150 metre depth)",m,metre,1930.89,INR,,CPWD Delhi Schedule of Rates 2021 Vol-II
IN,23.2.2.2,"Boring/drilling bore well (Rocky strata including Boulders, 350 mm dia, beyond 90 metre & upto 150 metre depth)",m,metre,2018,INR,,CPWD Delhi Schedule of Rates 2021 Vol-II
IN,23.2.2.3,"Boring/drilling bore well (Rocky strata including Boulders, 400 mm dia, beyond 90 metre & upto 150 metre depth)",m,metre,2574.62,INR,,CPWD Delhi Schedule of Rates 2021 Vol-II
IN,23.5,"Supplying, filling, spreading & leveling stone boulders of size range 5 cm to 20 cm",m3,cum,1610.16,INR,,CPWD Delhi Schedule of Rates 2021 Vol-II
IN,23.6,"Supplying, filling, spreading & leveling gravels of size range 5 mm to 10 mm",m3,cum,1618.45,INR,,CPWD Delhi Schedule of Rates 2021 Vol-II
IN,23.7,"Supplying, filling, spreading & leveling coarse sand of size range 1.5 mm to 2 mm",m3,cum,1618.45,INR,,CPWD Delhi Schedule of Rates 2021 Vol-II
IN,23.8,Gravel packing in tubewell construction,m3,cum,1828.95,INR,,CPWD Delhi Schedule of Rates 2021 Vol-II
IN,24.2,Providing and fixing double scaffolding system (cup lock type),m2,sqm,352.37,INR,,CPWD Delhi Schedule of Rates 2021 Vol-II
IN,24.3,"Cleaning the sand stone surface and removing dirt, dust, bird dropping, grease, oil, algae, fungus, monkey beats, vegetable growth etc.",m2,sqm,216.18,INR,,CPWD Delhi Schedule of Rates 2021 Vol-II
IN,24.4,Providing and applying antifungal wash treatment using 3% solution of sodium pentachlorophenate,m2,sqm,79.25,INR,,CPWD Delhi Schedule of Rates 2021 Vol-II
IN,24.7,Applying two or more coat of Ethyl Silicate chemical,m2,sqm,347.92,INR,,CPWD Delhi Schedule of Rates 2021 Vol-II
IN,24.8,"Applying breathable, non-reactive, antifungal, and water repellant Silane/Siloxane chemical",m2,sqm,112.94,INR,,CPWD Delhi Schedule of Rates 2021 Vol-II
IN,25.1,Providing and supplying aluminium extruded tubular and other aluminium sections,t,kg,0.4581,INR,,CPWD Delhi Schedule of Rates 2021 Vol-II
IN,25.2,"Designing, fabricating, testing, protection, installing and fixing in position semi (grid) unitized system of structural glazing",m2,sqm,3846.92,INR,,CPWD Delhi Schedule of Rates 2021 Vol-II
IN,25.3,"Providing, assembling and supplying vision glass panels (IGUs)",m2,sqm,4176.09,INR,,CPWD Delhi Schedule of Rates 2021 Vol-II
IN,25.4,Extra for openable side / top hung vision glass panels (IGUs),m2,sqm,4091.44,INR,,CPWD Delhi Schedule of Rates 2021 Vol-II
IN,25.5,"Providing, fabricating and supplying shadow box",m2,sqm,2416.3,INR,,CPWD Delhi Schedule of Rates 2021 Vol-II
IN,25.6,Providing and supplying Spandrel Glass Panels,m2,sqm,2736.86,INR,,CPWD Delhi Schedule of Rates 2021 Vol-II
IN,25.8,Design supply & installation of suspended Spider Glazing system,m2,sqm,10175.03,INR,,CPWD Delhi Schedule of Rates 2021 Vol-II
IN,26.1,Providing & fixing in position Phenol bonded Bamboowood flooring,m2,sqm,6539.42,INR,,CPWD Delhi Schedule of Rates 2021 Vol-II
IN,26.11,Providing and fixing concealed hinge of approved quality for 19-20mm thick door,item,each,142.85,INR,,CPWD Delhi Schedule of Rates 2021 Vol-II
IN,26.12,Supplying & laying of bi-axial extruded high modulus polypropylene geogrid (15kN/m),m2,sqm,252.88,INR,,CPWD Delhi Schedule of Rates 2021 Vol-II
IN,26.13,Supplying & laying of bi-axial extruded high modulus polypropylene geogrid (20kN/m),m2,sqm,280.2,INR,,CPWD Delhi Schedule of Rates 2021 Vol-II
IN,26.14,Supplying & laying of bi-axial extruded high modulus polypropylene geogrid (30kN/m),m2,sqm,407.55,INR,,CPWD Delhi Schedule of Rates 2021 Vol-II
IN,26.15,Supplying & laying of bi-axial extruded high modulus polypropylene geogrid (40kN/m),m2,sqm,562.2,INR,,CPWD Delhi Schedule of Rates 2021 Vol-II
IN,26.18.1,Supplying and laying high strength flexible geogrids (100 kN/m),m2,sqm,398.44,INR,,CPWD Delhi Schedule of Rates 2021 Vol-II
IN,26.18.10,Supplying and laying high strength flexible geogrids (700 kN/m),m2,sqm,1217.31,INR,,CPWD Delhi Schedule of Rates 2021 Vol-II
IN,26.18.11,Supplying and laying high strength flexible geogrids (800 kN/m),m2,sqm,1353.79,INR,,CPWD Delhi Schedule of Rates 2021 Vol-II
IN,26.18.12,Supplying and laying high strength flexible geogrids (900 kN/m),m2,sqm,1581.3,INR,,CPWD Delhi Schedule of Rates 2021 Vol-II
IN,26.18.13,Supplying and laying high strength flexible geogrids (1000 kN/m),m2,sqm,1763.21,INR,,CPWD Delhi Schedule of Rates 2021 Vol-II
IN,26.18.14,Supplying and laying high strength flexible geogrids (1100 kN/m),m2,sqm,1854.22,INR,,CPWD Delhi Schedule of Rates 2021 Vol-II
IN,26.18.15,Supplying and laying high strength flexible geogrids (1200 kN/m),m2,sqm,1945.23,INR,,CPWD Delhi Schedule of Rates 2021 Vol-II
IN,26.18.2,Supplying and laying high strength flexible geogrids (150 kN/m),m2,sqm,416.61,INR,,CPWD Delhi Schedule of Rates 2021 Vol-II
IN,26.18.3,Supplying and laying high strength flexible geogrids (200 kN/m),m2,sqm,653.15,INR,,CPWD Delhi Schedule of Rates 2021 Vol-II
IN,26.18.4,Supplying and laying high strength flexible geogrids (250 kN/m),m2,sqm,671.32,INR,,CPWD Delhi Schedule of Rates 2021 Vol-II
IN,26.18.5,Supplying and laying high strength flexible geogrids (300 kN/m),m2,sqm,689.56,INR,,CPWD Delhi Schedule of Rates 2021 Vol-II
IN,26.18.6,Supplying and laying high strength flexible geogrids (350 kN/m),m2,sqm,707.73,INR,,CPWD Delhi Schedule of Rates 2021 Vol-II
IN,26.18.7,Supplying and laying high strength flexible geogrids (400 kN/m),m2,sqm,853.29,INR,,CPWD Delhi Schedule of Rates 2021 Vol-II
IN,26.18.8,Supplying and laying high strength flexible geogrids (500 kN/m),m2,sqm,944.32,INR,,CPWD Delhi Schedule of Rates 2021 Vol-II
IN,26.18.9,Supplying and laying high strength flexible geogrids (600 kN/m),m2,sqm,1035.33,INR,,CPWD Delhi Schedule of Rates 2021 Vol-II
IN,26.19.1,"Providing at all heights, levels and locations Aluminium profile industrial troughed sheet (0.71 mm thick)",m2,sqm,1216.49,INR,,CPWD Delhi Schedule of Rates 2021 Vol-II
IN,26.19.2,"Providing at all heights, levels and locations Aluminium profile industrial troughed sheet (0.91 mm thick)",m2,sqm,1542.28,INR,,CPWD Delhi Schedule of Rates 2021 Vol-II
IN,26.2,Providing & fixing in position Phenol bonded Bamboo wood in wall skirting,m2,sqm,6418.31,INR,,CPWD Delhi Schedule of Rates 2021 Vol-II
IN,26.22.1,Providing and fixing false ceiling with integral densified calcium silicate false ceiling tiles (15 mm thick Tegular edged),m2,sqm,2094.03,INR,,CPWD Delhi Schedule of Rates 2021 Vol-II
IN,26.22.2,Providing and fixing false ceiling with integral densified calcium silicate false ceiling tiles (15 mm thick tegular/butt edged Anti-Microbial),m2,sqm,2250.31,INR,,CPWD Delhi Schedule of Rates 2021 Vol-II
IN,26.23.1,Providing and fixing false ceiling with integral densified calcium silicate false ceiling tiles (15 mm thick integral densified micro edge),m2,sqm,2541.61,INR,,CPWD Delhi Schedule of Rates 2021 Vol-II
IN,26.24.1,Providing and fixing in position wall panelling with integral densified calcium silicate panels/tiles (15 mm thick fully perforated),m2,sqm,3398.68,INR,,CPWD Delhi Schedule of Rates 2021 Vol-II
IN,26.25,Providing and fixing 15 mm thick false ceiling tiles,m2,sqm,1754.45,INR,,CPWD Delhi Schedule of Rates 2021 Vol-II
IN,26.26.1,Providing & fixing false ceiling with GRG false ceiling tiles (semi perforated 12 mm thick),m2,sqm,2090.07,INR,,CPWD Delhi Schedule of Rates 2021 Vol-II
IN,26.26.2,Providing & fixing false ceiling with GRG false ceiling tiles (fully perforated 12 mm thick),m2,sqm,2176.93,INR,,CPWD Delhi Schedule of Rates 2021 Vol-II
IN,26.27.1,Providing and fixing mineral fibre false ceiling tiles (16 mm thick beveled tegular NRC 0.55 to 0.6),m2,sqm,2559.22,INR,,CPWD Delhi Schedule of Rates 2021 Vol-II
IN,26.27.2,Providing and fixing mineral fibre false ceiling tiles (20 mm thick beveled tegular NRC 0.7),m2,sqm,2920.5,INR,,CPWD Delhi Schedule of Rates 2021 Vol-II
IN,26.27.3,Providing and fixing mineral fibre false ceiling tiles (16 mm thick beveled tegular Anti-microbial),m2,sqm,2707.16,INR,,CPWD Delhi Schedule of Rates 2021 Vol-II
IN,26.3,Providing & fixing in position Phenol bonded Bamboowood wall cladding,m2,sqm,6935.22,INR,,CPWD Delhi Schedule of Rates 2021 Vol-II
IN,26.31.1,"Providing, mixing and applying bonding coat of approved adhesive (SBR Polymer modified cementitious bond coat)",m2,sqm,145.59,INR,,CPWD Delhi Schedule of Rates 2021 Vol-II
IN,26.31.2,"Providing, mixing and applying bonding coat of approved adhesive (Epoxy bonding adhesive)",m2,sqm,482.75,INR,,CPWD Delhi Schedule of Rates 2021 Vol-II
IN,26.32.1,"Providing, mixing and applying SBR polymer modified Cement mortar (12 mm average thickness)",m2,sqm,411.72,INR,,CPWD Delhi Schedule of Rates 2021 Vol-II
IN,26.32.2,"Providing, mixing and applying SBR polymer modified Cement mortar (25 mm average thickness in 2 layers)",m2,sqm,631.18,INR,,CPWD Delhi Schedule of Rates 2021 Vol-II
IN,26.32.3,"Providing, mixing and applying SBR polymer modified Cement mortar (50 mm average thickness in 3 layers)",m2,sqm,1262.3,INR,,CPWD Delhi Schedule of Rates 2021 Vol-II
IN,26.35.1,Providing and injecting approved grout (Stirrer mixed Acrylic Polymer modified Cement slurry),t,kg,0.1272,INR,,CPWD Delhi Schedule of Rates 2021 Vol-II
IN,26.35.2,Providing and injecting approved grout (Stirrer mixed SBR Polymer modified Cement slurry),t,kg,0.1319,INR,,CPWD Delhi Schedule of Rates 2021 Vol-II
IN,26.35.3,Providing and injecting approved grout (Epoxy injection grout),t,kg,0.9808,INR,,CPWD Delhi Schedule of Rates 2021 Vol-II
IN,26.36.1,"Providing, erecting, maintaining and removing temporary protective screens (Wooven PVC cloth)",m2,sqm,56.5,INR,,CPWD Delhi Schedule of Rates 2021 Vol-II
IN,26.38.1,"Shotcreting R.C.C. columns, beams and slabs etc. (25mm thick)",m2,sqm,838.45,INR,,CPWD Delhi Schedule of Rates 2021 Vol-II
IN,26.38.2,"Shotcreting R.C.C. columns, beams and slabs etc. (50mm thick)",m2,sqm,1327.18,INR,,CPWD Delhi Schedule of Rates 2021 Vol-II
IN,26.38.3,"Shotcreting R.C.C. columns, beams and slabs etc. (75mm thick)",m2,sqm,1892.04,INR,,CPWD Delhi Schedule of Rates 2021 Vol-II
IN,26.39,Providing and inserting 12mm dia galvanised steel injection nipple,item,each,250.61,INR,,CPWD Delhi Schedule of Rates 2021 Vol-II
IN,26.40,Providing and fixing hard drawn steel wire fabric,m2,sqm,1014.82,INR,,CPWD Delhi Schedule of Rates 2021 Vol-II
IN,26.41,"Designing, providing, installing and fixing factory finished custom designed cold form Light Gauge Steel Framed super structure",t,kg,0.2914,INR,,CPWD Delhi Schedule of Rates 2021 Vol-II
IN,26.43.1,Providing and fixing internal wall panels on Light gauge steel frame work (Cement Fiber Board 8 mm thick),m2,sqm,2683.49,INR,,CPWD Delhi Schedule of Rates 2021 Vol-II
IN,26.43.2,Providing and fixing internal wall panels on Light gauge steel frame work (Cement Bonded particle board 8 mm),m2,sqm,2374.12,INR,,CPWD Delhi Schedule of Rates 2021 Vol-II
IN,26.44,Providing and fixing in all exterior face panels breathable vapour barrier,m2,sqm,376.98,INR,,CPWD Delhi Schedule of Rates 2021 Vol-II
IN,26.45.1,Supplying and installation of moisture resistant/fire resistant cement board (Cement Fiber Board 6 mm thick),m2,sqm,1516.04,INR,,CPWD Delhi Schedule of Rates 2021 Vol-II
IN,26.45.2,Supplying and installation of moisture resistant/fire resistant cement board (Cement Bonded particle board 8 mm thick),m2,sqm,1052.06,INR,,CPWD Delhi Schedule of Rates 2021 Vol-II
IN,26.46,"Providing and fixing in position, 200 mm thick factory made Expanded Polystyrene Core (EPS Core) wall panels",m2,sqm,4892.87,INR,,CPWD Delhi Schedule of Rates 2021 Vol-II
IN,26.47,"Providing and fixing in position, 230mm thick factory made Expanded Polystyrene Core (EPS Core) roof/floor panels",m2,sqm,5300.14,INR,,CPWD Delhi Schedule of Rates 2021 Vol-II
IN,26.49.1,Providing and fixing in position factory made EPS cement sandwich wall/roof/floor light weight solid core panels (50mm thick),m2,sqm,1461.62,INR,,CPWD Delhi Schedule of Rates 2021 Vol-II
IN,26.49.2,Providing and fixing in position factory made EPS cement sandwich wall/roof/floor light weight solid core panels (60mm thick),m2,sqm,1652.21,INR,,CPWD Delhi Schedule of Rates 2021 Vol-II
IN,26.49.3,Providing and fixing in position factory made EPS cement sandwich wall/roof/floor light weight solid core panels (75mm thick),m2,sqm,2050.83,INR,,CPWD Delhi Schedule of Rates 2021 Vol-II
IN,26.49.4,Providing and fixing in position factory made EPS cement sandwich wall/roof/floor light weight solid core panels (90mm thick),m2,sqm,2386.93,INR,,CPWD Delhi Schedule of Rates 2021 Vol-II
IN,26.49.5,Providing and fixing in position factory made EPS cement sandwich wall/roof/floor light weight solid core panels (100mm thick),m2,sqm,2811.48,INR,,CPWD Delhi Schedule of Rates 2021 Vol-II
IN,26.5,Providing & fixing in position Phenol bonded Bamboo wood panelling,m2,sqm,4462.16,INR,,CPWD Delhi Schedule of Rates 2021 Vol-II
IN,26.50.1,Providing and fixing in position factory made non asbestos fibre reinforced aerated cement sandwich wall/roof/floor light weight solid core panels (50mm thick),m2,sqm,1678.72,INR,,CPWD Delhi Schedule of Rates 2021 Vol-II
IN,26.50.2,Providing and fixing in position factory made non asbestos fibre reinforced aerated cement sandwich wall/roof/floor light weight solid core panels (75mm thick),m2,sqm,1947.95,INR,,CPWD Delhi Schedule of Rates 2021 Vol-II
IN,26.51,Supplying of standard quality GFRG panel of 124 mm thickness,m2,sqm,1618.51,INR,,CPWD Delhi Schedule of Rates 2021 Vol-II
IN,26.52,Erection of GFRG Panels in walls in all floors using suitable crane,m2,sqm,290.31,INR,,CPWD Delhi Schedule of Rates 2021 Vol-II
IN,26.53,Filling of empty cavities with quarry dust mixed with 5% cement,m3,cum,2937.56,INR,,CPWD Delhi Schedule of Rates 2021 Vol-II
IN,26.54,Laying of GFRG panel as roof / floor slab panel and staircase panel,m2,sqm,294.82,INR,,CPWD Delhi Schedule of Rates 2021 Vol-II
IN,26.55,Supplying and fixing 10 Gauge weld mesh of size 100mm x 100 mm,m2,sqm,291.79,INR,,CPWD Delhi Schedule of Rates 2021 Vol-II
IN,26.56,Application of ZMB 60/equivalent solution,m2,sqm,373.64,INR,,CPWD Delhi Schedule of Rates 2021 Vol-II
IN,26.57,"After erection of GFRG wall panels, seal all GFRG wall joints with paper tape temporarily",m,metre,105.28,INR,,CPWD Delhi Schedule of Rates 2021 Vol-II
IN,26.59,"Water proofing treatment of Vertical joints between door frame, window & ventilator frames",m,metre,52.36,INR,,CPWD Delhi Schedule of Rates 2021 Vol-II
IN,26.62,"Designing, Providing, installing and fixing factory finished customed design pregalvanized high tensile steel joists",t,kg,0.1749,INR,,CPWD Delhi Schedule of Rates 2021 Vol-II
IN,26.63,Providing and fixing special adjustable lockbars of mild steel E-250,t,kg,0.0276,INR,,CPWD Delhi Schedule of Rates 2021 Vol-II
IN,26.65,Providing and fixing roofing consist of 0.8 mm thick galvanized steel deck sheet,m2,sqm,2015.83,INR,,CPWD Delhi Schedule of Rates 2021 Vol-II
IN,26.66,"Providing and fixing in position, 130 mm thick factory made Expanded Polystyrene Core (EPS Core) wall panels",m2,sqm,2986.96,INR,,CPWD Delhi Schedule of Rates 2021 Vol-II
IN,26.67,Providing and fixing of external thermal insulation and composite system,m2,sqm,4318.61,INR,,CPWD Delhi Schedule of Rates 2021 Vol-II
IN,26.6A,"Providing, erecting, laying and fixing in position in 3.5 to 4 mm thick bamboo mat corrugated sheet (BMCS)",m2,sqm,6415.26,INR,,CPWD Delhi Schedule of Rates 2021 Vol-II
IN,26.6B,Providing and fixing in position ridges of 3.5 to 4 mm thick bamboo mat ridge cap (BMRC),m,metre,5134.09,INR,,CPWD Delhi Schedule of Rates 2021 Vol-II
IN,26.6C,Providing and fixing at all height false ceiling of 4mm thick phenol bonded Bamboo Mat board,m2,sqm,4173.62,INR,,CPWD Delhi Schedule of Rates 2021 Vol-II
IN,26.6D.1,Providing and fixing at Bamboo Mat board for partition (3mm thickness),m2,sqm,3020.68,INR,,CPWD Delhi Schedule of Rates 2021 Vol-II
IN,26.6D.2,Providing and fixing at Bamboo Mat board for partition (4mm thickness),m2,sqm,3462.03,INR,,CPWD Delhi Schedule of Rates 2021 Vol-II
IN,26.6D.3,Providing and fixing at Bamboo Mat board for partition (6mm thickness),m2,sqm,4129.1,INR,,CPWD Delhi Schedule of Rates 2021 Vol-II
IN,26.6D.4,Providing and fixing at Bamboo Mat board for partition (9mm thickness),m2,sqm,5237.64,INR,,CPWD Delhi Schedule of Rates 2021 Vol-II
IN,26.6D.5,Providing and fixing at Bamboo Mat board for partition (12mm thickness),m2,sqm,6021.08,INR,,CPWD Delhi Schedule of Rates 2021 Vol-II
IN,26.6E.1,Providing and fixing at all height wall panelling with phenol bonded Bamboo Mat board (9mm thickness),m2,sqm,5513.95,INR,,CPWD Delhi Schedule of Rates 2021 Vol-II
IN,26.6E.2,Providing and fixing at all height wall panelling with phenol bonded Bamboo Mat board (12mm thickness),m2,sqm,6299.47,INR,,CPWD Delhi Schedule of Rates 2021 Vol-II
IN,26.7,Providing and fixing 50 mm thick extruded polystyrene rigid insulation board,m2,sqm,1051.74,INR,,CPWD Delhi Schedule of Rates 2021 Vol-II
IN,26.73.1.1,"Fabrication & Manufacturing of Prestressed Hollow Core slab (100 mm thick, M-40)",m,metre,1549.15,INR,,CPWD Delhi Schedule of Rates 2021 Vol-II
IN,26.73.1.2,"Fabrication & Manufacturing of Prestressed Hollow Core slab (120 mm thick, M-40)",m,metre,1791.98,INR,,CPWD Delhi Schedule of Rates 2021 Vol-II
IN,26.73.1.3,"Fabrication & Manufacturing of Prestressed Hollow Core slab (150 mm thick, M-40)",m,metre,2185.22,INR,,CPWD Delhi Schedule of Rates 2021 Vol-II
IN,26.73.1.4,"Fabrication & Manufacturing of Prestressed Hollow Core slab (200 mm thick, M-40)",m,metre,2667.72,INR,,CPWD Delhi Schedule of Rates 2021 Vol-II
IN,26.73.1.5,"Fabrication & Manufacturing of Prestressed Hollow Core slab (250 mm thick, M-40)",m,metre,3279.86,INR,,CPWD Delhi Schedule of Rates 2021 Vol-II
IN,26.73.1.6,"Fabrication & Manufacturing of Prestressed Hollow Core slab (300 mm thick, M-40)",m,metre,3892,INR,,CPWD Delhi Schedule of Rates 2021 Vol-II
IN,26.73.1.7,"Fabrication & Manufacturing of Prestressed Hollow Core slab (350 mm thick, M-40)",m,metre,4504.14,INR,,CPWD Delhi Schedule of Rates 2021 Vol-II
IN,26.73.1.8,"Fabrication & Manufacturing of Prestressed Hollow Core slab (400 mm thick, M-40)",m,metre,5116.29,INR,,CPWD Delhi Schedule of Rates 2021 Vol-II
IN,26.73.2.1,Extra for using M-50 instead of M-40 (100mm thick hollow core slab),m,metre,21.33,INR,,CPWD Delhi Schedule of Rates 2021 Vol-II
IN,26.73.2.2,Extra for using M-50 instead of M-40 (120mm thick hollow core slab),m,metre,25.59,INR,,CPWD Delhi Schedule of Rates 2021 Vol-II
IN,26.73.2.3,Extra for using M-50 instead of M-40 (150mm thick hollow core slab),m,metre,31.96,INR,,CPWD Delhi Schedule of Rates 2021 Vol-II
IN,26.73.2.4,Extra for using M-50 instead of M-40 (200mm thick hollow core slab),m,metre,39.75,INR,,CPWD Delhi Schedule of Rates 2021 Vol-II
IN,26.73.2.5,Extra for using M-50 instead of M-40 (250mm thick hollow core slab),m,metre,49.7,INR,,CPWD Delhi Schedule of Rates 2021 Vol-II
IN,26.73.2.6,Extra for using M-50 instead of M-40 (300mm thick hollow core slab),m,metre,59.66,INR,,CPWD Delhi Schedule of Rates 2021 Vol-II
IN,26.73.2.7,Extra for using M-50 instead of M-40 (350mm thick hollow core slab),m,metre,69.61,INR,,CPWD Delhi Schedule of Rates 2021 Vol-II
IN,26.73.2.8,Extra for using M-50 instead of M-40 (400mm thick hollow core slab),m,metre,79.56,INR,,CPWD Delhi Schedule of Rates 2021 Vol-II
IN,26.73.3.1,Extra for using M-60 instead of M-40 (100mm thick hollow core slab),m,metre,34.12,INR,,CPWD Delhi Schedule of Rates 2021 Vol-II
IN,26.73.3.2,Extra for using M-60 instead of M-40 (120mm thick hollow core slab),m,metre,40.86,INR,,CPWD Delhi Schedule of Rates 2021 Vol-II
IN,26.73.3.3,Extra for using M-60 instead of M-40 (150mm thick hollow core slab),m,metre,51.12,INR,,CPWD Delhi Schedule of Rates 2021 Vol-II
IN,26.73.3.4,Extra for using M-60 instead of M-40 (200mm thick hollow core slab),m,metre,63.61,INR,,CPWD Delhi Schedule of Rates 2021 Vol-II
IN,26.73.3.5,Extra for using M-60 instead of M-40 (250mm thick hollow core slab),m,metre,79.56,INR,,CPWD Delhi Schedule of Rates 2021 Vol-II
IN,26.73.3.6,Extra for using M-60 instead of M-40 (300mm thick hollow core slab),m,metre,95.51,INR,,CPWD Delhi Schedule of Rates 2021 Vol-II
IN,26.73.3.7,Extra for using M-60 instead of M-40 (350mm thick hollow core slab),m,metre,110.97,INR,,CPWD Delhi Schedule of Rates 2021 Vol-II
IN,26.73.3.8,Extra for using M-60 instead of M-40 (400mm thick hollow core slab),m,metre,127.29,INR,,CPWD Delhi Schedule of Rates 2021 Vol-II
IN,26.74.2,Extra for using M-40 instead of M-35,m3,cum,284.11,INR,,CPWD Delhi Schedule of Rates 2021 Vol-II
IN,26.74.3,Extra for using M-50 instead of M-35,m3,cum,520.95,INR,,CPWD Delhi Schedule of Rates 2021 Vol-II
IN,26.74.4,Extra for using M-60 instead of M-35,m3,cum,663,INR,,CPWD Delhi Schedule of Rates 2021 Vol-II
IN,26.75,Providing & laying in position Prestressing steel strands,t,kg,0.1818,INR,,CPWD Delhi Schedule of Rates 2021 Vol-II
IN,26.76.1,Transportation of Precast Elements (Lead within 15km),t,MT,574.63,INR,,CPWD Delhi Schedule of Rates 2021 Vol-II
IN,26.76.2,Transportation of Precast Elements (Add/Deduct over item 26.76.1 for every additional lead of 5 km),t,MT,127.35,INR,,CPWD Delhi Schedule of Rates 2021 Vol-II
IN,26.78.1,Providing & Applying weather proof sealant on outer joints (Sealant 25mmx10mm at joints),m,metre,188.55,INR,,CPWD Delhi Schedule of Rates 2021 Vol-II
IN,26.79.1,Providing & Laying of levelling sim pads (2mm thick),item,each,30.04,INR,,CPWD Delhi Schedule of Rates 2021 Vol-II
IN,26.79.2,Providing & Laying of levelling sim pads (5 mm thick),item,each,38.33,INR,,CPWD Delhi Schedule of Rates 2021 Vol-II
IN,26.79.3,Providing & Laying of levelling sim pads (10 mm thick),item,each,54.84,INR,,CPWD Delhi Schedule of Rates 2021 Vol-II
IN,26.8,Providing and fixing 50 mm thick extruded polystyrene rigid insulation board underdeck,m2,sqm,1140.32,INR,,CPWD Delhi Schedule of Rates 2021 Vol-II
IN,26.80.1,Providing & Grouting of dowel tubes / Shear keys / Joints of precast members,t,kg,0.0948,INR,,CPWD Delhi Schedule of Rates 2021 Vol-II
IN,26.81,Providing and fixing Scaffolding net,m2,sqm,31.03,INR,,CPWD Delhi Schedule of Rates 2021 Vol-II
IN,26.84.1,Supplying and laying of Uni-Axial Woven Polyster Geogrid (40KN/m),m2,sqm,276.03,INR,,CPWD Delhi Schedule of Rates 2021 Vol-II
IN,26.84.2,Supplying and laying of Uni-Axial Woven Polyster Geogrid (60KN/m),m2,sqm,314.23,INR,,CPWD Delhi Schedule of Rates 2021 Vol-II
IN,26.84.3,Supplying and laying of Uni-Axial Woven Polyster Geogrid (80 KN/m),m2,sqm,390.64,INR,,CPWD Delhi Schedule of Rates 2021 Vol-II
IN,26.84.4,Supplying and laying of Uni-Axial Woven Polyster Geogrid (100KN/m),m2,sqm,446.22,INR,,CPWD Delhi Schedule of Rates 2021 Vol-II
IN,26.84.5,Supplying and laying of Uni-Axial Woven Polyster Geogrid (120KN/m),m2,sqm,475.77,INR,,CPWD Delhi Schedule of Rates 2021 Vol-II
IN,26.84.6,Supplying and laying of Uni-Axial Woven Polyster Geogrid (150KN/m),m2,sqm,588.65,INR,,CPWD Delhi Schedule of Rates 2021 Vol-II
IN,26.84.7,Supplying and laying of Uni-Axial Woven Polyster Geogrid (200KN/m),m2,sqm,685.89,INR,,CPWD Delhi Schedule of Rates 2021 Vol-II
IN,26.84.8,Supplying and laying of Uni-Axial Woven Polyster Geogrid (250KN/m),m2,sqm,830.05,INR,,CPWD Delhi Schedule of Rates 2021 Vol-II
IN,26.84.9,Supplying and laying of Uni-Axial Woven Polyster Geogrid (300KN/m),m2,sqm,953.39,INR,,CPWD Delhi Schedule of Rates 2021 Vol-II
IN,26.85.1,Supplying and laying of Bi-Axial Woven Polyster Geogrid (20KN/m),m2,sqm,232.57,INR,,CPWD Delhi Schedule of Rates 2021 Vol-II
IN,26.85.2,Supplying and laying of Bi-Axial Woven Polyster Geogrid (40KN/m),m2,sqm,335.06,INR,,CPWD Delhi Schedule of Rates 2021 Vol-II
IN,26.85.3,Supplying and laying of Bi-Axial Woven Polyster Geogrid (60KN/m),m2,sqm,421.92,INR,,CPWD Delhi Schedule of Rates 2021 Vol-II
IN,26.86.1,Providing and fixing factory made single extruded WPC solid door/window Frames (45 x 70 mm),m,metre,797.11,INR,,CPWD Delhi Schedule of Rates 2021 Vol-II
IN,26.86.2,Providing and fixing factory made single extruded WPC solid door/window Frames (45 x 85 mm),m,metre,1029.86,INR,,CPWD Delhi Schedule of Rates 2021 Vol-II
IN,26.86.3,Providing and fixing factory made single extruded WPC solid door/window Frames (50 x 100 mm),m,metre,1054.65,INR,,CPWD Delhi Schedule of Rates 2021 Vol-II
IN,26.86.4,Providing and fixing factory made single extruded WPC solid door/window Frames (50 x 125 mm),m,metre,1203.51,INR,,CPWD Delhi Schedule of Rates 2021 Vol-II
IN,26.86.5,Providing and fixing factory made single extruded WPC solid door/window Frames (65 x 100 mm),m,metre,1236.59,INR,,CPWD Delhi Schedule of Rates 2021 Vol-II
IN,26.86.6,Providing and fixing factory made single extruded WPC solid door/window Frames (65 x 125 mm),m,metre,1542.66,INR,,CPWD Delhi Schedule of Rates 2021 Vol-II
IN,26.86.7,Providing and fixing factory made single extruded WPC solid door/window Frames (65 x 150 mm),m,metre,1832.16,INR,,CPWD Delhi Schedule of Rates 2021 Vol-II
IN,26.89.1,Providing and fixing factory made single extruded WPC solid board (18 mm thick),m2,sqm,3355.78,INR,,CPWD Delhi Schedule of Rates 2021 Vol-II
IN,26.89.2,Providing and fixing factory made single extruded WPC solid board (25 mm thick),m2,sqm,4364.86,INR,,CPWD Delhi Schedule of Rates 2021 Vol-II
IN,26.9,Providing and fixing factory made solid Foam uPVC profile for kitchen cabinet frame,m,metre,494.43,INR,,CPWD Delhi Schedule of Rates 2021 Vol-II
IN,26.90.1,Providing and fixing factory made single extruded WPC solid plain white color board (6 mm thick),m2,sqm,1214.14,INR,,CPWD Delhi Schedule of Rates 2021 Vol-II
IN,26.90.2,Providing and fixing factory made single extruded WPC solid plain white color board (12 mm thick),m2,sqm,1908.94,INR,,CPWD Delhi Schedule of Rates 2021 Vol-II
IN,26.91,Providing and fixing factory made 18 mm thick single extruded WPC solid plain white colour board Jali,m2,sqm,3878.16,INR,,CPWD Delhi Schedule of Rates 2021 Vol-II
IN,26.92.1,"Providing and fixing of façade at all heights with extruded hollow Clay / Terracotta ventilated rainscreen tiles (16mm thickness, grey colour)",m2,sqm,6769.66,INR,,CPWD Delhi Schedule of Rates 2021 Vol-II
IN,26.92.2,"Providing and fixing of façade at all heights with extruded hollow Clay / Terracotta ventilated rainscreen tiles (16mm thickness, other than grey colors)",m2,sqm,6489.12,INR,,CPWD Delhi Schedule of Rates 2021 Vol-II
IN,26.93.1,"Providing and fixing of façade at all heights with extruded hollow Clay / Terracotta ventilated rainscreen tiles (24mm thickness, grey colour)",m2,sqm,6905.48,INR,,CPWD Delhi Schedule of Rates 2021 Vol-II
IN,26.93.2,"Providing and fixing of façade at all heights with extruded hollow Clay / Terracotta ventilated rainscreen tiles (24mm thickness, other than grey colors)",m2,sqm,6532.09,INR,,CPWD Delhi Schedule of Rates 2021 Vol-II
SG,III.1.1.A,Lean/Mass Concrete: Lean or Mass concrete binding to any location - grade 15,m3,m3,122.96,SGD,Concrete,"BCA Schedule of Rates, May 2022"
SG,III.1.2.A,Reinforced Concrete: Reinforced concrete to any location - grade 25,m3,m3,158.09,SGD,Concrete,"BCA Schedule of Rates, May 2022"
SG,III.4.1.A,"Precast Concrete Components: Precast concrete components complete with steel reinforcement, the whole hoisted, fixed and casted in place... - column",m3,m3,1560.24,SGD,Concrete,"BCA Schedule of Rates, May 2022"
SG,III.4.1.B,"Precast Concrete Components: Precast concrete components complete with steel reinforcement, the whole hoisted, fixed and casted in place... - beam",m3,m3,1362.34,SGD,Concrete,"BCA Schedule of Rates, May 2022"
SG,III.4.1.C,"Precast Concrete Components: Precast concrete components complete with steel reinforcement, the whole hoisted, fixed and casted in place... - 100mm thick partition wall",m2,m2,123.54,SGD,Concrete,"BCA Schedule of Rates, May 2022"
SG,III.4.1.D,"Precast Concrete Components: Precast concrete components complete with steel reinforcement, the whole hoisted, fixed and casted in place... - 100mm thick light weight partition wall",m2,m2,72.6,SGD,Concrete,"BCA Schedule of Rates, May 2022"
SG,V.7.A,Integrated Finish: Power floated finish to concrete slab generally,m2,m2,5.74,SGD,Concrete,"BCA Schedule of Rates, May 2022"
SG,V.7.B,Integrated Finish: Power floated finish to concrete slab - with non-metallic hardener; generally,m2,m2,18.27,SGD,Concrete,"BCA Schedule of Rates, May 2022"
SG,VI.1.2.A,Tile Roofing: Concrete Roof Tiles: Standard colour interlocking concrete roofing tile laid to slope not exceeding 30° (measured nett with no allowance for laps); fixed to battens... - generally,m2,m2,28.81,SGD,Concrete,"BCA Schedule of Rates, May 2022"
SG,VI.1.2.B,Tile Roofing: Concrete Roof Tiles: Standard colour interlocking concrete roofing tile laid to slope not exceeding 30° (measured nett with no allowance for laps); fixed to battens... - ridge tile,m,m,17.21,SGD,Concrete,"BCA Schedule of Rates, May 2022"
SG,VI.2.3.A,Built-up Roofing: Panel Roofing: 50mm thick precast concrete slab... - Concrete grade 20 to roof slabs; finished to falls,m2,m2,43.33,SGD,Concrete,"BCA Schedule of Rates, May 2022"
SG,VI.2.3.B,Built-up Roofing: Panel Roofing: 50mm thick precast concrete slab... - Concrete grade 25 to roof slabs; finished to falls,m2,m2,50.12,SGD,Concrete,"BCA Schedule of Rates, May 2022"
SG,X.4.1.C,Metal Work: Railings: Stainless Steel: 1000mm high stainless steel (grade 304) railing in hairline finish... - horizontal balustrades,m,m,482.1,SGD,Concrete,"BCA Schedule of Rates, May 2022"
SG,X.4.1.D,Metal Work: Railings: Stainless Steel: 1000mm high stainless steel (grade 304) railing in hairline finish... - raking balustrades,m,m,515.24,SGD,Concrete,"BCA Schedule of Rates, May 2022"
SG,X.4.1.E,Metal Work: Railings: Stainless Steel: Stainless steel (grade 304) wall mounted tubular railing in hairline finish... - horizontal balustrades,m,m,120.85,SGD,Concrete,"BCA Schedule of Rates, May 2022"
SG,XI.1.4.A,Floor Finishes: In-situ Finishes: Liquid applied floor hardener: Supply and apply 3 coats of liquid applied hardener to concrete surface - to floor; generally,m2,m2,45.2,SGD,Concrete,"BCA Schedule of Rates, May 2022"
SG,XI.1.5.A,Floor Finishes: In-situ Finishes: Anti-skid Coating: Supply and apply epoxy coatings to concrete surface to floor; generally,m2,m2,23.42,SGD,Concrete,"BCA Schedule of Rates, May 2022"
SG,XI.1.6.A,"Floor Finishes: In-situ Finishes: Granolithic Paving: Granolithic paving in cement, sand and granite chippings (2:1:5) mortar to concrete surface... - average 25mm thick; generally",m2,m2,48.6,SGD,Concrete,"BCA Schedule of Rates, May 2022"
SG,XI.1.6.B,"Floor Finishes: In-situ Finishes: Granolithic Paving: Granolithic paving in cement, sand and granite chippings (2:1:5) mortar to concrete surface... - average 32mm thick; generally",m2,m2,50.35,SGD,Concrete,"BCA Schedule of Rates, May 2022"
SG,XI.1.6.C,"Floor Finishes: In-situ Finishes: Granolithic Paving: Granolithic paving in cement, sand and granite chippings (2:1:5) mortar to concrete surface... - average 50mm thick; generally",m2,m2,60.07,SGD,Concrete,"BCA Schedule of Rates, May 2022"
SG,XII.1.2.A,"Wall Finishes: In-situ Finishes: Skim Coat Plaster: Skim coat plaster finished smooth to concrete surfaces to wall/column, generally",m2,m2,13.93,SGD,Concrete,"BCA Schedule of Rates, May 2022"
SG,XIII.1.1.A,"Ceiling Finishes: In-situ Finishes: Skim Coat Plaster: Skim coat plaster finished smooth to concrete surfaces - to ceiling, generally",m2,m2,13.58,SGD,Concrete,"BCA Schedule of Rates, May 2022"
SG,XIII.1.1.B,Ceiling Finishes: In-situ Finishes: Skim Coat Plaster: Skim coat plaster finished smooth to concrete surfaces - Extra over for every 1.5m high,m2,m2,1.64,SGD,Concrete,"BCA Schedule of Rates, May 2022"
SG,XV.1.1.A,"Painting: Internal Painting: General Surfaces: Preparing, sealing, applying paint on plastered or concrete surfaces - one sealer coat and two finishing coats of acrylic emulsion paint",m2,m2,5.04,SGD,Concrete,"BCA Schedule of Rates, May 2022"
SG,XV.1.1.B,"Painting: Internal Painting: General Surfaces: Preparing, sealing, applying paint on plastered or concrete surfaces - one sealer coat and two finishing coats of acrylic elastomeric paint",m2,m2,5.5,SGD,Concrete,"BCA Schedule of Rates, May 2022"
SG,XV.1.1.C,"Painting: Internal Painting: General Surfaces: Preparing, sealing, applying paint on plastered or concrete surfaces - one sealer coat, one undercoat and two finishing coats of acrylic emulsion paint",m2,m2,5.62,SGD,Concrete,"BCA Schedule of Rates, May 2022"
SG,XV.1.1.D,"Painting: Internal Painting: General Surfaces: Preparing, sealing, applying paint on plastered or concrete surfaces - one sealer coat, one undercoat and two finishing coats of acrylic elastomeric paint",m2,m2,6.79,SGD,Concrete,"BCA Schedule of Rates, May 2022"
SG,XV.1.1.E,"Painting: Internal Painting: General Surfaces: Preparing, sealing, applying paint on plastered or concrete surfaces - one sealer coat, one texture coat and two finishing coats of emulsion paint",m2,m2,11.71,SGD,Concrete,"BCA Schedule of Rates, May 2022"
SG,XV.1.1.F,"Painting: Internal Painting: General Surfaces: Preparing, sealing, applying paint on plastered or concrete surfaces - one sealer coat, one texture coat and two finishing coats of acrylic elastomeric paint",m2,m2,15.46,SGD,Concrete,"BCA Schedule of Rates, May 2022"
SG,XV.2.1.A,"Painting: External Painting: General Surfaces: Preparing, sealing, applying paint on plastered or concrete surfaces - one sealer coat and two finishing coats of weathershield emulsion paint",m2,m2,7.03,SGD,Concrete,"BCA Schedule of Rates, May 2022"
SG,XV.2.1.B,"Painting: External Painting: General Surfaces: Preparing, sealing, applying paint on plastered or concrete surfaces - one sealer coat and two finishing coats of acrylic elastomeric paint",m2,m2,7.61,SGD,Concrete,"BCA Schedule of Rates, May 2022"
SG,XV.2.1.C,"Painting: External Painting: General Surfaces: Preparing, sealing, applying paint on plastered or concrete surfaces - one sealer coat, one texture coat and two finishing coats of weathershield emulsion paint",m2,m2,12.18,SGD,Concrete,"BCA Schedule of Rates, May 2022"
SG,XV.2.1.D,"Painting: External Painting: General Surfaces: Preparing, sealing, applying paint on plastered or concrete surfaces - one sealer coat, one texture coat and two finishing coats of acrylic elastomeric paint",m2,m2,14.64,SGD,Concrete,"BCA Schedule of Rates, May 2022"
SG,XV.2.1.E,"Painting: External Painting: General Surfaces: Preparing, sealing, applying paint on plastered or concrete surfaces - three coats of water based high build acrylic resin texture coat incorporating natural granite chip c/w clear top coat",m2,m2,14.87,SGD,Concrete,"BCA Schedule of Rates, May 2022"
SG,XV.3.1.A,Painting: General: Labour: Supply labour to prepare and apply paint on - concrete or plastered surface,m2,m2,1.99,SGD,Concrete,"BCA Schedule of Rates, May 2022"
SG,II.2.1.A,"Oversite Excavation: Excavate over site, commencing from ground level, to reduce level - average 100mm deep",m2,m2,4.68,SGD,Excavation,"BCA Schedule of Rates, May 2022"
SG,II.2.1.B,"Oversite Excavation: Excavate over site, commencing from ground level, to reduce level - average 200mm deep",m2,m2,5.97,SGD,Excavation,"BCA Schedule of Rates, May 2022"
SG,II.2.1.C,"Oversite Excavation: Excavate over site, commencing from ground level, to reduce level - average 300mm deep",m2,m2,7.61,SGD,Excavation,"BCA Schedule of Rates, May 2022"
SG,II.2.1.D,"Oversite Excavation: Excavate over site, commencing from ground level, to reduce level - exceed average 300mm deep",m3,m3,22.6,SGD,Excavation,"BCA Schedule of Rates, May 2022"
SG,II.2.2.A,"Pit/Trench Excavation: Excavate to form pit or trench, commencing from reduced level - ne 2.00m deep",m3,m3,42.62,SGD,Excavation,"BCA Schedule of Rates, May 2022"
SG,II.2.2.B,"Pit/Trench Excavation: Excavate to form pit or trench, commencing from reduced level - 2.00 - 4.00m deep",m3,m3,46.25,SGD,Excavation,"BCA Schedule of Rates, May 2022"
SG,II.2.2.C,"Pit/Trench Excavation: Excavate to form pit or trench, commencing from reduced level - 4.00 - 6.00m deep",m3,m3,49.53,SGD,Excavation,"BCA Schedule of Rates, May 2022"
SG,II.2.2.D,"Pit/Trench Excavation: Excavate to form pit or trench, commencing from reduced level - extra over for each 2.00m deep",m3,m3,6.56,SGD,Excavation,"BCA Schedule of Rates, May 2022"
SG,II.2.3.A,"Basement Excavation: Excavate to form basement, commencing from reduced level - ne 2.00m deep",m3,m3,36.18,SGD,Excavation,"BCA Schedule of Rates, May 2022"
SG,II.2.3.B,"Basement Excavation: Excavate to form basement, commencing from reduced level - 2.00 - 4.00m deep",m3,m3,39.11,SGD,Excavation,"BCA Schedule of Rates, May 2022"
SG,II.2.3.C,"Basement Excavation: Excavate to form basement, commencing from reduced level - 4.00 - 6.00m deep",m3,m3,42.39,SGD,Excavation,"BCA Schedule of Rates, May 2022"
SG,II.2.3.D,"Basement Excavation: Excavate to form basement, commencing from reduced level - extra over for each 2.00m deep",m3,m3,3.86,SGD,Excavation,"BCA Schedule of Rates, May 2022"
SG,II.2.4.A,Break Up Obstruction: Extra over excavation for breaking up obstruction below ground level using mechanical means - rock,m3,m3,181.27,SGD,Excavation,"BCA Schedule of Rates, May 2022"
SG,II.3.1.A,"Backfilling: Backfill around trench, column base, pile cap, foundation, beam and pier hole - excavated material obtained within the site",m3,m3,12.53,SGD,Excavation,"BCA Schedule of Rates, May 2022"
SG,III.3.1.A,Timber Formwork: Timber formwork to in-situ concrete including strutting ne 3.50m high - flat surface of suspended slab,m2,m2,61.13,SGD,Formwork,"BCA Schedule of Rates, May 2022"
SG,III.3.1.B,"Timber Formwork: Timber formwork to in-situ concrete including strutting ne 3.50m high - vertical surface of pilecap, ground beam, etc.",m2,m2,61.13,SGD,Formwork,"BCA Schedule of Rates, May 2022"
SG,III.3.1.C,"Timber Formwork: Timber formwork to in-situ concrete including strutting ne 3.50m high - vertical surface of column, walls",m2,m2,61.13,SGD,Formwork,"BCA Schedule of Rates, May 2022"
SG,III.3.1.D,"Timber Formwork: Timber formwork to in-situ concrete including strutting ne 3.50m high - vertical curved surface of column, wall",m2,m2,71.43,SGD,Formwork,"BCA Schedule of Rates, May 2022"
SG,III.3.1.E,Timber Formwork: Timber formwork to in-situ concrete including strutting ne 3.50m high - sides and soffits of beams,m2,m2,62.3,SGD,Formwork,"BCA Schedule of Rates, May 2022"
SG,III.3.1.F,Timber Formwork: Timber formwork to in-situ concrete including strutting ne 3.50m high - sloping surfaces to soffit of slabs and staircases,m2,m2,64.99,SGD,Formwork,"BCA Schedule of Rates, May 2022"
SG,III.3.1.G,Timber Formwork: Timber formwork to in-situ concrete including strutting ne 3.50m high - vertical edge for each 100mm high,m,m,10.77,SGD,Formwork,"BCA Schedule of Rates, May 2022"
SG,III.3.1.H,Timber Formwork: Extra over formwork for strutting exceeding 3.50m each 1.50m high,m2,m2,4.45,SGD,Formwork,"BCA Schedule of Rates, May 2022"
SG,III.3.2.A,Metal Formwork: Metal formwork to in-situ concrete with strutting not exceeding 3.50m high - vertical surface,m2,m2,68.74,SGD,Formwork,"BCA Schedule of Rates, May 2022"
SG,III.3.2.B,Metal Formwork: Metal formwork to in-situ concrete with strutting not exceeding 3.50m high - vertical curved surface,m2,m2,76.23,SGD,Formwork,"BCA Schedule of Rates, May 2022"
SG,III.3.2.C,Metal Formwork: Metal formwork to in-situ concrete with strutting not exceeding 3.50m high - horizontal surface,m2,m2,69.56,SGD,Formwork,"BCA Schedule of Rates, May 2022"
SG,III.3.2.D,Metal Formwork: Metal formwork to in-situ concrete with strutting not exceeding 3.50m high - left in formwork to soffits of suspended slab,m2,m2,102.11,SGD,Formwork,"BCA Schedule of Rates, May 2022"
SG,III.3.2.E,Metal Formwork: Extra over formwork for strutting exceeding 3.50m high - every successive 1.50m high,m2,m2,7.61,SGD,Formwork,"BCA Schedule of Rates, May 2022"
SG,V.5.1.A,"Joint Fillers: Compressible non-extruding bitumen impregnated fibreboard to joint, including all necessary formwork - 10mm thick",m2,m2,31.03,SGD,Formwork,"BCA Schedule of Rates, May 2022"
SG,V.5.1.B,"Joint Fillers: Compressible non-extruding bitumen impregnated fibreboard to joint, including all necessary formwork - 12mm thick",m2,m2,37.48,SGD,Formwork,"BCA Schedule of Rates, May 2022"
SG,V.5.1.C,"Joint Fillers: Compressible non-extruding bitumen impregnated fibreboard to joint, including all necessary formwork - 25mm thick",m2,m2,53.05,SGD,Formwork,"BCA Schedule of Rates, May 2022"
SG,X.3.3.A,"Metal Work: Metal Doors: Roller Shutter: Manually operated roller shutter, in non-corrosive aluminium finish... - non fire-rated; generally",m2,m2,380.58,SGD,Formwork,"BCA Schedule of Rates, May 2022"
SG,X.3.3.B,"Metal Work: Metal Doors: Roller Shutter: Manually operated roller shutter, in non-corrosive aluminium finish... - 1/2 hour fire-rated; generally",m2,m2,588.43,SGD,Formwork,"BCA Schedule of Rates, May 2022"
SG,X.3.3.C,Metal Work: Metal Doors: Roller Shutter: Electric motorised operated roller shutter... - non fire-rated; generally,m2,m2,650.61,SGD,Formwork,"BCA Schedule of Rates, May 2022"
SG,X.3.3.D,Metal Work: Metal Doors: Roller Shutter: Electric motorised operated roller shutter... - 1/2 hour fire-rated; generally,m2,m2,781.17,SGD,Formwork,"BCA Schedule of Rates, May 2022"
SG,V.5.3.A,Prestressing Cables: Tendons to prestressed concrete complete with all necessary fixing accessories and grouts - 12.9mm tendon,t,kg,0.0071,SGD,M&E Containment,"BCA Schedule of Rates, May 2022"
SG,VI.4.3.A,Rainwater Goods: UPVC Downpipes: Unplasticised polyvinyl chloride rainwater pipes and fittings; SS213 Class B; jointing in accordance to manufacturer's recommendation - Pipes; casting inside reinforced concrete columns - 100mm diameter,m,m,56.21,SGD,M&E Containment,"BCA Schedule of Rates, May 2022"
SG,VI.4.3.B,Rainwater Goods: UPVC Downpipes: Unplasticised polyvinyl chloride rainwater pipes and fittings; SS213 Class B; jointing in accordance to manufacturer's recommendation - Pipes; casting inside reinforced concrete columns - 150mm diameter,m,m,72.6,SGD,M&E Containment,"BCA Schedule of Rates, May 2022"
SG,VI.4.3.C,Rainwater Goods: UPVC Downpipes: Unplasticised polyvinyl chloride rainwater pipes and fittings; SS213 Class B; jointing in accordance to manufacturer's recommendation - Pipes; casting inside reinforced concrete columns - 200mm diameter,m,m,89.11,SGD,M&E Containment,"BCA Schedule of Rates, May 2022"
SG,VI.4.3.G,Rainwater Goods: UPVC Downpipes: Unplasticised polyvinyl chloride rainwater pipes and fittings; SS213 Class B; jointing in accordance to manufacturer's recommendation - Pipes; suspending from concrete soffits including hangers - 100mm diameter,m,m,56.21,SGD,M&E Containment,"BCA Schedule of Rates, May 2022"
SG,VI.4.3.H,Rainwater Goods: UPVC Downpipes: Unplasticised polyvinyl chloride rainwater pipes and fittings; SS213 Class B; jointing in accordance to manufacturer's recommendation - Pipes; suspending from concrete soffits including hangers - 150mm diameter,m,m,72.6,SGD,M&E Containment,"BCA Schedule of Rates, May 2022"
SG,VI.4.3.I,Rainwater Goods: UPVC Downpipes: Unplasticised polyvinyl chloride rainwater pipes and fittings; SS213 Class B; jointing in accordance to manufacturer's recommendation - Pipes; suspending from concrete soffits including hangers - 200mm diameter,m,m,89.46,SGD,M&E Containment,"BCA Schedule of Rates, May 2022"
SG,XV.1.5.A,"Painting: Internal Painting: Large Metal Pipe Surfaces: Preparing, priming, applying paint on large metal pipes - two coats of aluminium primer, one undercoat and two finishing coats of synthetic enamel paint",m,m,5.04,SGD,M&E Containment,"BCA Schedule of Rates, May 2022"
SG,XV.1.5.B,"Painting: Internal Painting: Large Metal Pipe Surfaces: Preparing, priming, applying paint on large metal pipes - two coats of zinc chromate primer, one undercoat and two finishing coats of synthetic enamel paint",m,m,4.92,SGD,M&E Containment,"BCA Schedule of Rates, May 2022"
SG,XV.1.6.A,"Painting: Internal Painting: Small Metal Pipe Surfaces: Preparing, priming, applying paint on small metal pipes - two coats of aluminium primer, one undercoat and two finishing coats of synthetic enamel paint",m,m,3.86,SGD,M&E Containment,"BCA Schedule of Rates, May 2022"
SG,XV.1.6.B,"Painting: Internal Painting: Small Metal Pipe Surfaces: Preparing, priming, applying paint on small metal pipes - two coats of zinc chromate primer, one undercoat and two finishing coats of synthetic enamel paint",m,m,4.1,SGD,M&E Containment,"BCA Schedule of Rates, May 2022"
SG,XV.1.7.A,"Painting: Internal Painting: Large UPVC Pipe Surfaces: Preparing, priming, applying paint on large uPVC pipes - one coat of polyvinyl acetate primer, one undercoat and two finishing coats of synthetic enamel paint",m,m,3.98,SGD,M&E Containment,"BCA Schedule of Rates, May 2022"
SG,XV.1.8.A,"Painting: Internal Painting: Small UPVC Pipe Surfaces: Preparing, priming, applying paint on small uPVC pipes - one coat of polyvinyl acetate primer, one undercoat and two finishing coats of synthetic enamel paint",m,m,3.28,SGD,M&E Containment,"BCA Schedule of Rates, May 2022"
SG,XV.3.1.D,Painting: General: Labour: Supply labour to prepare and apply paint on - large pipe surface,m,m,1.99,SGD,M&E Containment,"BCA Schedule of Rates, May 2022"
SG,XV.3.1.E,Painting: General: Labour: Supply labour to prepare and apply paint on - small pipe surface,m,m,1.99,SGD,M&E Containment,"BCA Schedule of Rates, May 2022"
SG,V.1.1.A,Clay Bricks: Common Brickwork: Common clay brick laid in cement mortar (1:4) with approved plasticiser and mesh reinforcement at every fourth course - 102.5mm thick,m2,m2,45.55,SGD,Masonry,"BCA Schedule of Rates, May 2022"
SG,V.1.1.B,Clay Bricks: Common Brickwork: Common clay brick laid in cement mortar (1:4) with approved plasticiser and mesh reinforcement at every fourth course - 215mm thick,m2,m2,90.4,SGD,Masonry,"BCA Schedule of Rates, May 2022"
SG,V.1.2.A,Clay Bricks: Facing Brickwork: First quality facing brick laid in cement mortar (1:4) with approved plasticiser and mesh reinforcement at every fourth course - 102.5mm thick,m2,m2,60.42,SGD,Masonry,"BCA Schedule of Rates, May 2022"
SG,V.1.2.B,Clay Bricks: Facing Brickwork: First quality facing brick laid in cement mortar (1:4) with approved plasticiser and mesh reinforcement at every fourth course - 215mm thick,m2,m2,119.79,SGD,Masonry,"BCA Schedule of Rates, May 2022"
SG,V.2.1.A,Concrete Blocks: Hollow Concrete Blockwork: Hollow concrete block laid in cement mortar (1:4) with approved plasticiser and mesh reinforcement at every fourth course - 90mm thick,m2,m2,37.35,SGD,Masonry,"BCA Schedule of Rates, May 2022"
SG,V.2.1.B,Concrete Blocks: Hollow Concrete Blockwork: Hollow concrete block laid in cement mortar (1:4) with approved plasticiser and mesh reinforcement at every fourth course - 190mm thick,m2,m2,75.88,SGD,Masonry,"BCA Schedule of Rates, May 2022"
SG,V.2.2.A,Concrete Blocks: Autoclaved Aerated Concrete Blockwork: Autoclaved aerated concrete block laid in cement mortar (1:4) with approved plasticiser and mesh reinforcement at every fourth course - 100mm thick,m2,m2,49.88,SGD,Masonry,"BCA Schedule of Rates, May 2022"
SG,V.2.2.B,Concrete Blocks: Autoclaved Aerated Concrete Blockwork: Autoclaved aerated concrete block laid in cement mortar (1:4) with approved plasticiser and mesh reinforcement at every fourth course - 200mm thick,m2,m2,80.45,SGD,Masonry,"BCA Schedule of Rates, May 2022"
SG,V.3.1.A,Glass Blocks: Glass Blockwork: Glass block laid in cement mortar (1:4) with approved plasticiser and mesh reinforcement at every fourth course - 80mm thick,m2,m2,369.1,SGD,Masonry,"BCA Schedule of Rates, May 2022"
SG,XII.1.1.A,Wall Finishes: In-situ Finishes: Smooth Finished Plaster: Plastering in cement and sand (1:4) mortar plasticiser finished with a steel trowel to concrete or brick surface - 6mm thick; internal,m2,m2,18.38,SGD,Masonry,"BCA Schedule of Rates, May 2022"
SG,XII.1.1.B,Wall Finishes: In-situ Finishes: Smooth Finished Plaster: Plastering in cement and sand (1:4) mortar plasticiser finished with a steel trowel to concrete or brick surface - 13mm thick; internal,m2,m2,24.36,SGD,Masonry,"BCA Schedule of Rates, May 2022"
SG,XII.1.1.C,Wall Finishes: In-situ Finishes: Smooth Finished Plaster: Plastering in cement and sand (1:4) mortar plasticiser finished with a steel trowel to concrete or brick surface - 20mm thick; external,m2,m2,28.69,SGD,Masonry,"BCA Schedule of Rates, May 2022"
SG,XII.1.3.A,Wall Finishes: In-situ Finishes: Screed Backing: Cement and sand (1:3) screeded backing finished with wood float to concrete or brick surface to receive tiling (measured separately),m2,m2,22.25,SGD,Masonry,"BCA Schedule of Rates, May 2022"
SG,XII.1.4.A,Wall Finishes: In-situ Finishes: Aggregate Plaster: Granite aggregate plaster in cement and granite chippings (1:2) mortar with plasticiser to concrete or brick surface; including scrubbing to produce exposed aggregate finish,m2,m2,33.14,SGD,Masonry,"BCA Schedule of Rates, May 2022"
SG,XV.2.1.F,"Painting: External Painting: General Surfaces: Preparing, sealing, applying paint on fairface masonry surfaces - two coats of water repellant solution",m2,m2,5.39,SGD,Masonry,"BCA Schedule of Rates, May 2022"
SG,VI.2.1.A,Built-up Roofing: Insitu Finishes: Cement and sand (1:3) screed with waterproofing additive; finished with steel trowel to receive waterproofing membrane... - 25mm (average) thick; finished to falls,m2,m2,23.54,SGD,Plaster,"BCA Schedule of Rates, May 2022"
SG,VI.2.1.B,Built-up Roofing: Insitu Finishes: Cement and sand (1:3) screed with waterproofing additive; finished with steel trowel to receive waterproofing membrane... - 50mm (average) thick; finished to falls,m2,m2,36.07,SGD,Plaster,"BCA Schedule of Rates, May 2022"
SG,VI.2.1.C,Built-up Roofing: Insitu Finishes: Cement and sand (1:3) screed with waterproofing additive; finished with steel trowel to receive waterproofing membrane... - add or deduct for each 10mm thickness,m2,m2,6.32,SGD,Plaster,"BCA Schedule of Rates, May 2022"
SG,VI.2.1.D,Built-up Roofing: Insitu Finishes: Cement and sand (1:3) screed finished with steel trowel to receive waterproofing membrane (measured separately) - 25mm (average) thick; finished to falls,m2,m2,23.89,SGD,Plaster,"BCA Schedule of Rates, May 2022"
SG,VI.2.1.E,Built-up Roofing: Insitu Finishes: Cement and sand (1:3) screed finished with steel trowel to receive waterproofing membrane (measured separately) - 50mm (average) thick; finished to falls,m2,m2,27.64,SGD,Plaster,"BCA Schedule of Rates, May 2022"
SG,VI.2.1.F,Built-up Roofing: Insitu Finishes: Cement and sand (1:3) screed finished with steel trowel to receive waterproofing membrane (measured separately) - add or deduct for each 10mm (average) thickness,m2,m2,5.39,SGD,Plaster,"BCA Schedule of Rates, May 2022"
SG,VII.6.3.C,Carpentry and Joinery: Flooring: Timber Flooring: Extra over for 9mm thick WBP plywood to underside of teak strip flooring (m/s) laid on prepared screed (m/s),m2,m2,20.96,SGD,Plaster,"BCA Schedule of Rates, May 2022"
SG,VII.6.3.D,Carpentry and Joinery: Flooring: Timber Flooring: Extra over for 9mm thick MR plywood to underside of teak strip flooring (m/s) laid on prepared screed (m/s),m2,m2,24.94,SGD,Plaster,"BCA Schedule of Rates, May 2022"
SG,VIII.8.A,Internal Walls: Partitions: Drywall partition covered both sides with boards... - 75mm thick walls with gypsum plasterboard on both sides,m2,m2,79.04,SGD,Plaster,"BCA Schedule of Rates, May 2022"
SG,VIII.8.B,Internal Walls: Partitions: Drywall partition covered both sides with boards... - 75mm thick walls with fibrous plasterboard on both sides,m2,m2,91.81,SGD,Plaster,"BCA Schedule of Rates, May 2022"
SG,VIII.8.D,Internal Walls: Partitions: One hour fire-rated drywall partition covered both sides with boards... - 100mm thick walls with gypsum plasterboard on both sides,m2,m2,103.98,SGD,Plaster,"BCA Schedule of Rates, May 2022"
SG,VIII.8.E,Internal Walls: Partitions: One hour fire-rated drywall partition covered both sides with boards... - 100mm thick walls with fibrous plasterboard on both sides,m2,m2,115.93,SGD,Plaster,"BCA Schedule of Rates, May 2022"
SG,VIII.8.G,Internal Walls: Partitions: Acoustic drywall partition; achieving STC 48 rating... - 100mm thick walls with gypsum plasterboard on both sides,m2,m2,122.96,SGD,Plaster,"BCA Schedule of Rates, May 2022"
SG,VIII.8.H,Internal Walls: Partitions: Acoustic drywall partition; achieving STC 48 rating... - 100mm thick walls with fibrous plasterboard on both sides,m2,m2,135.02,SGD,Plaster,"BCA Schedule of Rates, May 2022"
SG,XI.1.7.A,Floor Finishes: In-situ Finishes: Screed Bed: Cement and sand (1:3) screed to receive floor finishes (measured separately) - 13mm thick,m2,m2,18.62,SGD,Plaster,"BCA Schedule of Rates, May 2022"
SG,XI.1.7.B,Floor Finishes: In-situ Finishes: Screed Bed: Cement and sand (1:3) screed to receive floor finishes (measured separately) - 20mm thick,m2,m2,21.08,SGD,Plaster,"BCA Schedule of Rates, May 2022"
SG,XI.1.7.C,Floor Finishes: In-situ Finishes: Screed Bed: Cement and sand (1:3) screed to receive floor finishes (measured separately) - 25mm thick,m2,m2,22.72,SGD,Plaster,"BCA Schedule of Rates, May 2022"
SG,XI.1.7.D,Floor Finishes: In-situ Finishes: Screed Bed: Cement and sand (1:3) screed to receive floor finishes (measured separately) - 32mm thick,m2,m2,24.24,SGD,Plaster,"BCA Schedule of Rates, May 2022"
SG,XI.1.7.E,Floor Finishes: In-situ Finishes: Screed Bed: Cement and sand (1:3) screed to receive floor finishes (measured separately) - 38mm thick,m2,m2,25.76,SGD,Plaster,"BCA Schedule of Rates, May 2022"
SG,XI.1.7.F,Floor Finishes: In-situ Finishes: Screed Bed: Cement and sand (1:3) screed to receive floor finishes (measured separately) - 50mm thick,m2,m2,28.22,SGD,Plaster,"BCA Schedule of Rates, May 2022"
SG,XI.1.7.G,Floor Finishes: In-situ Finishes: Screed Bed: Cement and sand (1:3) screed to receive floor finishes (measured separately) - add or deduct each 10mm thickness,m2,m2,2.69,SGD,Plaster,"BCA Schedule of Rates, May 2022"
SG,XI.9.2.A,Floor Finishes: Sundries: Tactile floor: Supply and install tactile tiles; on cement and sand screed (measured separately) - 300 x 300mm tactile tiles to floor; generally,m2,m2,138.88,SGD,Plaster,"BCA Schedule of Rates, May 2022"
SG,XII.1.3.B,Wall Finishes: In-situ Finishes: Screed Backing: 13mm thick; generally,m2,m2,24.83,SGD,Plaster,"BCA Schedule of Rates, May 2022"
SG,XII.1.4.B,Wall Finishes: In-situ Finishes: Aggregate Plaster: 20mm thick; generally,m2,m2,34.31,SGD,Plaster,"BCA Schedule of Rates, May 2022"
SG,III.2.1.A,Bar reinforcement: Mild steel bar reinforcement to any location - 6 to 20mm diameter,t,kg,0.0013,SGD,Reinforcement,"BCA Schedule of Rates, May 2022"
SG,III.2.2.A,Fabric Reinforcement: Welded fabric reinforcement; well lapped (measured net) - Reference No A7 - 3.02kg/m2,m2,m2,13.7,SGD,Reinforcement,"BCA Schedule of Rates, May 2022"
SG,III.2.2.B,Fabric Reinforcement: Welded fabric reinforcement; well lapped (measured net) - Reference No A8 - 3.95kg/m2,m2,m2,15.46,SGD,Reinforcement,"BCA Schedule of Rates, May 2022"
SG,III.2.2.C,Fabric Reinforcement: Welded fabric reinforcement; well lapped (measured net) - Reference No A9 - 4.99kg/m2,m2,m2,18.27,SGD,Reinforcement,"BCA Schedule of Rates, May 2022"
SG,III.2.2.D,Fabric Reinforcement: Welded fabric reinforcement; well lapped (measured net) - Reference No A10 - 6.16kg/m2,m2,m2,19.91,SGD,Reinforcement,"BCA Schedule of Rates, May 2022"
SG,III.2.2.E,Fabric Reinforcement: Welded fabric reinforcement; well lapped (measured net) - Reference No A13 - 10.42kg/m2,m2,m2,30.68,SGD,Reinforcement,"BCA Schedule of Rates, May 2022"
SG,III.2.2.F,Fabric Reinforcement: Welded fabric reinforcement; well lapped (measured net) - Reference No B10 - 8.14kg/m2,m2,m2,25.65,SGD,Reinforcement,"BCA Schedule of Rates, May 2022"
SG,III.2.2.G,Fabric Reinforcement: Welded fabric reinforcement; well lapped (measured net) - Reference No B13 - 13.50kg/m2,m2,m2,38.29,SGD,Reinforcement,"BCA Schedule of Rates, May 2022"
SG,III.2.2.H,Fabric Reinforcement: Welded fabric reinforcement; well lapped (measured net) - Reference No D10 - 12.32kg/m2,m2,m2,37.71,SGD,Reinforcement,"BCA Schedule of Rates, May 2022"
SG,III.2.2.I,Fabric Reinforcement: Welded fabric reinforcement; well lapped (measured net) - Reference No D13 - 20.84kg/m2,m2,m2,59.49,SGD,Reinforcement,"BCA Schedule of Rates, May 2022"
SG,V.6.1.A,"Damp Proof Membrane: Waterproofing sheet laid to top, side or underside of concrete structure - 0.6mm thick polyethylene moisture barrier",m2,m2,7.85,SGD,Waterproofing,"BCA Schedule of Rates, May 2022"
SG,V.6.1.B,"Damp Proof Membrane: Waterproofing sheet laid to top, side or underside of concrete structure - 0.8mm thick polyethylene moisture barrier",m2,m2,11.71,SGD,Waterproofing,"BCA Schedule of Rates, May 2022"
SG,V.6.1.C,"Damp Proof Membrane: Waterproofing sheet laid to top, side or underside of concrete structure - approved bituminous",m2,m2,32.79,SGD,Waterproofing,"BCA Schedule of Rates, May 2022"
SG,V.6.2.A,Waterproofing System to Ground Slab / Basement: Bituminous waterproof membrane to vertical surfaces,m2,m2,31.03,SGD,Waterproofing,"BCA Schedule of Rates, May 2022"
SG,V.6.2.B,Waterproofing System to Ground Slab / Basement: Bituminous waterproof membrane to horizontal surfaces,m2,m2,31.03,SGD,Waterproofing,"BCA Schedule of Rates, May 2022"
SG,V.6.2.C,Waterproofing System to Ground Slab / Basement: Homogeneous thermoplastic waterproof membrane to vertical surfaces,m2,m2,34.54,SGD,Waterproofing,"BCA Schedule of Rates, May 2022"
SG,V.6.2.D,Waterproofing System to Ground Slab / Basement: Homogeneous thermoplastic waterproof membrane to horizontal surfaces,m2,m2,34.54,SGD,Waterproofing,"BCA Schedule of Rates, May 2022"
SG,V.6.2.E,Waterproofing System to Ground Slab / Basement: Polyurethane waterproof membrane to vertical surfaces,m2,m2,34.31,SGD,Waterproofing,"BCA Schedule of Rates, May 2022"
SG,V.6.2.F,Waterproofing System to Ground Slab / Basement: Polyurethane waterproof membrane to horizontal surfaces,m2,m2,34.31,SGD,Waterproofing,"BCA Schedule of Rates, May 2022"
SG,V.6.3.A,Waterproofing System to Interior/Exterior Wet Areas: Cementitious waterproof coating to vertical surfaces,m2,m2,23.07,SGD,Waterproofing,"BCA Schedule of Rates, May 2022"
SG,V.6.3.B,Waterproofing System to Interior/Exterior Wet Areas: Cementitious waterproof coating to horizontal surfaces,m2,m2,23.07,SGD,Waterproofing,"BCA Schedule of Rates, May 2022"
SG,V.6.3.C,Waterproofing System to Interior/Exterior Wet Areas: Homogeneous thermoplastic waterproof membrane to vertical surfaces,m2,m2,37.59,SGD,Waterproofing,"BCA Schedule of Rates, May 2022"
SG,V.6.3.D,Waterproofing System to Interior/Exterior Wet Areas: Homogeneous thermoplastic waterproof membrane to horizontal surfaces,m2,m2,37.24,SGD,Waterproofing,"BCA Schedule of Rates, May 2022"
SG,V.6.3.E,Waterproofing System to Interior/Exterior Wet Areas: Acrylic waterproof membrane to vertical surfaces,m2,m2,28.22,SGD,Waterproofing,"BCA Schedule of Rates, May 2022"
SG,V.6.3.F,Waterproofing System to Interior/Exterior Wet Areas: Acrylic waterproof membrane to horizontal surfaces,m2,m2,28.22,SGD,Waterproofing,"BCA Schedule of Rates, May 2022"
SG,V.6.4.A,Waterproofing System to Water-retaining Structure: Cementitious waterproof coating to vertical surfaces,m2,m2,23.42,SGD,Waterproofing,"BCA Schedule of Rates, May 2022"
SG,V.6.4.B,Waterproofing System to Water-retaining Structure: Cementitious waterproof coating to horizontal surfaces,m2,m2,23.42,SGD,Waterproofing,"BCA Schedule of Rates, May 2022"
SG,V.6.4.C,Waterproofing System to Water-retaining Structure: Polyurethane elastomeric waterproof membrane to vertical surfaces,m2,m2,31.62,SGD,Waterproofing,"BCA Schedule of Rates, May 2022"
SG,V.6.4.D,Waterproofing System to Water-retaining Structure: Polyurethane elastomeric waterproof membrane to horizontal surfaces,m2,m2,31.62,SGD,Waterproofing,"BCA Schedule of Rates, May 2022"
SG,VI.2.2.A,"Built-up Roofing: Waterproofing Membranes: Preparing surfaces, priming, applying roof waterproofing membrane... - Bituminous waterproof membrane - to flat surface; finished to falls",m2,m2,32.44,SGD,Waterproofing,"BCA Schedule of Rates, May 2022"
SG,VI.2.2.B,"Built-up Roofing: Waterproofing Membranes: Preparing surfaces, priming, applying roof waterproofing membrane... - Bituminous waterproof membrane - to vertical surface",m2,m2,32.44,SGD,Waterproofing,"BCA Schedule of Rates, May 2022"
SG,VI.2.2.C,"Built-up Roofing: Waterproofing Membranes: Preparing surfaces, priming, applying roof waterproofing membrane... - Homogeneous thermoplastic waterproof membrane - to flat surface; finished to falls",m2,m2,34.08,SGD,Waterproofing,"BCA Schedule of Rates, May 2022"
SG,VI.2.2.D,"Built-up Roofing: Waterproofing Membranes: Preparing surfaces, priming, applying roof waterproofing membrane... - Homogeneous thermoplastic waterproof membrane - to vertical surface",m2,m2,33.84,SGD,Waterproofing,"BCA Schedule of Rates, May 2022"
SG,VI.2.2.E,"Built-up Roofing: Waterproofing Membranes: Preparing surfaces, priming, applying roof waterproofing membrane... - Polyurethane waterproof membrane - to flat surface; finished to falls",m2,m2,36.07,SGD,Waterproofing,"BCA Schedule of Rates, May 2022"
SG,VI.2.2.F,"Built-up Roofing: Waterproofing Membranes: Preparing surfaces, priming, applying roof waterproofing membrane... - Polyurethane waterproof membrane - to vertical surface",m2,m2,36.07,SGD,Waterproofing,"BCA Schedule of Rates, May 2022"
SG,VII.3.4.A,Carpentry and Joinery: Linings: Plywoods: Non-waterproofed plywood complying with SS1 - 6mm thick,m2,m2,19.79,SGD,Waterproofing,"BCA Schedule of Rates, May 2022"
SG,VII.3.4.B,Carpentry and Joinery: Linings: Plywoods: Non-waterproofed plywood complying with SS1 - 12mm thick,m2,m2,25.76,SGD,Waterproofing,"BCA Schedule of Rates, May 2022"
SG,VII.3.4.C,Carpentry and Joinery: Linings: Plywoods: Non-waterproofed plywood complying with SS1 - 18mm thick,m2,m2,32.32,SGD,Waterproofing,"BCA Schedule of Rates, May 2022"
SG,VII.3.4.D,Carpentry and Joinery: Linings: Plywoods: Non-waterproofed plywood complying with SS1 - 25mm thick,m2,m2,46.25,SGD,Waterproofing,"BCA Schedule of Rates, May 2022"
SG,VII.3.4.E,Carpentry and Joinery: Linings: Plywoods: Waterproofed plywood type WBP - 6mm thick,m2,m2,24.24,SGD,Waterproofing,"BCA Schedule of Rates, May 2022"
SG,VII.3.4.F,Carpentry and Joinery: Linings: Plywoods: Waterproofed plywood type WBP - 12mm thick,m2,m2,31.97,SGD,Waterproofing,"BCA Schedule of Rates, May 2022"
SG,VII.3.4.G,Carpentry and Joinery: Linings: Plywoods: Waterproofed plywood type WBP - 18mm thick,m2,m2,40.17,SGD,Waterproofing,"BCA Schedule of Rates, May 2022"
SG,VII.3.4.H,Carpentry and Joinery: Linings: Plywoods: Waterproofed plywood type WBP - 25mm thick,m2,m2,46.61,SGD,Waterproofing,"BCA Schedule of Rates, May 2022"
SG,XI.1.2.A,Floor Finishes: In-situ Finishes: Waterproofed Paving: Cement and sand (1:3) paving trowelled smooth including approved waterproofing additive - average 25mm thick; generally,m2,m2,27.75,SGD,Waterproofing,"BCA Schedule of Rates, May 2022"
SG,XI.1.2.B,Floor Finishes: In-situ Finishes: Waterproofed Paving: Cement and sand (1:3) paving trowelled smooth including approved waterproofing additive - average 30mm thick; generally,m2,m2,28.81,SGD,Waterproofing,"BCA Schedule of Rates, May 2022"
SG,XI.1.2.C,Floor Finishes: In-situ Finishes: Waterproofed Paving: Cement and sand (1:3) paving trowelled smooth including approved waterproofing additive - average 38mm thick; generally,m2,m2,30.21,SGD,Waterproofing,"BCA Schedule of Rates, May 2022"
SG,XI.1.2.D,Floor Finishes: In-situ Finishes: Waterproofed Paving: Cement and sand (1:3) paving trowelled smooth including approved waterproofing additive - average 50mm thick; generally,m2,m2,36.65,SGD,Waterproofing,"BCA Schedule of Rates, May 2022"
SG,I.1.1,"Clear Site Vegetation: Clearing shrubs, bushes, undergrowth, grass, rubbish and small trees not exceeding 600mm girth at a height of 1.00m above ground and grubbing up roots and disposal of materials off site - generally",m2,m2,11.12,SGD,,"BCA Schedule of Rates, May 2022"
SG,IX.1.1.A,Structural Steelwork: Structural Steel: Mild Steel Members: Bolted and welded structural steel conforming to EN10025 Grade S275 to building - universal columns,t,kg,0.0064,SGD,,"BCA Schedule of Rates, May 2022"
SG,IX.1.1.B,Structural Steelwork: Structural Steel: Mild Steel Members: Bolted and welded structural steel conforming to EN10025 Grade S275 to building - universal beams,t,kg,0.0064,SGD,,"BCA Schedule of Rates, May 2022"
SG,IX.1.1.C,Structural Steelwork: Structural Steel: Mild Steel Members: Bolted and welded structural steel conforming to EN10025 Grade S275 to building - square or rectangular hollow sections,t,kg,0.0064,SGD,,"BCA Schedule of Rates, May 2022"
SG,IX.1.1.D,Structural Steelwork: Structural Steel: Mild Steel Members: Bolted and welded structural steel conforming to EN10025 Grade S275 to building - circular hollow sections,t,kg,0.0064,SGD,,"BCA Schedule of Rates, May 2022"
SG,IX.1.1.E,Structural Steelwork: Structural Steel: Mild Steel Members: Bolted and welded structural steel conforming to EN10025 Grade S275 to building - connection plates,t,kg,0.0064,SGD,,"BCA Schedule of Rates, May 2022"
SG,IX.1.1.F,Structural Steelwork: Structural Steel: Mild Steel Members: Bolted and welded structural steel conforming to EN10025 Grade S275 to building - composite beam,t,kg,0.0064,SGD,,"BCA Schedule of Rates, May 2022"
SG,IX.1.2.A,Structural Steelwork: Structural Steel: Off-Site Surface Treatment: Surface treatment to structural steel members in factory - hot dip galvanising,t,kg,0.0014,SGD,,"BCA Schedule of Rates, May 2022"
SG,IX.1.2.B,Structural Steelwork: Structural Steel: Off-Site Surface Treatment: Surface treatment to structural steel members in factory - one coat of primer,t,kg,0.0006,SGD,,"BCA Schedule of Rates, May 2022"
SG,IX.1.3.A,Structural Steelwork: Structural Steel: Surface Treatment After Erection: Preparing and applying on structural steel surfaces - one coat of red lead primer,m2,m2,3.4,SGD,,"BCA Schedule of Rates, May 2022"
SG,IX.1.3.B,Structural Steelwork: Structural Steel: Surface Treatment After Erection: Preparing and applying on structural steel surfaces - one coat of zinc chromate primer,m2,m2,3.63,SGD,,"BCA Schedule of Rates, May 2022"
SG,V.5.2.A,Joint Sealant: Polyurethane / polysulphide sealer squeezed into joint - 25 x 15mm joint,m,m,21.43,SGD,,"BCA Schedule of Rates, May 2022"
SG,V.5.2.B,Joint Sealant: Polyurethane / polysulphide sealer squeezed into joint - 25 x 25mm joint,m,m,27.17,SGD,,"BCA Schedule of Rates, May 2022"
SG,VI.1.1.A,Tile Roofing: Clay Roof Tiles: Standard colour interlocking clay roof tiles laid to slope not exceeding 30° (measured nett with no allowance for laps); fixed to battens... - generally,m2,m2,74.12,SGD,,"BCA Schedule of Rates, May 2022"
SG,VI.1.1.B,Tile Roofing: Clay Roof Tiles: Standard colour interlocking clay roof tiles laid to slope not exceeding 30° (measured nett with no allowance for laps); fixed to battens... - ridge or hip tiles,m,m,52.81,SGD,,"BCA Schedule of Rates, May 2022"
SG,VI.3.1.A,Metal Roofing: Steel Roofing: Corrugated steel roof covering complete with all necessary fixing accessories; fixed to steel structural framing (measured separately) - 0.42mm thick; Zincalume Steel,m2,m2,34.78,SGD,,"BCA Schedule of Rates, May 2022"
SG,VI.3.1.B,Metal Roofing: Steel Roofing: Corrugated steel roof covering complete with all necessary fixing accessories; fixed to steel structural framing (measured separately) - 0.48mm thick; Zincalume Steel,m2,m2,45.9,SGD,,"BCA Schedule of Rates, May 2022"
SG,VI.3.1.C,Metal Roofing: Steel Roofing: Corrugated steel roof covering complete with all necessary fixing accessories; fixed to steel structural framing (measured separately) - 0.42mm thick; Colourbond Steel,m2,m2,41.22,SGD,,"BCA Schedule of Rates, May 2022"
SG,VI.3.1.D,Metal Roofing: Steel Roofing: Corrugated steel roof covering complete with all necessary fixing accessories; fixed to steel structural framing (measured separately) - 0.48mm thick; Colourbond Steel,m2,m2,46.14,SGD,,"BCA Schedule of Rates, May 2022"
SG,VI.3.1.E,Metal Roofing: Steel Roofing: Curve corrugated steel roof covering complete with all necessary fixing accessories; fixed to steel structural framing (measured separately) - 0.60mm thick; Zincalume Steel,m2,m2,66.28,SGD,,"BCA Schedule of Rates, May 2022"
SG,VI.3.1.F,Metal Roofing: Steel Roofing: Curve corrugated steel roof covering complete with all necessary fixing accessories; fixed to steel structural framing (measured separately) - 0.80mm thick; Zincalume Steel,m2,m2,74.36,SGD,,"BCA Schedule of Rates, May 2022"
SG,VI.3.1.G,Metal Roofing: Steel Roofing: Curve corrugated steel roof covering complete with all necessary fixing accessories; fixed to steel structural framing (measured separately) - 0.60mm thick; Colourbond Steel,m2,m2,76.23,SGD,,"BCA Schedule of Rates, May 2022"
SG,VI.3.1.H,Metal Roofing: Steel Roofing: Curve corrugated steel roof covering complete with all necessary fixing accessories; fixed to steel structural framing (measured separately) - 0.80mm thick; Colourbond Steel,m2,m2,84.31,SGD,,"BCA Schedule of Rates, May 2022"
SG,VI.4.1.A,Rainwater Goods: Flashings: 0.61mm thick galvanised steel with Zincalume coating (unpainted) metal flashing including fixing accessories - girth not exceeding 300mm girth,m,m,17.92,SGD,,"BCA Schedule of Rates, May 2022"
SG,VI.4.1.B,Rainwater Goods: Flashings: 0.61mm thick galvanised steel with Zincalume coating (unpainted) metal flashing including fixing accessories - girth exceeding 300mm but n.e. 600mm girth,m,m,33.37,SGD,,"BCA Schedule of Rates, May 2022"
SG,VI.4.1.C,Rainwater Goods: Flashings: 1.0 mm thick galvanised steel with Zincalume coating (unpainted) metal flashing including fixing accessories - girth not exceeding 300mm girth,m,m,24.36,SGD,,"BCA Schedule of Rates, May 2022"
SG,VI.4.1.D,Rainwater Goods: Flashings: 1.0 mm thick galvanised steel with Zincalume coating (unpainted) metal flashing including fixing accessories - girth exceeding 300mm but n.e. 600mm girth,m,m,38.06,SGD,,"BCA Schedule of Rates, May 2022"
SG,VI.4.1.E,Rainwater Goods: Flashings: 1mm thick colourbond metal flushing including fixing accessories - girth not exceeding 300mm girth,m,m,26.23,SGD,,"BCA Schedule of Rates, May 2022"
SG,VI.4.1.F,Rainwater Goods: Flashings: 1mm thick colourbond metal flushing including fixing accessories - girth exceeding 300mm but n.e. 600mm girth,m,m,41.45,SGD,,"BCA Schedule of Rates, May 2022"
SG,VI.4.1.G,Rainwater Goods: Flashings: 2mm thick colourbond metal flushing including fixing accessories - girth not exceeding 300mm girth,m,m,33.96,SGD,,"BCA Schedule of Rates, May 2022"
SG,VI.4.1.H,Rainwater Goods: Flashings: 2mm thick colourbond metal flushing including fixing accessories - girth exceeding 300mm but n.e. 600mm girth,m,m,52.58,SGD,,"BCA Schedule of Rates, May 2022"
SG,VI.5.1.A,"Sundries: Insulation: Insulation material to roof slabs; finished to falls - 50mm thick fibreglass insulation, density 16kg/m3",m2,m2,9.25,SGD,,"BCA Schedule of Rates, May 2022"
SG,VI.5.1.B,"Sundries: Insulation: Insulation material to roof slabs; finished to falls - 25mm thick, ditto",m2,m2,7.03,SGD,,"BCA Schedule of Rates, May 2022"
SG,VI.5.1.C,Sundries: Insulation: Insulation material to roof slabs; finished to falls - double-sided reinforced aluminum foil insulation paper with 150mm laps,m2,m2,6.67,SGD,,"BCA Schedule of Rates, May 2022"
SG,VI.5.1.E,"Sundries: Insulation: Insulation material to roof slabs; finished to falls - 50mm thick, ditto",m2,m2,20.73,SGD,,"BCA Schedule of Rates, May 2022"
SG,VI.5.2.A,Sundries: Wire Mesh: Wire mesh to roof space including dressing over purlins (measured net) - Wire mesh Ref No 3315 (75x75x1.5mm diameter),m2,m2,5.04,SGD,,"BCA Schedule of Rates, May 2022"
SG,VI.5.3.A,Sundries: Protection fleece: 1 layer of approved geotextile fleece with side lapped edges (measured nett); laid in accordance with manufacturer's recommendation to roof slab; finished to falls,m2,m2,5.39,SGD,,"BCA Schedule of Rates, May 2022"
SG,VII.1.1.A,Carpentry and Joinery: Carcasing: Structural Timber: Sawn timber in carpenter's works - kapur,m3,m3,2480.53,SGD,,"BCA Schedule of Rates, May 2022"
SG,VII.1.1.B,Carpentry and Joinery: Carcasing: Structural Timber: Sawn timber in carpenter's works - balau,m3,m3,2770.58,SGD,,"BCA Schedule of Rates, May 2022"
SG,VII.1.1.C,Carpentry and Joinery: Carcasing: Structural Timber: Sawn timber in carpenter's works - kempas,m3,m3,1862.24,SGD,,"BCA Schedule of Rates, May 2022"
SG,VII.1.1.D,Carpentry and Joinery: Carcasing: Structural Timber: Sawn timber in carpenter's works - chengal,m3,m3,3650.12,SGD,,"BCA Schedule of Rates, May 2022"
SG,VII.2.1.A,Carpentry and Joinery: Framing: Roof Framing: Carpentry framing in roofs; complete with all necessary fixing accessories - 100 x 50mm tanalised kapur rafter,m,m,26.47,SGD,,"BCA Schedule of Rates, May 2022"
SG,VII.2.1.B,Carpentry and Joinery: Framing: Roof Framing: Carpentry framing in roofs; complete with all necessary fixing accessories - 150 x 50mm tanalised kapur rafter,m,m,33.37,SGD,,"BCA Schedule of Rates, May 2022"
SG,VII.3.1.A,Carpentry and Joinery: Linings: Calcium Silicate Boards: Calcium silicate board reinforced with selected fibres and fillers (Class 0) including pointing - 6mm thick,m2,m2,28.69,SGD,,"BCA Schedule of Rates, May 2022"
SG,VII.3.1.B,Carpentry and Joinery: Linings: Calcium Silicate Boards: Calcium silicate board reinforced with selected fibres and fillers (Class 0) including pointing - 9mm thick,m2,m2,39.7,SGD,,"BCA Schedule of Rates, May 2022"
SG,VII.3.1.C,Carpentry and Joinery: Linings: Calcium Silicate Boards: Calcium silicate board reinforced with selected fibres and fillers (Class 0) including pointing - 12mm thick,m2,m2,42.04,SGD,,"BCA Schedule of Rates, May 2022"
SG,VII.3.2.A,Carpentry and Joinery: Linings: Cement Building Boards: Cement building board including pointing - 6mm thick,m2,m2,22.95,SGD,,"BCA Schedule of Rates, May 2022"
SG,VII.3.2.B,Carpentry and Joinery: Linings: Cement Building Boards: Cement building board including pointing - 12mm thick,m2,m2,31.73,SGD,,"BCA Schedule of Rates, May 2022"
SG,VII.3.3.A,Carpentry and Joinery: Linings: Gypsum Boards: Bare finish gypsum board including pointing - 10mm thick,m2,m2,22.13,SGD,,"BCA Schedule of Rates, May 2022"
SG,VII.3.3.B,Carpentry and Joinery: Linings: Gypsum Boards: Bare finish gypsum board including pointing - 13mm thick,m2,m2,27.17,SGD,,"BCA Schedule of Rates, May 2022"
SG,VII.3.5.A,Carpentry and Joinery: Linings: Laminated Plastics: Laminated plastic sheet to BS 3796 including compatible adhesive - 0.8mm thick Formica,m2,m2,29.63,SGD,,"BCA Schedule of Rates, May 2022"
SG,VII.3.5.B,Carpentry and Joinery: Linings: Laminated Plastics: Laminated plastic sheet to BS 3796 including compatible adhesive - 0.8mm thick Print,m2,m2,26.11,SGD,,"BCA Schedule of Rates, May 2022"
SG,VII.3.5.C,Carpentry and Joinery: Linings: Laminated Plastics: Laminated plastic sheet to BS 3796 including compatible adhesive - 1.0mm thick Formica,m2,m2,34.66,SGD,,"BCA Schedule of Rates, May 2022"
SG,VII.3.5.D,Carpentry and Joinery: Linings: Laminated Plastics: Laminated plastic sheet to BS 3796 including compatible adhesive - 1.0mm thick Print,m2,m2,28.46,SGD,,"BCA Schedule of Rates, May 2022"
SG,VII.3.5.E,Carpentry and Joinery: Linings: Laminated Plastics: Laminated plastic sheet to BS 3796 including compatible adhesive - 1.2mm thick Print,m2,m2,32.2,SGD,,"BCA Schedule of Rates, May 2022"
SG,VII.3.5.F,Carpentry and Joinery: Linings: Laminated Plastics: Laminated plastic sheet to BS 3796 including compatible adhesive - 1.3mm thick Formica,m2,m2,32.2,SGD,,"BCA Schedule of Rates, May 2022"
SG,VII.4.1.A,"Carpentry and Joinery: Wall Insulation: Fibreglass Insulation: Supply and fix fibreglass insulation - 50mm thick, 48 kg/m3",m2,m2,28.1,SGD,,"BCA Schedule of Rates, May 2022"
SG,VII.4.1.B,"Carpentry and Joinery: Wall Insulation: Fibreglass Insulation: Supply and fix fibreglass insulation - 75mm thick, 48 kg/m3",m2,m2,35.72,SGD,,"BCA Schedule of Rates, May 2022"
SG,VII.4.2.A,"Carpentry and Joinery: Wall Insulation: Mineral Wool Insulation: Supply and fix mineral wool insulation - 25mm thick, 48 kg/m3",m2,m2,15.93,SGD,,"BCA Schedule of Rates, May 2022"
SG,VII.4.2.B,"Carpentry and Joinery: Wall Insulation: Mineral Wool Insulation: Supply and fix mineral wool insulation - 50mm thick, 48 kg/m3",m2,m2,21.55,SGD,,"BCA Schedule of Rates, May 2022"
SG,VII.4.2.C,"Carpentry and Joinery: Wall Insulation: Mineral Wool Insulation: Supply and fix mineral wool insulation - 25mm thick, 80 kg/m3",m2,m2,18.62,SGD,,"BCA Schedule of Rates, May 2022"
SG,VII.5.1.A,Carpentry and Joinery: Panelling: Timber Panelling: 100mm wide tongued and grooved wrought boarding fixed to battens (measured separately) - 19mm thick kapur,m2,m2,54.45,SGD,,"BCA Schedule of Rates, May 2022"
SG,VII.5.1.B,Carpentry and Joinery: Panelling: Timber Panelling: 100mm wide tongued and grooved wrought boarding fixed to battens (measured separately) - 25mm thick kapur,m2,m2,73.54,SGD,,"BCA Schedule of Rates, May 2022"
SG,VII.5.1.C,Carpentry and Joinery: Panelling: Timber Panelling: 100mm wide tongued and grooved wrought boarding fixed to battens (measured separately) - 13mm thick chengal,m2,m2,58.32,SGD,,"BCA Schedule of Rates, May 2022"
SG,VII.5.1.D,Carpentry and Joinery: Panelling: Timber Panelling: 100mm wide tongued and grooved wrought boarding fixed to battens (measured separately) - 19mm thick chengal,m2,m2,65.81,SGD,,"BCA Schedule of Rates, May 2022"
SG,VII.5.1.E,Carpentry and Joinery: Panelling: Timber Panelling: 100mm wide tongued and grooved wrought boarding fixed to battens (measured separately) - 25mm thick chengal,m2,m2,148.13,SGD,,"BCA Schedule of Rates, May 2022"
SG,VII.5.2.A,Carpentry and Joinery: Panelling: Woodwool Slab Wall Panelling: Supply and fix woodwool slab to wall - 50mm thick,m2,m2,22.02,SGD,,"BCA Schedule of Rates, May 2022"
SG,VII.6.1.A,Carpentry and Joinery: Flooring: Floor Boards: 100mm wide wrought plain edge floor board fixed to bearers (measured separately) - 19mm thick Indonesia teak,m2,m2,109.61,SGD,,"BCA Schedule of Rates, May 2022"
SG,VII.6.1.B,Carpentry and Joinery: Flooring: Floor Boards: 100mm wide wrought plain edge floor board fixed to bearers (measured separately) - 25mm thick Indonesia teak,m2,m2,132.09,SGD,,"BCA Schedule of Rates, May 2022"
SG,VII.6.1.C,Carpentry and Joinery: Flooring: Floor Boards: 100mm wide wrought plain edge floor board fixed to bearers (measured separately) - 19mm thick chengal,m2,m2,66.98,SGD,,"BCA Schedule of Rates, May 2022"
SG,VII.6.1.D,Carpentry and Joinery: Flooring: Floor Boards: 100mm wide wrought plain edge floor board fixed to bearers (measured separately) - 25mm thick chengal,m2,m2,80.33,SGD,,"BCA Schedule of Rates, May 2022"
SG,VII.6.1.E,Carpentry and Joinery: Flooring: Floor Boards: 100mm wide wrought tongued and grooved floor board fixed to bearers (measured separately) - 12mm thick Indonesia teak,m2,m2,114.52,SGD,,"BCA Schedule of Rates, May 2022"
SG,VII.6.1.F,Carpentry and Joinery: Flooring: Floor Boards: 100mm wide wrought tongued and grooved floor board fixed to bearers (measured separately) - 19mm thick Indonesia teak,m2,m2,144.15,SGD,,"BCA Schedule of Rates, May 2022"
SG,VII.6.1.G,Carpentry and Joinery: Flooring: Floor Boards: 100mm wide wrought tongued and grooved floor board fixed to bearers (measured separately) - 25mm thick Indonesia teak,m2,m2,170.85,SGD,,"BCA Schedule of Rates, May 2022"
SG,VII.6.1.H,Carpentry and Joinery: Flooring: Floor Boards: 100mm wide wrought tongued and grooved floor board fixed to bearers (measured separately) - 19mm thick chengal,m2,m2,99.07,SGD,,"BCA Schedule of Rates, May 2022"
SG,VII.6.1.I,Carpentry and Joinery: Flooring: Floor Boards: 100mm wide wrought tongued and grooved floor board fixed to bearers (measured separately) - 25mm thick chengal,m2,m2,112.77,SGD,,"BCA Schedule of Rates, May 2022"
SG,VII.6.1.J,Carpentry and Joinery: Flooring: Floor Boards: 100mm wide wrought tongued and grooved floor board fixed to bearers (measured separately) - 20mm thick white oak,m2,m2,197.43,SGD,,"BCA Schedule of Rates, May 2022"
SG,VII.6.2.A,Carpentry and Joinery: Flooring: Parquet Flooring: Teak parquet flooring laid to approved pattern... - 12mm thick x 50mm wide x 300-400mm random length Indonesia teak,m2,m2,73.89,SGD,,"BCA Schedule of Rates, May 2022"
SG,VII.6.2.B,Carpentry and Joinery: Flooring: Parquet Flooring: Teak parquet flooring laid to approved pattern... - 12mm thick x 50mm wide x 300-400mm random length Burmese teak,m2,m2,86.54,SGD,,"BCA Schedule of Rates, May 2022"
SG,VII.6.3.A,Carpentry and Joinery: Flooring: Timber Flooring: Teak strip flooring laid to approved pattern... - 12mm thick x 70mm wide x 400-1200mm random length Indonesia teak,m2,m2,114.41,SGD,,"BCA Schedule of Rates, May 2022"
SG,VII.6.3.B,Carpentry and Joinery: Flooring: Timber Flooring: Teak strip flooring laid to approved pattern... - 12mm thick x 70mm wide x 400-1200mm random length Burmese teak,m2,m2,131.74,SGD,,"BCA Schedule of Rates, May 2022"
SG,VII.7.1.A,Carpentry and Joinery: Timber Doors: Non Fire-rated Timber Doors; Kapur core: Solid core flush door faced both sides with timber veneer... - overall size: 900 x 2100 x 38mm thick; single leaf,item,No,740.42,SGD,,"BCA Schedule of Rates, May 2022"
SG,VII.7.1.B,Carpentry and Joinery: Timber Doors: Non Fire-rated Timber Doors; Kapur core: Solid core flush door faced both sides with timber veneer... - overall size: 900 x 2100 x 45mm thick; single leaf,item,No,815.72,SGD,,"BCA Schedule of Rates, May 2022"
SG,VII.7.1.C,Carpentry and Joinery: Timber Doors: Non Fire-rated Timber Doors; Kapur core: Hollow core flush door panel faced both sides with timber veneer... - overall size: 900 x 2100 x 38mm thick; single leaf,item,No,551.31,SGD,,"BCA Schedule of Rates, May 2022"
SG,VII.7.1.D,Carpentry and Joinery: Timber Doors: Non Fire-rated Timber Doors; Kapur core: Hollow core flush door panel faced both sides with timber veneer... - overall size: 900 x 2100 x 45mm thick; single leaf,item,No,633.75,SGD,,"BCA Schedule of Rates, May 2022"
SG,VII.7.2.A,Carpentry and Joinery: Timber Doors: Fire-rated Timber Doors: Fire-rated timber door panel faced both sides with timber veneer... - 1/2 hour fire-rated single leaf door; to suit structural opening of 1040 x 2220mm high,item,No,1127.32,SGD,,"BCA Schedule of Rates, May 2022"
SG,VII.7.2.B,Carpentry and Joinery: Timber Doors: Fire-rated Timber Doors: Fire-rated timber door panel faced both sides with timber veneer... - 1/2 hour fire-rated double leaf door; to suit structural opening of 1640 x 2220mm high,item,No,1745.38,SGD,,"BCA Schedule of Rates, May 2022"
SG,VII.7.2.C,Carpentry and Joinery: Timber Doors: Fire-rated Timber Doors: Fire-rated timber door panel faced both sides with timber veneer... - 1 hour fire-rated single leaf door; to suit structural opening of 1040 x 2220mm high,item,No,1339.86,SGD,,"BCA Schedule of Rates, May 2022"
SG,VII.7.2.D,Carpentry and Joinery: Timber Doors: Fire-rated Timber Doors: Fire-rated timber door panel faced both sides with timber veneer... - 1 hour fire-rated double leaf door; to suit structural opening of 1640 x 2220mm high,item,No,2076.65,SGD,,"BCA Schedule of Rates, May 2022"
SG,VII.7.2.E,Carpentry and Joinery: Timber Doors: Fire-rated Timber Doors: Fire-rated timber door panel faced both sides with timber veneer... - 2 hour fire-rated single leaf door; to suit structural opening of 1040 x 2220mm high,item,No,1816.22,SGD,,"BCA Schedule of Rates, May 2022"
SG,VII.7.2.F,Carpentry and Joinery: Timber Doors: Fire-rated Timber Doors: Fire-rated timber door panel faced both sides with timber veneer... - 2 hour fire-rated double leaf door; to suit structural opening of 1640 x 2220mm high,item,No,2806.65,SGD,,"BCA Schedule of Rates, May 2022"
SG,VII.7.2.G,Carpentry and Joinery: Timber Doors: Fire-rated Timber Doors: Fire-rated timber door panel faced both sides with plywood in paint finish... - 1/2 hour rated single leaf door; to suit structural opening of 1040 x 2220mm high,item,No,1130.25,SGD,,"BCA Schedule of Rates, May 2022"
SG,VIII.8.C,Internal Walls: Partitions: Drywall partition covered both sides with boards... - 75mm thick walls with calcium silicate board on both sides,m2,m2,101.64,SGD,,"BCA Schedule of Rates, May 2022"
SG,VIII.8.F,Internal Walls: Partitions: One hour fire-rated drywall partition covered both sides with boards... - 100mm thick walls with calcium silicate board on both sides,m2,m2,125.77,SGD,,"BCA Schedule of Rates, May 2022"
SG,VIII.8.I,Internal Walls: Partitions: Acoustic drywall partition; achieving STC 48 rating... - 100mm thick walls with calcium silicate board on both sides,m2,m2,144.85,SGD,,"BCA Schedule of Rates, May 2022"
SG,X.1.1.A,Metal Work: Aluminium Windows and Doors: Aluminium Window Frames: Anodised aluminium section frames in single light... - side-hunged window and casement frames,m2,m2,346.03,SGD,,"BCA Schedule of Rates, May 2022"
SG,X.1.1.B,Metal Work: Aluminium Windows and Doors: Aluminium Window Frames: Anodised aluminium section frames in single light... - top-hung window frame and sash,m2,m2,336.31,SGD,,"BCA Schedule of Rates, May 2022"
SG,X.1.1.C,Metal Work: Aluminium Windows and Doors: Aluminium Window Frames: Anodised aluminium section frames in single light... - sliding window frame and sash,m2,m2,313.13,SGD,,"BCA Schedule of Rates, May 2022"
SG,X.1.1.D,Metal Work: Aluminium Windows and Doors: Aluminium Window Frames: Anodised aluminium section frames in single light... - fixed panel window frame,m2,m2,286.31,SGD,,"BCA Schedule of Rates, May 2022"
SG,X.1.1.E,Metal Work: Aluminium Windows and Doors: Aluminium Window Frames: Anodised aluminium section frames in single light... - fixed louvred window frame including clips,m2,m2,409.73,SGD,,"BCA Schedule of Rates, May 2022"
SG,X.1.1.F,Metal Work: Aluminium Windows and Doors: Aluminium Window Frames: Anodised aluminium section frames in single light... - adjustable louvred window frame including clips,m2,m2,473.08,SGD,,"BCA Schedule of Rates, May 2022"
SG,X.1.1.G,Metal Work: Aluminium Windows and Doors: Aluminium Window Frames: Powder coated aluminium section frames in single light... - side-hunged window and casement frames,m2,m2,330.46,SGD,,"BCA Schedule of Rates, May 2022"
SG,X.1.1.H,Metal Work: Aluminium Windows and Doors: Aluminium Window Frames: Powder coated aluminium section frames in single light... - top-hung window frame and sash,m2,m2,326.48,SGD,,"BCA Schedule of Rates, May 2022"
SG,X.1.1.I,Metal Work: Aluminium Windows and Doors: Aluminium Window Frames: Powder coated aluminium section frames in single light... - sliding window frame and sash,m2,m2,290.64,SGD,,"BCA Schedule of Rates, May 2022"
SG,X.1.1.J,Metal Work: Aluminium Windows and Doors: Aluminium Window Frames: Powder coated aluminium section frames in single light... - fixed panel window frame,m2,m2,269.33,SGD,,"BCA Schedule of Rates, May 2022"
SG,X.1.1.K,Metal Work: Aluminium Windows and Doors: Aluminium Window Frames: Powder coated aluminium section frames in single light... - fixed louvred window frame including clips,m2,m2,417.58,SGD,,"BCA Schedule of Rates, May 2022"
SG,X.1.1.L,Metal Work: Aluminium Windows and Doors: Aluminium Window Frames: Powder coated aluminium section frames in single light... - adjustable louvred window frame including clips,m2,m2,480.81,SGD,,"BCA Schedule of Rates, May 2022"
SG,X.1.1.M,Metal Work: Aluminium Windows and Doors: Aluminium Window Frames: Fluorocarbon coating aluminium section frames in single light... - side-hunged window and casement frames,m2,m2,387.02,SGD,,"BCA Schedule of Rates, May 2022"
SG,X.1.1.N,Metal Work: Aluminium Windows and Doors: Aluminium Window Frames: Fluorocarbon coating aluminium section frames in single light... - top-hung window frame and sash,m2,m2,387.84,SGD,,"BCA Schedule of Rates, May 2022"
SG,X.1.1.O,Metal Work: Aluminium Windows and Doors: Aluminium Window Frames: Fluorocarbon coating aluminium section frames in single light... - sliding window frame and sash,m2,m2,367.58,SGD,,"BCA Schedule of Rates, May 2022"
SG,X.1.1.P,Metal Work: Aluminium Windows and Doors: Aluminium Window Frames: Fluorocarbon coating aluminium section frames in single light... - fixed panel window frame,m2,m2,327.65,SGD,,"BCA Schedule of Rates, May 2022"
SG,X.1.1.Q,Metal Work: Aluminium Windows and Doors: Aluminium Window Frames: Fluorocarbon coating aluminium section frames in single light... - fixed louvred window frame including clips,m2,m2,433.39,SGD,,"BCA Schedule of Rates, May 2022"
SG,X.1.1.R,Metal Work: Aluminium Windows and Doors: Aluminium Window Frames: Fluorocarbon coating aluminium section frames in single light... - adjustable louvred window frame including clips,m2,m2,520.16,SGD,,"BCA Schedule of Rates, May 2022"
SG,X.1.2.A,"Metal Work: Aluminium Windows and Doors: Aluminium Louvre Window: Louvred blades with both ends fixed to metal clips, in single light; complete with fixing accessories - in anodised aluminium finish",m2,m2,421.44,SGD,,"BCA Schedule of Rates, May 2022"
SG,X.3.2.A,Metal Work: Metal Doors: Refuse Hoppers and Refuse Chute Doors: 1/2 hr fire rated air tight self-closing single leaf refuse hopper... - size: 450 x 350mm in aluminium finish,item,No,348.02,SGD,,"BCA Schedule of Rates, May 2022"
SG,X.3.4.A,Metal Work: Metal Doors: Fire-rated Metal Door: Single leaf metal flush door... - 1/2 hour fire-rated; generally,m2,m2,702.6,SGD,,"BCA Schedule of Rates, May 2022"
SG,X.3.4.B,Metal Work: Metal Doors: Fire-rated Metal Door: Single leaf metal flush door... - 1 hour fire-rated; generally,m2,m2,824.85,SGD,,"BCA Schedule of Rates, May 2022"
SG,X.3.4.C,Metal Work: Metal Doors: Fire-rated Metal Door: Single leaf metal flush door... - 2 hour fire-rated; generally,m2,m2,952.49,SGD,,"BCA Schedule of Rates, May 2022"
SG,X.3.5.A,Metal Work: Metal Doors: Non Fire-rated Metal Door: Metal flush door consisting of door leaf and frames... - single leaf mild steel door with primer finish,m2,m2,680.12,SGD,,"BCA Schedule of Rates, May 2022"
SG,X.3.5.B,Metal Work: Metal Doors: Non Fire-rated Metal Door: Metal flush door consisting of door leaf and frames... - double leaves mild steel door with primer finish,m2,m2,650.84,SGD,,"BCA Schedule of Rates, May 2022"
SG,X.3.5.C,Metal Work: Metal Doors: Non Fire-rated Metal Door: Metal flush door consisting of door leaf and frames... - single leaf powder coated aluminium door,m2,m2,697.8,SGD,,"BCA Schedule of Rates, May 2022"
SG,X.3.5.D,Metal Work: Metal Doors: Non Fire-rated Metal Door: Metal flush door consisting of door leaf and frames... - double leaves powder coated aluminium door,m2,m2,738.55,SGD,,"BCA Schedule of Rates, May 2022"
SG,X.4.1.A,Metal Work: Railings: Stainless Steel: 1100mm high x 12.76mm thick clear tempered laminated glass railing... - horizontal balustrades,m,m,1065.49,SGD,,"BCA Schedule of Rates, May 2022"
SG,X.4.1.B,Metal Work: Railings: Stainless Steel: 1100mm high x 12.76mm thick clear tempered laminated glass railing... - raking balustrades,m,m,1116.08,SGD,,"BCA Schedule of Rates, May 2022"
SG,X.5.1.A,Metal Work: Proprietary Demountable Partitions: Proprietary Toilet Cubicle: Toilet cubicles complete with door and partition... - Floor mounted system,item,No,1264.33,SGD,,"BCA Schedule of Rates, May 2022"
SG,X.5.1.B,Metal Work: Proprietary Demountable Partitions: Proprietary Toilet Cubicle: Toilet cubicles complete with door and partition... - Ceiling hung system,item,No,1414.22,SGD,,"BCA Schedule of Rates, May 2022"
SG,XI.1.1.A,Floor Finishes: In-situ Finishes: Plain Paving: Cement and sand (1:3) paving trowelled smooth - average 25mm thick; generally,m2,m2,24.24,SGD,,"BCA Schedule of Rates, May 2022"
SG,XI.1.1.B,Floor Finishes: In-situ Finishes: Plain Paving: Cement and sand (1:3) paving trowelled smooth - average 30mm thick; generally,m2,m2,25.88,SGD,,"BCA Schedule of Rates, May 2022"
SG,XI.1.1.C,Floor Finishes: In-situ Finishes: Plain Paving: Cement and sand (1:3) paving trowelled smooth - average 38mm thick; generally,m2,m2,27.99,SGD,,"BCA Schedule of Rates, May 2022"
SG,XI.1.1.D,Floor Finishes: In-situ Finishes: Plain Paving: Cement and sand (1:3) paving trowelled smooth - average 50mm thick; generally,m2,m2,33.49,SGD,,"BCA Schedule of Rates, May 2022"
SG,XI.1.1.E,Floor Finishes: In-situ Finishes: Plain Paving: Cement and sand (1:3) paving trowelled smooth - add or deduct each 10mm thickness,m2,m2,2.69,SGD,,"BCA Schedule of Rates, May 2022"
SG,XI.1.3.A,Floor Finishes: In-situ Finishes: Hardened Paving: Cement and sand (1:3) paving trowelled smooth; including approved light duty metallic hardener... - average 25mm thick; generally,m2,m2,30.21,SGD,,"BCA Schedule of Rates, May 2022"
SG,XI.1.3.B,Floor Finishes: In-situ Finishes: Hardened Paving: Cement and sand (1:3) paving trowelled smooth; including approved light duty metallic hardener... - average 50mm thick; generally,m2,m2,35.13,SGD,,"BCA Schedule of Rates, May 2022"
SG,XI.1.3.C,Floor Finishes: In-situ Finishes: Hardened Paving: Cement and sand (1:3) paving trowelled smooth; including approved heavy duty metallic hardener... - average 25mm thick; generally,m2,m2,34.66,SGD,,"BCA Schedule of Rates, May 2022"
SG,XI.1.3.D,Floor Finishes: In-situ Finishes: Hardened Paving: Cement and sand (1:3) paving trowelled smooth; including approved heavy duty metallic hardener... - average 50mm thick; generally,m2,m2,40.4,SGD,,"BCA Schedule of Rates, May 2022"
SG,XI.2.1.A,Floor Finishes: Carpet Finishes: Labour: Supply labour and compatible adhesive for laying carpet; on smooth and levelled surface (measured separately) - carpet tile to floor; generally,m2,m2,11.59,SGD,,"BCA Schedule of Rates, May 2022"
SG,XI.2.1.B,Floor Finishes: Carpet Finishes: Labour: Supply labour and compatible adhesive for laying carpet; on smooth and levelled surface (measured separately) - broadloom carpet to floor; generally,m2,m2,13.23,SGD,,"BCA Schedule of Rates, May 2022"
SG,XI.2.1.C,Floor Finishes: Carpet Finishes: Labour: Extra over for supply and install of foam rubber underlay,m2,m2,3.51,SGD,,"BCA Schedule of Rates, May 2022"
SG,XI.3.1.A,Floor Finishes: Vinyl Finishes: Labour: Supply labour and compatible adhesive for laying vinyl tiles; on smooth and levelled surface (measured separately) - to floor; generally,m2,m2,15.93,SGD,,"BCA Schedule of Rates, May 2022"
SG,XI.9.1.A,Floor Finishes: Sundries: Dividing Strip: Supply and fix 25mm high dividing strip to edge of floor finish,m,m,11.24,SGD,,"BCA Schedule of Rates, May 2022"
SG,XI.9.1.B,Floor Finishes: Sundries: Dividing Strip: 2mm thick aluminium,m,m,18.15,SGD,,"BCA Schedule of Rates, May 2022"
SG,XII.2.1.A,Wall Finishes: Tile Finishes: Labour: Supply labour and compatible adhesive for laying ceramic / homogenous / porcelain tiles including pointing with coloured grout - to walls; generally,m2,m2,47.07,SGD,,"BCA Schedule of Rates, May 2022"
SG,XII.2.1.B,Wall Finishes: Tile Finishes: Labour: Supply labour and compatible adhesive for laying mosaic tiles including pointing with coloured grout - to walls; generally,m2,m2,59.6,SGD,,"BCA Schedule of Rates, May 2022"
SG,XII.3.1.A,Wall Finishes: Stone Finishes: Labour: Supply labour and compatible adhesive for laying granite / marble slabs including pointing with coloured grout - to walls; generally,m2,m2,89.23,SGD,,"BCA Schedule of Rates, May 2022"
SG,XII.3.1.B,Wall Finishes: Stone Finishes: Labour: Supply labour and compatible adhesive for laying granite / marble slabs including mechanical fixing and pointing with coloured grout - to walls; generally,m2,m2,210.9,SGD,,"BCA Schedule of Rates, May 2022"
SG,XII.4.1.A,"Wall Finishes: Sheet Finishes: Labour: Supply labour and compatible adhesive for fixing decorative fabric or vinyl paper including cutting border strips, corners and motifs to profile - to walls; generally",m2,m2,8.78,SGD,,"BCA Schedule of Rates, May 2022"
SG,XIII.2.2.A,Ceiling Finishes: Suspended Ceilings: Metal Framed Ceilings (Concealed Grid): Ceiling board fixed to an approved pattern on concealed type suspended system... - 15mm thick acoustic fibreboard,m2,m2,51.29,SGD,,"BCA Schedule of Rates, May 2022"
SG,XIII.2.2.B,Ceiling Finishes: Suspended Ceilings: Metal Framed Ceilings (Concealed Grid): Ceiling board fixed to an approved pattern on concealed type suspended system... - 20mm thick acoustic fibreboard,m2,m2,58.08,SGD,,"BCA Schedule of Rates, May 2022"
SG,XIII.2.2.C,Ceiling Finishes: Suspended Ceilings: Metal Framed Ceilings (Concealed Grid): Ceiling board fixed to an approved pattern on concealed type suspended system... - 9mm thick fibrous gypsum board,m2,m2,39.35,SGD,,"BCA Schedule of Rates, May 2022"
SG,XIII.2.2.D,Ceiling Finishes: Suspended Ceilings: Metal Framed Ceilings (Concealed Grid): Ceiling board fixed to an approved pattern on concealed type suspended system... - 12mm thick fibrous gypsum board,m2,m2,46.84,SGD,,"BCA Schedule of Rates, May 2022"
SG,XIII.2.2.E,Ceiling Finishes: Suspended Ceilings: Metal Framed Ceilings (Concealed Grid): Ceiling board fixed to an approved pattern on concealed type suspended system... - 9mm thick moisture resistance fibrous gypsum board,m2,m2,42.27,SGD,,"BCA Schedule of Rates, May 2022"
SG,XIII.2.2.F,Ceiling Finishes: Suspended Ceilings: Metal Framed Ceilings (Concealed Grid): Ceiling board fixed to an approved pattern on concealed type suspended system... - 12mm thick moisture resistance fibrous gypsum board,m2,m2,45.67,SGD,,"BCA Schedule of Rates, May 2022"
SG,XIII.2.2.G,Ceiling Finishes: Suspended Ceilings: Metal Framed Ceilings (Concealed Grid): Ceiling board fixed to an approved pattern on concealed type suspended system... - 9mm thick calcium silicate board,m2,m2,46.84,SGD,,"BCA Schedule of Rates, May 2022"
SG,XIII.2.2.H,Ceiling Finishes: Suspended Ceilings: Metal Framed Ceilings (Concealed Grid): Ceiling board fixed to an approved pattern on concealed type suspended system... - 13mm thick calcium silicate board,m2,m2,55.74,SGD,,"BCA Schedule of Rates, May 2022"
SG,XIII.2.2.I,Ceiling Finishes: Suspended Ceilings: Metal Framed Ceilings (Concealed Grid): Ceiling board fixed to an approved pattern on concealed type suspended system... - 9mm thick cement building board,m2,m2,54.8,SGD,,"BCA Schedule of Rates, May 2022"
SG,XIII.2.2.J,Ceiling Finishes: Suspended Ceilings: Metal Framed Ceilings (Concealed Grid): Ceiling board fixed to an approved pattern on concealed type suspended system... - Extra over for every 1.5m high,m2,m2,2.81,SGD,,"BCA Schedule of Rates, May 2022"
SG,XIII.2.3.A,Ceiling Finishes: Suspended Ceilings: Metal Ceilings: Metal panel ceiling fixed to an approved pattern... - Aluminium strip ceiling of ribs with baked enamel finish fixed to suspended carrier rails 0.60mm thick x 100mm wide module,m2,m2,101.17,SGD,,"BCA Schedule of Rates, May 2022"
SG,XIII.2.3.B,Ceiling Finishes: Suspended Ceilings: Metal Ceilings: Metal panel ceiling fixed to an approved pattern... - Steel strip ceiling of ribs with baked enamel finish fixed to suspended carrier rails 84mm wide module,m2,m2,81.5,SGD,,"BCA Schedule of Rates, May 2022"
SG,XIII.2.3.C,Ceiling Finishes: Suspended Ceilings: Metal Ceilings: Metal panel ceiling fixed to an approved pattern... - Aluminium perforated ceiling system fixed to perforated clip-in system,m2,m2,131.27,SGD,,"BCA Schedule of Rates, May 2022"
SG,XIII.2.3.D,"Ceiling Finishes: Suspended Ceilings: Metal Ceilings: Metal panel ceiling fixed to an approved pattern... - Aluminium open cell ceiling system comprising U shaped blades 9mm wide x 40mm thick and suspension system, blade at 100mm",m2,m2,128.93,SGD,,"BCA Schedule of Rates, May 2022"
SG,XIII.2.3.E,Ceiling Finishes: Suspended Ceilings: Metal Ceilings: Metal panel ceiling fixed to an approved pattern... - Aluminium plank ceiling system fixed to perforated clip-in system,m2,m2,124.59,SGD,,"BCA Schedule of Rates, May 2022"
SG,XIII.2.3.F,Ceiling Finishes: Suspended Ceilings: Metal Ceilings: Metal panel ceiling fixed to an approved pattern... - Extra over for every 1.5m high,m2,m2,3.28,SGD,,"BCA Schedule of Rates, May 2022"
SG,XIV.1.1.A,Glazing: Standard Glass: In Panes: Obscured glass fixed to metal frame (m/s) - 5mm thick,m2,m2,75.88,SGD,,"BCA Schedule of Rates, May 2022"
SG,XIV.1.1.B,Glazing: Standard Glass: In Panes: Clear float glass fixed to metal frame (m/s) - 5mm thick,m2,m2,70.14,SGD,,"BCA Schedule of Rates, May 2022"
SG,XIV.1.1.C,Glazing: Standard Glass: In Panes: Clear float glass fixed to metal frame (m/s) - 8mm thick,m2,m2,78.57,SGD,,"BCA Schedule of Rates, May 2022"
SG,XIV.1.1.D,Glazing: Standard Glass: In Panes: Clear float glass fixed to metal frame (m/s) - 10mm thick,m2,m2,121.67,SGD,,"BCA Schedule of Rates, May 2022"
SG,XIV.1.1.E,Glazing: Standard Glass: In Panes: Clear float glass fixed to metal frame (m/s) - 12mm thick,m2,m2,147.43,SGD,,"BCA Schedule of Rates, May 2022"
SG,XIV.1.1.F,Glazing: Standard Glass: In Panes: Tinted float glass fixed to metal frame (m/s) - 6mm thick,m2,m2,52.93,SGD,,"BCA Schedule of Rates, May 2022"
SG,XIV.1.1.G,Glazing: Standard Glass: In Panes: Tinted float glass fixed to metal frame (m/s) - 6mm thick,m2,m2,67.68,SGD,,"BCA Schedule of Rates, May 2022"
SG,XIV.1.1.H,Glazing: Standard Glass: In Panes: Tinted float glass fixed to metal frame (m/s) - 8mm thick,m2,m2,94.15,SGD,,"BCA Schedule of Rates, May 2022"
SG,XIV.1.1.I,Glazing: Standard Glass: In Panes: Tinted float glass fixed to metal frame (m/s) - 10mm thick,m2,m2,161.01,SGD,,"BCA Schedule of Rates, May 2022"
SG,XIV.1.1.J,Glazing: Standard Glass: In Panes: Tinted float glass fixed to metal frame (m/s) - 12mm thick,m2,m2,184.2,SGD,,"BCA Schedule of Rates, May 2022"
SG,XIV.1.1.K,Glazing: Standard Glass: In Panes: Clear laminated tempered glass in metal frame (m/s) - 12.76mm thick (6mm tempered + 0.76mm PVB + 6mm float),m2,m2,219.56,SGD,,"BCA Schedule of Rates, May 2022"
SG,XIV.1.1.L,Glazing: Standard Glass: In Panes: Clear laminated tempered glass in metal frame (m/s) - 17.9mm thick (8mm tempered + 1.9mm PVB + 8mm float),m2,m2,304.46,SGD,,"BCA Schedule of Rates, May 2022"
SG,XIV.1.1.M,Glazing: Standard Glass: In Panes: Low emittance (Low-E) clear float glass to metal frame (m/s) - 6mm thick,m2,m2,108.79,SGD,,"BCA Schedule of Rates, May 2022"
SG,XIV.1.1.N,Glazing: Standard Glass: In Panes: Low emittance (Low-E) clear float glass to metal frame (m/s) - 8mm thick,m2,m2,131.62,SGD,,"BCA Schedule of Rates, May 2022"
SG,XIV.1.1.O,Glazing: Standard Glass: In Panes: Low emittance (Low-E) clear tempered glass to metal frame (m/s) - 6mm thick,m2,m2,129.98,SGD,,"BCA Schedule of Rates, May 2022"
SG,XIV.1.1.P,Glazing: Standard Glass: In Panes: Low emittance (Low-E) clear tempered glass to metal frame (m/s) - 8mm thick,m2,m2,161.01,SGD,,"BCA Schedule of Rates, May 2022"
SG,XIV.1.1.Q,Glazing: Standard Glass: In Panes: Clear tempered glass fixed onto metal frame (m/s) - 12mm thick,m2,m2,235.49,SGD,,"BCA Schedule of Rates, May 2022"
SG,XIV.1.1.R,Glazing: Standard Glass: In Panes: Tinted wired glass fixed onto metal frame (m/s) - 6mm thick,m2,m2,173.89,SGD,,"BCA Schedule of Rates, May 2022"
SG,XIV.1.2.A,Glazing: Standard Glass: In Louvres: Obscured glass with ends fixed to metal clips - 100mm wide x 600mm long x 6mm thick,item,No,6.21,SGD,,"BCA Schedule of Rates, May 2022"
SG,XIV.1.2.B,Glazing: Standard Glass: In Louvres: Obscured glass with ends fixed to metal clips - 150mm wide x 600mm long x 6mm thick,item,No,7.73,SGD,,"BCA Schedule of Rates, May 2022"
SG,XIV.1.2.C,Glazing: Standard Glass: In Louvres: Clear float glass with ends fixed to metal clips - 100mm wide x 600mm long x 6mm thick,item,No,5.86,SGD,,"BCA Schedule of Rates, May 2022"
SG,XIV.1.2.D,Glazing: Standard Glass: In Louvres: Clear float glass with ends fixed to metal clips - 150mm wide x 600mm long x 6mm thick,item,No,6.79,SGD,,"BCA Schedule of Rates, May 2022"
SG,XIV.1.2.E,Glazing: Standard Glass: In Louvres: Tinted float glass with ends fixed to metal clips - 100mm wide x 600mm long x 6mm thick,item,No,6.09,SGD,,"BCA Schedule of Rates, May 2022"
SG,XIV.1.2.F,Glazing: Standard Glass: In Louvres: Tinted float glass with ends fixed to metal clips - 150mm wide x 600mm long x 6mm thick,item,No,7.49,SGD,,"BCA Schedule of Rates, May 2022"
SG,XIV.1.2.G,Glazing: Standard Glass: In Louvres: Tinted wired glass with ends fixed to metal clips - 100mm wide x 600mm long x 6mm thick,item,No,14.75,SGD,,"BCA Schedule of Rates, May 2022"
SG,XIV.1.2.H,Glazing: Standard Glass: In Louvres: Tinted wired glass with ends fixed to metal clips - 150mm wide x 600mm long x 6mm thick,item,No,19.91,SGD,,"BCA Schedule of Rates, May 2022"
SG,XIV.1.3.A,Glazing: Standard Glass: In Panels/Doors: Clear float toughened glass fixed to metal frame (m/s) - 6mm thick,m2,m2,112.07,SGD,,"BCA Schedule of Rates, May 2022"
SG,XIV.1.3.B,Glazing: Standard Glass: In Panels/Doors: Clear float toughened glass fixed to metal frame (m/s) - 8mm thick,m2,m2,141.57,SGD,,"BCA Schedule of Rates, May 2022"
SG,XIV.1.3.C,Glazing: Standard Glass: In Panels/Doors: Clear float toughened glass fixed to metal frame (m/s) - 10mm thick,m2,m2,172.02,SGD,,"BCA Schedule of Rates, May 2022"
SG,XIV.1.3.D,Glazing: Standard Glass: In Panels/Doors: Tinted float toughened glass fixed to metal frame (m/s) - 6mm thick,m2,m2,115.23,SGD,,"BCA Schedule of Rates, May 2022"
SG,XIV.1.3.E,Glazing: Standard Glass: In Panels/Doors: Tinted float toughened glass fixed to metal frame (m/s) - 8mm thick,m2,m2,148.25,SGD,,"BCA Schedule of Rates, May 2022"
SG,XIV.1.3.F,Glazing: Standard Glass: In Panels/Doors: Tinted float toughened glass fixed to metal frame (m/s) - 10mm thick,m2,m2,189.23,SGD,,"BCA Schedule of Rates, May 2022"
SG,XIV.1.3.G,Glazing: Standard Glass: In Panels/Doors: Low emittance (Low-E) clear float glass fixed to metal frame (m/s) - 6mm thick,m2,m2,109.37,SGD,,"BCA Schedule of Rates, May 2022"
SG,XIV.1.3.H,Glazing: Standard Glass: In Panels/Doors: Low emittance (Low-E) clear float glass fixed to metal frame (m/s) - 8mm thick,m2,m2,131.97,SGD,,"BCA Schedule of Rates, May 2022"
SG,XIV.1.3.I,Glazing: Standard Glass: In Panels/Doors: Low emittance (Low-E) clear float glass fixed to metal frame (m/s) - 10mm thick,m2,m2,164.06,SGD,,"BCA Schedule of Rates, May 2022"
SG,XIV.2.1.A,"Glazing: Special Glass: Mirrors: Frameless mirror glass with copper backing in polished pencil edge; concealed fixing, plugging and screwing to walls - 6mm thick clear mirror",m2,m2,253.76,SGD,,"BCA Schedule of Rates, May 2022"
SG,XIV.2.1.B,"Glazing: Special Glass: Mirrors: Frameless mirror glass with copper backing in polished pencil edge; concealed fixing, plugging and screwing to walls - 6mm thick tinted mirror",m2,m2,262.66,SGD,,"BCA Schedule of Rates, May 2022"
SG,XIV.2.1.C,Glazing: Special Glass: Mirrors: Beveling to straight edges including internal mitres and scallops - 8mm wide,m,m,75.88,SGD,,"BCA Schedule of Rates, May 2022"
SG,XIV.2.1.D,Glazing: Special Glass: Mirrors: Beveling to straight edges including internal mitres and scallops - 10mm wide,m,m,84.31,SGD,,"BCA Schedule of Rates, May 2022"
SG,XIV.2.1.E,Glazing: Special Glass: Mirrors: Beveling to straight edges including internal mitres and scallops - 12mm wide,m,m,95.09,SGD,,"BCA Schedule of Rates, May 2022"
SG,XIV.2.1.F,"Glazing: Special Glass: Mirrors: Aluminium framed mirror glass with copper backing; concealed fixing, plugging and screwing to walls - 6mm thick clear mirror",m2,m2,303.87,SGD,,"BCA Schedule of Rates, May 2022"
SG,XIV.2.1.G,"Glazing: Special Glass: Mirrors: Aluminium framed mirror glass with copper backing; concealed fixing, plugging and screwing to walls - 6mm thick tinted mirror",m2,m2,310.43,SGD,,"BCA Schedule of Rates, May 2022"
SG,XIV.3.A,Glazing: Shower Screen: Framed shower screen with clear tempered glass... - 8mm thick glazing,m2,m2,407.62,SGD,,"BCA Schedule of Rates, May 2022"
SG,XIV.3.B,Glazing: Shower Screen: Framed shower screen with clear tempered glass... - 10mm thick glazing,m2,m2,437.84,SGD,,"BCA Schedule of Rates, May 2022"
SG,XIV.3.C,Glazing: Shower Screen: Frameless clear tempered glass shower screen... - 10mm thick glazing,m2,m2,376.59,SGD,,"BCA Schedule of Rates, May 2022"
SG,XIV.3.D,Glazing: Shower Screen: Frameless clear tempered glass shower screen... - 12mm thick glazing,m2,m2,429.28,SGD,,"BCA Schedule of Rates, May 2022"
SG,XV.1.2.A,"Painting: Internal Painting: Timber Surfaces: Preparing, priming, applying paint on timber surfaces - two coats of aluminium wood primer",m2,m2,9.37,SGD,,"BCA Schedule of Rates, May 2022"
SG,XV.1.2.B,"Painting: Internal Painting: Timber Surfaces: Preparing, priming, applying paint on timber surfaces - two coats of wood preservative painting",m2,m2,4.45,SGD,,"BCA Schedule of Rates, May 2022"
SG,XV.1.2.C,"Painting: Internal Painting: Timber Surfaces: Preparing, priming, applying paint on timber surfaces - two coats of stain and two coats of wax polish",m2,m2,9.37,SGD,,"BCA Schedule of Rates, May 2022"
SG,XV.1.2.D,"Painting: Internal Painting: Timber Surfaces: Preparing, priming, applying paint on timber surfaces - two coats of clear varnish",m2,m2,13.47,SGD,,"BCA Schedule of Rates, May 2022"
SG,XV.1.3.A,"Painting: Internal Painting: Metal Surfaces: Preparing, priming, applying paint on metal surfaces - two coats of aluminium paint",m2,m2,5.27,SGD,,"BCA Schedule of Rates, May 2022"
SG,XV.1.3.B,"Painting: Internal Painting: Metal Surfaces: Preparing, priming, applying paint on metal surfaces - one undercoat and two finishing coats of synthetic enamel paint",m2,m2,12.88,SGD,,"BCA Schedule of Rates, May 2022"
SG,XV.1.3.C,"Painting: Internal Painting: Metal Surfaces: Preparing, priming, applying paint on metal surfaces - one coat of zinc chromate primer, one alkyd resin undercoat and two finishing coats of synthetic enamel paint",m2,m2,15.11,SGD,,"BCA Schedule of Rates, May 2022"
SG,XV.1.4.A,"Painting: Internal Painting: Weldmesh Surfaces: Preparing, priming, applying paint on metal surfaces (measured flat on one side) - two coats of aluminium paint",m2,m2,12.65,SGD,,"BCA Schedule of Rates, May 2022"
SG,XV.1.4.B,"Painting: Internal Painting: Weldmesh Surfaces: Preparing, priming, applying paint on metal surfaces (measured flat on one side) - one undercoat and two finishing coats of synthetic enamel paint",m2,m2,18.62,SGD,,"BCA Schedule of Rates, May 2022"
SG,XV.1.4.C,"Painting: Internal Painting: Weldmesh Surfaces: Preparing, priming, applying paint on metal surfaces (measured flat on one side) - one coat of zinc chromate primer, one alkyd resin undercoat and two finishing coats of synthetic enamel paint",m2,m2,19.09,SGD,,"BCA Schedule of Rates, May 2022"
SG,XV.1.9.A,Painting: Internal Painting: Fire Protection: Supply and spray vermiculite to general surfaces - 13mm thick,m2,m2,29.63,SGD,,"BCA Schedule of Rates, May 2022"
SG,XV.1.9.B,Painting: Internal Painting: Fire Protection: Supply and spray vermiculite to general surfaces - 25mm thick,m2,m2,39.46,SGD,,"BCA Schedule of Rates, May 2022"
SG,XV.1.9.C,Painting: Internal Painting: Fire Protection: Supply and spray vermiculite to general surfaces - 50mm thick,m2,m2,54.22,SGD,,"BCA Schedule of Rates, May 2022"
SG,XV.3.1.B,Painting: General: Labour: Supply labour to prepare and apply paint on - timber surface,m2,m2,1.99,SGD,,"BCA Schedule of Rates, May 2022"
SG,XV.3.1.C,Painting: General: Labour: Supply labour to prepare and apply paint on - metal surface,m2,m2,1.99,SGD,,"BCA Schedule of Rates, May 2022"
